./voice\junjun\condition2\c00_00.wav,0 days,0 days 00:00:12,26.196562,0.23165724,22.098717,25.977371,28.360683,6.2619667,362.4896,436.23785,76.5382,135.5488,0.45706138,1.2029803,0.050904576,0.1377976,0.9098277,0.85892314,11.447504,10.923684,8.066009,5.2152753,0.27649546,1.5965155,23.36507,0.7539039,7.7545176,1.5676187,13.414014,1.0471834,0.17223503,73.53703,0.022913251,1.3824962,1.3583323,0.8733323,3.9729729,1.1891627,-0.08319289,-108.891205,22.377987,0.5464627,502.28983,0.39336094,1214.5646,0.22073549,-112.86933,-0.8447462,1496.4889,0.21510857,968.9029,0.2876538,-117.1678,-0.7562351,2530.0608,0.11678414,765.87616,0.37541386,-119.74821,-0.71621704,-17.110928,-0.53751934,24.416004,0.40482643,0.054515924,0.5371821,-0.03375322,-0.44869438,0.5698655,0.87627965,37.943,0.41621792,6.152757,2.272776,18.720356,0.91713995,-6.762249,-2.0806925,-9.316932,17.819078,-0.011257538,-0.00389675,0.027947621,2.0850708,1.4237857,0.31411764,0.26599553,0.41466665,0.5175695,-27.173632,0.600000024,0,1
./voice\junjun\condition2\c00_01.wav,0 days,0 days 00:00:12,22.402515,0.2163868,18.71679,21.966963,25.395844,6.6790543,214.90048,206.38904,94.62575,90.7011,0.21590896,1.5309094,0.050914623,0.06619131,0.23673359,0.18581897,11.261287,9.033795,8.18458,8.866489,0.137506,2.0795677,17.223366,0.8539145,12.604577,0.7105776,12.339384,1.0180544,4.0754538,2.553802,0.06028965,1.9921807,1.8656081,0.76668453,2.284761,1.7351635,0.7208525,17.9867,27.386572,0.4604002,521.8341,0.3444224,1303.3522,0.18710095,-152.42776,-0.541689,1561.6317,0.20216002,958.57745,0.37576404,-156.29898,-0.48001218,2598.0188,0.122156024,799.1881,0.35172224,-157.1588,-0.46797824,-22.212915,-0.34366584,28.714159,0.28311193,0.03247414,1.266041,-0.03310574,-0.48231873,0.46601325,0.8127861,38.04911,0.3422931,14.8772545,0.8330258,21.252766,0.8206343,-1.4455881,-10.563082,-9.815149,17.397554,-0.008948554,-0.003798957,0.0202442,1.0842369,0.75503355,0.3311111,0.16161989,0.875,1.1676407,-32.172787,0.899999976,0,1
./voice\junjun\condition2\c01_00.wav,0 days,0 days 00:00:11,23.64208,0.19220448,20.76414,23.293701,26.030146,5.2660065,241.64128,212.88995,41.74157,35.629604,0.5448734,1.0502812,0.06632492,0.25231102,1.1104776,1.0441526,14.752463,9.17593,10.89493,6.822335,0.4056969,1.2939998,25.8238,0.6567403,6.385331,1.6151613,18.285942,0.88948095,2.050393,6.8600216,0.042627808,1.7632219,1.7587966,0.7181976,2.7267315,1.4728256,0.046598837,116.656364,22.899323,0.41427088,486.23547,0.36214307,1262.2288,0.19276187,-98.71941,-0.98659706,1506.9232,0.19599406,969.3094,0.37272105,-106.46998,-0.83162093,2487.6123,0.10646335,882.4741,0.40795004,-107.73814,-0.8085943,-18.372068,-0.41835773,24.854895,0.33749565,0.05055557,0.6776342,-0.032475196,-0.48464435,0.73705304,0.71123356,39.09902,0.3064677,5.05158,2.2701862,24.733212,0.6968166,-1.9539679,-7.98125,-8.084361,15.415286,-0.005749133,-0.003478957,0.031025682,3.00273,1.0978957,0.4683333,0.37569565,0.4581818,0.68584144,-25.87881,-0.800000012,0,1
./voice\junjun\condition2\c01_01.wav,0 days,0 days 00:00:11,23.080873,0.2807757,20.12222,21.446966,24.56838,4.4461613,405.40872,345.51978,132.52211,155.33539,0.4204115,1.1708184,0.06853233,0.14926495,0.794528,0.72599566,12.026556,8.418813,8.951665,5.9893155,0.30869156,1.4822427,22.313448,0.74697745,5.0763416,2.5355597,9.960505,1.6402593,2.2985058,5.906623,0.050719287,1.4367428,1.9775981,0.6571309,0.69863385,5.4748955,-0.6323967,-12.162835,19.263372,0.6205002,502.7607,0.39347613,1193.4794,0.19532703,-115.1671,-0.8319524,1510.3007,0.20926097,943.36334,0.29309237,-119.418945,-0.7426026,2511.6426,0.11675433,793.4609,0.28602096,-120.94537,-0.71878886,-15.593788,-0.65878564,22.700277,0.46514297,0.042584516,0.7874276,-0.026025238,-0.78824097,0.6458766,0.7671165,35.38007,0.43349662,2.7502763,5.1861386,18.7753,0.90923184,-2.1966505,-7.0671964,-6.9614553,16.3679,0.000707702,-0.002425897,0.03870573,2.365787,1.738335,0.24578947,0.29572952,0.4178571,0.5937794,-28.694757,0.5,0,1
./voice\junjun\condition2\c02.wav,0 days,0 days 00:00:11,24.717651,0.21957164,21.97431,23.882011,26.622702,4.6483917,278.633,51.097557,81.54923,125.4154,0.43226403,1.3803887,0.05746962,0.09403932,0.89954674,0.84207714,12.065203,6.6429567,7.937242,4.2207704,0.27148888,1.719941,19.556969,0.8542639,8.036771,1.3674706,11.4632435,1.1276054,1.2482967,10.425796,0.04595597,2.0350695,1.5549284,0.79582524,2.6798093,1.6527535,-1.1793884,-4.706296,20.494244,0.44115558,495.11426,0.41686842,1257.3411,0.21322028,-138.65517,-0.6547513,1496.7762,0.21720426,961.07733,0.32650402,-141.77046,-0.59165716,2483.811,0.118393525,738.7847,0.32904813,-142.43556,-0.58043706,-16.671228,-0.54129523,22.398216,0.38574788,0.058740765,0.49713263,-0.03409231,-0.5453985,0.7616549,0.70592993,38.494568,0.36332905,3.3840928,4.1522236,19.821024,0.76879,-5.6624155,-3.2601764,-8.070952,15.955807,-0.007745129,-0.00477674,0.031670067,1.3648772,0.9149131,0.347,0.32109344,0.9,1.0572369,-26.78735,0.200000003,0,1
./voice\junjun\condition2\c03.wav,0 days,0 days 00:00:12,23.09655,0.16913812,20.677563,22.92945,24.838236,4.160673,246.1087,369.9358,83.52483,130.58401,0.57739824,1.1221169,0.05959949,0.19574733,1.2048247,1.1452252,14.738471,8.171291,10.222338,5.2884955,0.4115404,1.3419741,25.70955,0.6485337,5.2244687,2.2613661,15.890448,0.91618145,1.2295955,10.359038,0.030113941,1.1728097,1.744029,0.7674641,2.5861018,1.4687966,0.79353154,8.408906,22.110006,0.4357095,482.68564,0.37970948,1239.8398,0.19220464,-101.82719,-0.96080536,1494.4298,0.19981728,970.9349,0.32545352,-109.44761,-0.8187559,2485.3276,0.1144179,783.4788,0.40552312,-110.80849,-0.79393566,-17.477558,-0.45073956,23.440836,0.363137,0.04985686,0.6721532,-0.03058489,-0.51058584,0.79558945,0.693217,39.35546,0.31240755,2.8944283,4.688645,21.753632,0.74454576,-3.48754,-4.2815475,-8.335793,16.300777,-0.006444089,-0.004773543,0.030854248,2.4186823,1.5088015,0.3222222,0.26711535,0.4775,0.51733494,-25.174421,0.200000003,0,1
./voice\junjun\condition2\c04.wav,0 days,0 days 00:00:11,22.74322,0.17755568,20.425205,22.513494,24.84576,4.420555,192.03061,342.67728,194.85904,468.4142,0.52318054,1.119643,0.059678696,0.18681216,1.0541352,0.9944565,10.831225,7.5365324,8.050607,5.754616,0.36167762,1.3535997,25.71373,0.69109064,8.386953,1.3881766,12.672722,1.0666407,0.002384295,5830.3765,0.039314564,1.602376,1.8316288,0.7657577,2.2930787,1.5888101,0.27583045,25.878893,23.881021,0.5367438,539.9859,0.40409344,1250.1289,0.2004536,-103.610756,-0.9344015,1557.5968,0.21277235,941.5954,0.32393423,-108.88016,-0.8246637,2598.6316,0.13237377,738.6613,0.35528615,-111.77289,-0.7780857,-18.22897,-0.5385788,24.81082,0.39246392,0.046040297,0.7748241,-0.03393836,-0.5429755,0.677551,0.7385803,38.875824,0.38084078,6.11692,2.287199,16.997368,0.91572994,-5.328318,-3.031893,-9.113644,17.55213,-0.007955176,-0.005254843,0.0322081,2.0018198,1.3723696,0.35666668,0.26289836,0.37785712,0.52481526,-25.997364,0.699999988,0,1
./voice\junjun\condition2\c05.wav,0 days,0 days 00:00:12,23.755156,0.24952829,20.419018,22.336355,26.035538,5.61652,551.3622,949.56134,84.90529,70.81247,0.3739532,1.400086,0.061142847,0.08624815,0.7249577,0.66381484,12.856039,7.9420767,9.385882,7.135043,0.23823708,1.8947035,18.56327,0.8612584,8.890634,1.0746623,13.456838,1.054038,6.023606,1.8968426,0.056819998,2.2098303,1.4582062,0.69188565,2.526395,1.477495,1.7103176,3.6648283,20.736788,0.63054156,515.84204,0.43403247,1172.0002,0.24972002,-138.16489,-0.65074664,1522.3832,0.2102019,989.9256,0.41768685,-141.04953,-0.59966254,2476.2646,0.12729877,842.4574,0.36395612,-142.56422,-0.57827044,-15.065658,-0.6446678,21.866886,0.5049907,0.04056091,0.77200043,-0.024876053,-0.49075118,0.6791198,0.84385043,35.18409,0.4855667,4.86565,2.4104185,22.211025,0.8065108,3.19581,4.559952,-8.555787,16.188776,-0.009923669,-0.005214756,0.02683136,1.5012511,1.0887773,0.28923076,0.23059991,0.71818185,1.0823864,-28.02655,0.200000003,0,1
./voice\junjun\condition2\c06.wav,0 days,0 days 00:00:13,23.569824,0.24933532,20.640038,22.770828,25.530031,4.8899937,206.29868,305.7721,136.88603,204.42946,0.6202749,1.0125759,0.059540637,0.3487104,1.2325411,1.1730005,12.668593,7.678852,9.409938,6.3563366,0.4519973,1.232928,25.266848,0.7332997,6.1682115,2.0390396,12.208284,1.2725388,0.436643,32.400856,0.05167478,2.552513,1.6730152,0.7874551,2.13572,1.8731661,-0.050911993,-183.42955,22.158587,0.5427867,511.68765,0.4493803,1200.6531,0.20804109,-93.043495,-1.0400146,1505.6761,0.22150344,952.8144,0.32238358,-99.55314,-0.9019319,2483.396,0.13297202,778.7188,0.37567446,-102.79775,-0.84304535,-16.406618,-0.5852915,24.294441,0.41800705,0.053086545,0.5759407,-0.028784366,-0.60276675,0.7825559,0.7086913,37.528053,0.41822395,5.3382087,2.3681755,15.630775,1.155513,-3.0403926,-5.3863564,-6.9085555,16.05428,-0.010040059,-0.000813974,0.05235104,2.848345,1.6228749,0.33095238,0.3050824,0.3077778,0.47802317,-24.853855,0.899999976,0,1
./voice\junjun\condition2\c07.wav,0 days,0 days 00:00:12,24.24461,0.32273093,20.421253,22.571426,25.2133,4.7920475,289.08112,283.6583,69.50612,67.71636,0.5075013,1.1193002,0.051869914,0.2555357,0.99375117,0.94188124,9.035656,4.2969537,9.579479,5.3343744,0.34944758,1.2688167,23.655128,0.8020396,6.721065,1.7473276,11.929064,1.1579099,0.31099388,40.311306,0.04067142,1.2138778,1.8165346,0.7321701,1.6351094,2.4438589,-0.5256468,-15.48271,20.215332,0.57688373,507.33176,0.36849156,1243.9526,0.19614325,-103.930305,-0.9363341,1505.3768,0.19482125,974.3649,0.33298448,-108.949356,-0.8207346,2512.6282,0.12891468,782.7285,0.35242227,-110.59704,-0.78887105,-15.978123,-0.65591425,22.468998,0.5083573,0.050122146,0.5724831,-0.030325228,-0.5755923,0.6632024,0.65471166,36.621933,0.47841668,3.5696354,3.7365417,16.293259,0.9551189,-4.276726,-3.1988661,-8.514631,17.471859,-0.009014153,-0.003007568,0.03323229,2.0850708,1.5088015,0.32277778,0.20885415,0.33588234,0.5540658,-26.821795,-0.699999988,0,1
./voice\junjun\condition2\c08.wav,0 days,0 days 00:00:13,22.41006,0.20794176,18.924137,21.647049,25.264631,6.340494,245.22522,276.85318,106.44233,181.98457,0.4329453,1.2093674,0.049573623,0.13758653,0.8292098,0.7796362,11.60268,8.568761,9.700384,6.1485653,0.31118253,1.5254681,22.978975,0.8148883,5.696479,2.0168052,11.692682,1.1871971,2.7614324,4.2626643,0.038845174,1.5309439,1.9098036,0.703843,1.6629364,2.43871,-1.7910255,-3.1546447,20.150576,0.56634367,494.5109,0.37826902,1259.9045,0.1888573,-112.68314,-0.86600184,1484.828,0.19607562,995.44653,0.33170772,-117.83296,-0.77055573,2471.52,0.12421445,829.7583,0.35942265,-120.253975,-0.7330139,-16.318771,-0.48345318,23.375586,0.34883523,0.053193893,0.56705964,-0.029669946,-0.5664538,0.6666868,0.77645165,40.02639,0.3385297,1.8720555,6.4705224,14.511582,1.1755213,-1.5532581,-9.549185,-8.24903,17.16225,-0.015257849,-0.001881284,0.017633233,2.3864512,1.1600928,0.37866664,0.34615728,0.5783333,0.7851945,-27.488737,-0.800000012,0,1
./voice\junjun\condition2\c09.wav,0 days,0 days 00:00:13,24.951405,0.29467067,20.567623,24.825726,26.427631,5.8600082,207.10417,219.59723,93.34139,61.450157,0.5006009,1.1104815,0.0550894,0.21841598,0.9941826,0.9390932,12.493259,7.230307,10.087059,7.300158,0.3908721,1.3503716,22.95543,0.8094174,7.454971,1.4593636,14.391329,1.1575173,-1.2352107,-10.515174,0.047950003,1.6835086,1.8243153,0.7408715,1.9063337,2.2926528,-1.559821,-5.26852,22.943275,0.52460146,527.0017,0.38037276,1219.5942,0.23847061,-106.41497,-0.9127802,1559.1926,0.20886074,969.50934,0.35195532,-111.20768,-0.80632937,2555.699,0.13327943,825.6212,0.35525435,-113.28385,-0.771588,-16.895056,-0.6424764,23.647675,0.47606704,0.060158245,0.51594514,-0.031039424,-0.52162886,0.76285523,0.71841884,36.38484,0.46439037,5.499294,2.2921486,21.20221,0.9006562,-5.44963,-2.7805476,-8.126645,16.220623,-0.004594351,-0.006474496,0.041226745,2.4634335,1.469451,0.32315788,0.2629199,0.35277778,0.5390301,-26.280493,0.300000012,0,1
./voice\junjun\condition2\c10_00.wav,0 days,0 days 00:00:11,24.492205,0.31730494,20.299816,23.486591,25.56933,5.269514,148.403,190.26848,52.69055,37.05204,0.3694618,1.4125962,0.051787417,0.07775765,0.7038216,0.65203416,11.135594,8.718434,8.88783,7.736962,0.24844438,1.7239112,20.669893,0.8073863,8.613051,1.1745778,13.845001,1.2340504,2.3424757,5.215864,0.039734118,1.7058651,1.7688819,0.734625,2.1356711,1.9341849,-2.6953244,-3.9512274,19.417595,0.77666247,543.23047,0.5058669,1239.1952,0.21585245,-126.06473,-0.75581765,1590.4155,0.22217698,933.42993,0.36866146,-131.20767,-0.6699546,2570.407,0.14146449,880.67346,0.47773668,-131.85179,-0.6600673,-17.055017,-0.63267213,23.66601,0.48060897,0.054432575,0.6473792,-0.03227788,-0.50512177,0.6335794,0.78403044,35.446106,0.5219178,7.29403,1.8720256,22.90943,0.97994024,-3.3334243,-4.748342,-9.670863,18.224625,-0.007559839,-0.003230998,0.015737396,1.6378527,0.9140768,0.407,0.32413116,0.66499996,0.8006653,-27.847103,0.899999976,0,1
./voice\junjun\condition2\c10_01.wav,0 days,0 days 00:00:11,22.21677,0.099742875,20.385838,22.69297,23.934702,3.5488644,89.76601,90.65014,29.91254,22.465973,0.3983589,1.1901844,0.053004608,0.10125623,0.84535205,0.79234743,13.239766,8.387686,10.476228,6.399743,0.32419217,1.4849466,22.999239,0.76009035,7.642214,1.3709818,9.903593,1.3221637,4.4876986,2.5798247,0.05047399,1.2443514,2.2102504,0.66169935,0.61803913,5.9226894,-1.5084721,-5.0699315,22.104876,0.3764848,481.08228,0.39166036,1277.3971,0.17937319,-113.79122,-0.8581751,1460.6876,0.19483571,956.2268,0.28428465,-118.824936,-0.76658607,2426.9082,0.118172094,832.96454,0.33796427,-122.19263,-0.71428174,-16.320513,-0.4259866,25.518496,0.31971148,0.04835479,0.7111939,-0.0253623,-0.62855583,0.71408486,0.7046939,39.560505,0.32961226,3.934874,2.9795086,13.33076,1.2629646,1.1249248,13.095371,-8.802743,17.29595,-0.015589546,-0.002474737,0.018363163,2.365787,0.9140768,0.473,0.29853138,0.6644444,0.95390546,-28.48216,0.899999976,0,1
./voice\junjun\condition2\c11.wav,0 days,0 days 00:00:11,24.264696,0.26269475,20.963917,24.140333,26.21369,5.249773,147.18842,91.22427,82.84677,61.962185,0.48597723,1.0869687,0.068255715,0.16264321,0.95571077,0.88745505,11.002495,6.255691,7.6390047,4.3916564,0.35231638,1.3143685,25.016098,0.7051359,9.953921,0.9913353,16.015053,0.96134377,5.3181515,2.6740067,0.046818573,1.6223121,1.7780893,0.7257208,2.3561528,1.8648396,0.25206771,55.06916,23.296244,0.53044635,557.55225,0.43700734,1229.961,0.24370503,-98.5732,-0.9643069,1589.21,0.21572436,970.6322,0.31368265,-105.38022,-0.82261866,2584.9377,0.13205075,834.3372,0.3668522,-107.23125,-0.79150975,-18.504227,-0.513493,25.914549,0.40876278,0.04527737,1.0684248,-0.028578037,-0.70146596,0.6267531,0.7842982,35.47666,0.46803856,8.389649,1.2880586,19.596117,0.8939485,0.16974868,93.84074,-10.515034,19.287672,-0.018469637,-0.002102425,0.046993673,2.365787,2.1043003,0.23826085,0.2159036,0.25578946,0.35587275,-26.525826,-0.300000012,0,1
./voice\junjun\condition2\c12.wav,0 days,0 days 00:00:12,23.904392,0.12946641,20.836727,24.73442,26.18774,5.351013,92.54624,77.50866,49.339317,133.61069,0.38353673,1.399427,0.05275458,0.06646934,0.79851484,0.74576026,13.57378,9.225534,9.6021,5.666925,0.24685961,1.7459517,20.404608,0.8106565,9.5044775,1.1280681,12.51096,0.88759214,4.3019094,2.8001568,0.046193466,1.9658103,1.5864118,0.85278577,3.1662197,1.3904276,-0.76119846,-5.933328,22.44107,0.5068838,510.4636,0.41231483,1231.6826,0.22073337,-138.50658,-0.6608646,1516.6022,0.20434469,931.07544,0.33869976,-142.22604,-0.59681004,2511.6167,0.14059448,789.36145,0.35956612,-143.63272,-0.5769982,-18.384638,-0.52973425,24.699158,0.39976215,0.06573757,0.55895776,-0.03470725,-0.5769139,0.7186904,0.6848937,40.15225,0.3505148,3.5800643,3.9595296,17.037556,0.91478664,-1.587537,-11.356591,-10.267278,18.144764,-0.008958662,-0.003803092,0.0296596,1.5012511,0.75440073,0.40888888,0.32996443,0.806,0.6502799,-27.19788,0.899999976,0,1
./voice\junjun\condition2\c13.wav,0 days,0 days 00:00:12,24.844534,0.28742507,21.098389,23.405792,26.441341,5.3429527,159.19914,204.3161,88.72679,98.479904,0.44838732,1.2793819,0.0536713,0.104160585,0.9132985,0.8596272,13.1551285,8.379061,8.831101,5.196708,0.29298338,1.5158193,22.132984,0.8308645,5.14404,2.2220798,10.919768,1.1914937,5.3455906,1.8173136,0.027029214,1.2832121,1.7057956,0.7711254,2.4734042,1.6211364,-1.9931054,-3.6235604,18.69835,0.6035425,503.44467,0.40667647,1189.8372,0.2525272,-119.88149,-0.80146426,1499.424,0.18302502,965.93915,0.30664864,-123.37356,-0.72460264,2442.0742,0.12517393,814.33875,0.32252043,-124.967224,-0.69950557,-14.381344,-0.71529144,21.980429,0.46791628,0.05573258,0.5734529,-0.025807882,-0.6421932,0.666713,0.7162262,37.23628,0.48397648,0.94600695,13.966003,15.747824,0.9877508,3.5313203,3.4567986,-8.506127,17.094362,-0.006526178,-0.004813372,0.023476906,2.3352795,1.5926237,0.2505263,0.22198799,0.47857141,0.65205014,-26.954264,-0.600000024,0,1
./voice\junjun\condition2\c14.wav,0 days,0 days 00:00:11,23.397198,0.19601399,20.285355,23.471724,25.67474,5.389385,449.73743,397.12027,82.03655,75.61763,0.4050096,1.1993346,0.06186549,0.13362831,0.7963273,0.7344618,12.34914,8.570665,9.876104,6.734246,0.3166303,1.5585392,23.469412,0.77858824,5.1763644,2.057642,8.291186,1.6195353,1.510831,7.853481,0.060927752,1.6769695,1.9636097,0.66507286,1.7585018,2.0224402,1.3020617,4.3804364,23.843578,0.39952898,493.64493,0.3650879,1268.8923,0.16639386,-113.43256,-0.85649157,1466.4122,0.19108513,988.46594,0.28679556,-118.96904,-0.7505303,2463.4536,0.12284064,811.6527,0.33915564,-121.67518,-0.707863,-17.912811,-0.42006305,26.115135,0.3308012,0.0521566,0.6396775,-0.029400071,-0.54664826,0.682175,0.8076847,40.576694,0.30388945,4.4939384,2.6808755,13.531147,1.0367339,0.33347327,46.70555,-6.653756,15.70179,-0.001674946,-0.003163697,0.023794437,2.2747953,1.1882999,0.36615384,0.23033547,0.4207143,0.44986445,-28.116741,-0.300000012,0,1
./voice\junjun\condition2\c15.wav,0 days,0 days 00:00:11,25.525145,0.32077026,20.604298,23.669334,27.075832,6.4715347,131.856,106.97442,74.72032,73.55611,0.547223,1.0022476,0.06091754,0.3482121,1.144915,1.0839975,10.838268,6.2575603,8.06021,7.0140305,0.39182612,1.2450794,25.065762,0.72981715,4.079571,3.2850611,13.630542,1.2306358,0.2919671,41.534332,0.04970759,1.920201,1.6681001,0.7268908,2.2166343,1.9171861,-1.816379,-4.4776554,19.452772,0.77986777,501.93814,0.4525871,1177.4435,0.2520813,-93.3068,-1.0422682,1483.7064,0.22615162,950.6061,0.279152,-99.365585,-0.9001021,2484.6968,0.12367629,786.0348,0.27147332,-101.55833,-0.86247724,-15.763812,-0.70417446,22.828022,0.5316373,0.05496699,0.5004375,-0.02886238,-0.6144755,0.6866876,0.70808697,36.43997,0.45890304,2.1409953,6.643033,19.300804,0.93959296,-3.0005026,-4.6169353,-7.1930017,16.537315,-0.001469071,-0.002240901,0.03738291,2.456779,1.6483517,0.3211111,0.19084284,0.2770588,0.51775265,-25.997784,-0.699999988,0,1
./voice\junjun\condition2\c16_00.wav,0 days,0 days 00:00:12,25.092892,0.19599992,22.5172,25.078493,26.397703,3.8805027,256.08347,227.84004,29.84549,45.864227,0.34280849,1.6351243,0.056509968,0.08554089,0.44203305,0.38552308,14.690967,9.681088,12.226208,10.043531,0.2769101,2.088501,17.79853,0.8302648,6.573947,1.5971707,10.932939,1.2851044,3.0029128,3.3565068,0.07028031,1.970181,1.8391896,0.7032949,2.0090497,2.2226744,-0.6691504,-23.096714,20.921848,0.7915656,501.27155,0.36892304,1219.1157,0.20231678,-147.52823,-0.58856976,1513.6475,0.1977561,931.2804,0.3560348,-150.81131,-0.5334582,2514.9492,0.1153228,750.2548,0.2714007,-151.75041,-0.5204196,-17.10741,-0.46701208,24.699911,0.32307568,0.05141223,0.58964485,-0.030518215,-0.5138316,0.9842351,0.7598724,37.553795,0.3502008,4.4648924,2.83267,19.069263,1.1012142,-4.18103,-3.0741649,-7.4080353,15.333139,-0.005564321,-0.003509917,0.016067654,1.5012511,0.83822304,0.312,0.2911975,0.85599995,0.9788176,-27.00228,0.800000012,0,1
./voice\junjun\condition2\c16_01.wav,0 days,0 days 00:00:12,22.948809,0.13757867,20.78657,22.376999,25.401512,4.6149426,152.9211,212.14087,35.263077,25.585897,0.5455298,1.1923705,0.0638085,0.15936601,1.0497206,0.98591214,16.999136,10.530689,13.365011,8.196983,0.41395736,1.4938253,24.228113,0.73433304,5.709178,1.8892742,10.146612,1.1709315,3.0215242,3.985533,0.03990616,1.833834,1.5406251,0.7639904,2.220836,1.9377468,1.0683298,9.122537,21.93608,0.33074737,442.0598,0.32934788,1252.7462,0.17478639,-109.48727,-0.8958621,1393.8286,0.16054611,965.8232,0.26919788,-114.61167,-0.7955915,2413.7227,0.08999315,788.389,0.32144496,-117.80671,-0.7452494,-16.279346,-0.37813467,24.709078,0.27974692,0.04999947,0.67063946,-0.027052693,-0.52006197,0.8497272,0.78502196,40.848,0.257493,1.2149092,8.638161,13.851996,0.9470891,0.040326986,375.22507,-7.6701245,15.070782,-0.005494009,-0.004439525,0.039063837,2.3352795,0.9220453,0.49636364,0.26592112,0.7775,1.0790128,-25.539312,-0.5,0,1
./voice\junjun\condition2\c17_00.wav,0 days,0 days 00:00:12,23.381975,0.18827018,21.200418,23.443527,25.487932,4.2875137,171.26665,269.7533,119.482735,171.82256,0.56194454,1.1924388,0.07138356,0.17360564,1.0996262,1.0282426,14.335452,9.940814,9.983506,6.6818776,0.42661086,1.4460566,22.990004,0.8070154,9.826855,1.2211976,8.078446,1.600679,-0.5871608,-21.979807,0.03305826,1.5217648,1.6506449,0.83004993,2.4872606,1.7669923,0.73280436,7.8154373,25.13644,0.35331088,465.84933,0.34439868,1272.145,0.2044826,-113.648766,-0.8523816,1416.446,0.20345613,1026.3439,0.29494882,-118.84963,-0.7540891,2468.4768,0.100449875,742.1004,0.3831324,-122.22325,-0.70204186,-18.585245,-0.43116382,26.400814,0.33801255,0.056541346,0.49824253,-0.03375143,-0.46272895,0.90187615,0.73118085,39.353127,0.32857832,7.7249255,1.7288394,12.624506,1.0709594,-6.9779873,-2.0063162,-6.959935,14.8847275,-0.001133385,-0.005782305,0.050208777,2.001668,1.4237857,0.30235294,0.24677995,0.3594444,0.48014435,-24.37184,0.300000012,0,1
./voice\junjun\condition2\c17_01.wav,0 days,0 days 00:00:12,22.66569,0.21065632,20.544046,22.309639,23.963345,3.4192982,227.28665,284.65732,51.96168,44.40415,0.42265192,1.1812716,0.06941424,0.120385565,0.8521786,0.7827643,11.656371,6.930842,10.787192,6.871171,0.32885608,1.5505062,22.911545,0.7773817,9.551063,0.9879991,8.886388,1.3267602,0.6122752,18.979681,0.048320763,1.862749,1.8883147,0.72351223,1.3728704,2.9207685,-0.17716631,-27.065264,25.073294,0.38116673,467.34943,0.3403979,1252.0586,0.1796486,-117.41145,-0.81609815,1430.287,0.19459961,981.2503,0.26794016,-122.504036,-0.72278607,2488.3145,0.1078137,814.0723,0.34951445,-126.093925,-0.6676498,-17.791645,-0.45701274,27.843838,0.33801705,0.04197199,0.7180202,-0.030740997,-0.5092605,0.7329322,0.7726785,39.38352,0.3698999,7.9558954,1.3216522,11.64315,1.3416082,-5.6815143,-2.2659333,-8.417871,15.977164,-0.004447769,-0.004128316,0.02796414,2.1684737,1.3400335,0.310625,0.2082507,0.41187498,0.5454381,-27.429878,0.100000001,0,1
./voice\junjun\condition2\c18.wav,0 days,0 days 00:00:13,23.691536,0.17220333,20.938005,23.833063,25.999763,5.061758,251.1961,322.31754,55.187477,52.867985,0.5381604,1.24032,0.06859368,0.12604268,1.1038418,1.035248,12.985631,7.677361,10.648048,7.057613,0.35410812,1.4675189,22.206326,0.78001213,8.288099,1.3974856,12.581687,1.0885769,-1.7215333,-9.735383,0.030177902,1.5926408,1.6275196,0.8391147,2.5487964,1.8564385,-1.308138,-5.382051,21.078543,0.50620705,506.70944,0.36425644,1191.4055,0.16598733,-116.23233,-0.8276353,1552.8961,0.22020477,826.6613,0.39135867,-120.71279,-0.7430787,2587.5938,0.1339619,709.8229,0.35927138,-123.13392,-0.7061038,-17.813196,-0.47055307,24.628181,0.35981065,0.05651542,0.6155328,-0.03378166,-0.5391506,0.7713689,0.7086633,37.885967,0.34086344,5.192579,2.7628024,19.461168,0.80215997,-11.306607,-1.7836733,-7.980797,15.385292,-0.003795398,-0.005942747,0.037012283,1.7705928,1.2364761,0.343125,0.30415288,0.47466666,1.1390163,-24.51776,0.600000024,0,1
./voice\junjun\condition2\c19.wav,0 days,0 days 00:00:13,23.452856,0.2116037,21.485395,23.191957,24.169243,2.6838474,138.5285,213.24803,134.79633,126.03545,0.5143365,1.1233037,0.06307223,0.15864548,1.0606306,0.99755836,13.683368,8.392896,11.75185,6.569707,0.34625092,1.361725,24.965422,0.6538443,5.6765237,2.0133886,13.247354,1.097496,1.4198381,8.376627,0.043278325,2.24317,1.8295399,0.7539107,2.375602,1.5117427,0.41131797,17.508123,21.52831,0.41866946,491.2076,0.38940665,1244.291,0.21574722,-100.09658,-0.976622,1484.6036,0.19291094,979.7081,0.36204115,-106.12933,-0.8565579,2492.712,0.106333725,776.0762,0.41391355,-108.7114,-0.81048715,-16.063437,-0.47670165,24.08824,0.32376403,0.047412287,0.6603447,-0.025317533,-0.57243913,0.65891397,0.7351219,37.54898,0.34370694,2.2823584,5.521998,19.928118,0.80408496,-3.8735363,-3.3529508,-8.551448,16.919056,-0.008726862,-0.002560809,0.020705028,2.848345,1.2364761,0.404375,0.28242186,0.5536364,0.5869222,-26.952518,0.5,0,1
./voice\junjun\condition2\c20.wav,0 days,0 days 00:00:15,26.704071,0.26936358,23.44607,26.446596,28.815712,5.3696423,584.42847,1209.7092,123.909706,116.66791,0.4593972,1.2471246,0.05538541,0.1024588,0.92323756,0.86785215,16.544552,9.150575,11.282076,6.4945164,0.40153706,1.5816685,20.582985,0.84912163,11.887732,0.89347917,6.18759,2.0717878,1.8606405,6.169824,0.05632736,1.4846025,1.9507918,0.71166205,1.2470219,4.0640626,1.2015859,7.491761,25.87567,0.5150855,529.88043,0.36062637,1287.6737,0.2127803,-127.23331,-0.7335701,1554.6879,0.19484803,988.3948,0.32884535,-130.5058,-0.66405827,2551.0537,0.13147058,942.29694,0.31896195,-132.60522,-0.62797683,-17.633928,-0.6451313,26.490713,0.49504772,0.06491777,0.44043702,-0.03465774,-0.49650395,0.9661378,0.72449535,34.656902,0.560387,11.546507,1.2056617,3.0275888,5.7385263,-3.6045537,-3.8854442,-10.493306,17.85603,-0.005728758,-0.007497159,0.04208675,2.5350235,1.4735433,0.25545454,0.20925683,0.517647,1.0553813,-26.506502,-0.200000003,0,1