./voice\shizumizu\condition4\c00.wav,0 days,0 days 00:00:13,31.136059,0.21132442,24.832512,32.268246,35.24862,10.416107,430.77988,492.40323,95.24751,80.72086,0.23994243,1.3041433,0.040181227,0.06696162,0.42199376,0.38181254,6.324582,7.8015428,4.7430754,3.1573257,0.22226276,1.9725605,22.298584,0.78467077,13.796086,0.89714813,10.02319,1.4490684,5.4631553,2.5990977,0.05351031,1.5556426,1.6988379,0.69298536,6.1376963,0.87477076,2.6793096,9.417176,29.153484,0.6238826,684.74084,0.28608504,1245.2018,0.21924952,-121.91265,-0.7182006,1787.0615,0.16485053,976.523,0.40870148,-123.44048,-0.66239876,2904.156,0.10846829,1011.667,0.29825336,-128.53831,-0.5919359,-23.889248,-0.55664396,40.830463,0.33089462,-0.007891888,-6.5979285,-0.023397887,-0.9055226,0.45467767,1.2212669,37.61986,0.33315754,15.804394,1.0080872,10.468555,1.8949444,5.879954,3.293996,-12.747755,23.58828,-0.019467644,-0.0044765673,0.021372568,2.1555042,1.7788091,0.2526087,0.22208923,0.27708334,0.3599824,-25.678078
./voice\shizumizu\condition4\c01.wav,0 days,0 days 00:00:13,29.609112,0.2163491,21.687225,31.057175,34.60558,12.918354,360.06964,523.3119,153.33673,182.69247,0.19412288,1.3284024,0.04284825,0.055274498,0.33613926,0.293291,5.5118694,4.3844805,4.6555605,3.6543508,0.15170422,1.7211547,20.926138,0.79016346,11.15628,1.2350782,11.17075,1.4177165,7.2068243,1.6821959,0.07381787,1.5179453,2.0782704,0.6363519,3.8281138,1.1457938,3.3403256,4.551629,25.826687,0.783539,661.9433,0.34036982,1240.8243,0.2253916,-126.33637,-0.6795455,1734.7805,0.15948454,974.6665,0.3369354,-125.37889,-0.66461885,2791.3804,0.119464725,1049.8105,0.3666308,-130.44447,-0.5938352,-19.456535,-0.70832366,35.81569,0.3744443,-0.004145656,-10.230659,-0.018347539,-1.1598135,0.31857148,0.9562451,35.633564,0.36361527,11.554096,1.6617076,14.023225,1.5693808,11.781585,1.223109,-12.214156,23.13334,-0.013159945,-0.0053692516,0.020445691,1.9245573,1.8561486,0.22625,0.1978807,0.31636363,0.602031,-34.36501
./voice\shizumizu\condition4\c02.wav,0 days,0 days 00:00:11,31.908768,0.21650133,29.004423,33.52733,36.068882,7.064459,446.8177,586.01117,68.45352,49.281025,0.23796883,1.132094,0.04333109,0.13376684,0.4063944,0.3630633,4.9201756,3.0464208,3.987793,2.7020876,0.17162225,1.356174,24.14302,0.73754525,13.4416065,1.0335637,9.283281,1.681814,5.613339,2.455816,0.049262755,1.6872561,1.5705664,0.71560466,7.286142,0.64637953,2.0514495,7.984959,30.24896,0.49835417,583.9537,0.35226738,1318.6757,0.16860847,-112.253174,-0.77957296,1664.159,0.14678134,1018.77466,0.26293263,-112.470604,-0.72155863,2837.2126,0.111948565,1027.8729,0.36836165,-119.46804,-0.6235896,-26.081171,-0.4801414,43.382137,0.25669065,-0.0013984558,-32.87168,-0.021283064,-0.9822123,0.30523688,0.8115956,38.14667,0.27798048,17.800661,0.91423863,11.565262,1.6800442,9.527338,1.718847,-11.16753,22.004118,-0.005593387,-0.007400504,0.018637335,2.0018198,1.5553523,0.3347059,0.3258314,0.306875,0.5356505,-29.665052
./voice\shizumizu\condition4\c03.wav,0 days,0 days 00:00:11,28.44982,0.1967978,21.667362,29.361204,32.055557,10.388195,377.2355,402.34018,79.00683,36.119488,0.13198474,1.2323073,0.040977888,0.046005186,0.22315815,0.18218026,3.5300033,2.3682191,2.816291,1.7316424,0.09984106,1.7296532,19.309858,0.8150884,14.693099,0.6880435,9.417088,1.3687611,3.561831,2.6725209,0.07352755,1.3877176,1.9787916,0.5476995,4.071535,0.9286823,3.552818,5.6322784,34.920406,0.57906836,594.43555,0.29184663,1300.3793,0.18377107,-144.98018,-0.57416844,1668.4443,0.16464657,997.20575,0.37030542,-147.60677,-0.52641934,2787.7307,0.11101723,1005.01355,0.41009912,-151.61754,-0.47255978,-24.429832,-0.4830638,40.45005,0.29883683,0.005432381,8.567438,-0.027305186,-0.68379956,0.2930085,0.66448534,39.456654,0.27977157,19.368448,0.77136487,13.52084,1.4133604,6.025334,2.0780783,-13.298279,23.836863,-0.014625402,-0.008387277,0.012573026,1.455869,1.0978957,0.2775,0.1544412,0.66999996,0.93529767,-37.048317
./voice\shizumizu\condition4\c04.wav,0 days,0 days 00:00:11,31.978958,0.25501198,28.801167,31.450882,34.77677,5.975605,744.3624,1115.312,100.030205,84.90332,0.25627512,1.6418109,0.042829834,0.047178637,0.35085392,0.30802408,6.118547,5.564586,5.0138907,5.6964445,0.21309648,2.2426536,19.38523,0.9364487,9.65882,1.497123,7.655276,1.5881174,2.672211,5.594095,0.04094481,1.5656917,1.61766,0.65737665,6.0872264,0.71977645,2.0591664,9.518327,31.67756,0.7013342,631.66943,0.3249802,1264.1328,0.28622,-133.17256,-0.6558659,1692.4844,0.1839653,991.99036,0.27309778,-131.48956,-0.6474719,2804.9932,0.13071404,1013.00867,0.33425492,-136.99828,-0.56643593,-19.120655,-0.83641344,38.377693,0.311795,0.012604736,3.9909654,-0.019199723,-1.2147595,0.5138077,1.2613001,37.970547,0.36721224,10.68599,2.0054593,8.228852,2.154187,7.5953,2.772737,-10.934953,21.867483,-0.0023556112,-0.0072134403,0.010206535,1.3648772,1.3723696,0.282,0.25025854,0.42666668,0.81860584,-27.761084
./voice\shizumizu\condition4\c05.wav,0 days,0 days 00:00:12,29.508043,0.27197537,21.698536,30.383194,35.435337,13.736801,307.99625,524.8499,116.00944,74.76655,0.15587579,1.5177315,0.039202675,0.041560154,0.22760454,0.18840186,5.340365,6.7341223,4.429716,4.680581,0.11547376,2.2116854,17.975973,0.9445129,12.312192,1.0738344,7.551243,2.0628767,4.2099113,2.6732154,0.04858306,1.5170217,1.9374601,0.59072405,3.7576106,1.3224227,3.5004544,5.2320676,34.705452,0.53871185,621.92236,0.30562526,1257.4866,0.17398603,-142.60254,-0.59265023,1696.627,0.16979454,989.1926,0.28049847,-142.45183,-0.5667517,2816.217,0.11653731,1039.626,0.37331572,-146.50632,-0.51061004,-21.428806,-0.7421605,40.35118,0.27932993,0.00471878,8.773692,-0.017881403,-1.519241,0.3234178,1.1040018,38.280945,0.3246981,14.503817,1.3961343,5.65295,4.3862514,6.024171,2.7593172,-12.319288,23.639555,-0.01831538,-0.00497796,0.01033153,1.5012511,1.3400335,0.24125,0.26525638,0.5528571,0.9307327,-33.87842
./voice\shizumizu\condition4\c06.wav,0 days,0 days 00:00:12,28.261225,0.27842414,19.383278,31.07376,35.596287,16.213009,281.6377,287.9458,78.6951,54.671154,0.22660586,1.0500165,0.04286527,0.13293892,0.4005596,0.35769433,3.412009,2.614466,2.683637,2.033584,0.16633186,1.1738524,27.652744,0.64443135,15.939774,0.8905114,9.734466,1.6625539,5.373286,2.507693,0.07090027,1.5279227,1.875452,0.687605,4.4118237,1.3998629,-1.7948967,-11.606481,29.564867,0.6298174,622.3624,0.3018286,1281.9329,0.17361939,-95.240005,-0.92932606,1708.6863,0.14622921,1059.2809,0.36234477,-102.066826,-0.7912709,2822.031,0.12033759,962.0767,0.29595837,-108.41546,-0.6941164,-26.454237,-0.4780422,43.076096,0.24790004,0.003709405,10.627747,-0.023222202,-0.83743113,0.27028295,0.71448684,40.316193,0.25604975,18.35874,0.92384374,10.263305,1.9772918,8.768237,1.7861133,-13.396628,24.03544,-0.0023333717,-0.0077981916,0.016231395,1.7514596,1.4237857,0.40764704,0.54092,0.2735294,0.3536688,-33.334423
./voice\shizumizu\condition4\c07.wav,0 days,0 days 00:00:11,31.84557,0.20022519,28.939362,32.92927,35.764698,6.8253365,291.60666,270.5996,255.02753,373.42474,0.21000625,1.5242823,0.038654074,0.04239733,0.36212397,0.32346988,5.8984857,4.7481294,3.900278,2.5052779,0.16818577,2.3460207,19.08205,0.85629904,9.950281,1.2024162,6.1856856,2.6230705,3.0701454,4.44342,0.04311887,1.7509204,1.6876496,0.7435828,5.8549814,0.904829,-8.208815,-3.0695536,17.015947,1.5861623,661.1311,0.29378942,1271.5093,0.21025638,-140.89339,-0.6009812,1662.4066,0.14770809,946.68,0.3426152,-140.42123,-0.58496374,2787.8796,0.12831914,963.1715,0.44048178,-145.2411,-0.51858205,-17.191729,-0.7160477,35.673393,0.35603034,0.017095795,2.5175948,-0.023361962,-0.9967798,0.46340567,1.2044519,38.00688,0.35047242,4.7649374,3.606587,2.3741825,10.696527,2.6132512,7.9355426,-13.09264,24.146338,-0.01545523,-0.0069639534,0.017099172,1.8198363,1.463861,0.2225,0.23570374,0.436875,0.8350203,-29.051321
./voice\shizumizu\condition4\c08.wav,0 days,0 days 00:00:13,32.514732,0.1604566,31.73858,33.112347,35.672806,3.934225,736.0246,654.9118,93.55076,70.62775,0.38071325,1.0012425,0.042047113,0.24130638,0.7413255,0.69927835,5.645133,4.933905,4.2105722,2.979409,0.295031,1.361756,29.405443,0.636675,10.82113,1.2451389,6.4308815,2.7050195,4.749684,3.3326068,0.040225852,2.026603,1.332114,0.72302234,7.961856,0.5333444,-4.058917,-3.371671,25.829655,0.5537045,684.58,0.31633943,1300.6866,0.17530078,-94.99616,-0.92758083,1658.1324,0.14415914,1022.7312,0.3291153,-95.341866,-0.8701669,2887.5676,0.10738136,965.7708,0.33103943,-106.65671,-0.69005173,-19.519852,-0.6375716,41.698658,0.2643389,-0.0017496106,-25.580042,-0.017912999,-1.238392,0.46828735,0.91048324,42.144028,0.24703667,9.649465,1.6047454,4.6334677,4.521934,4.946635,3.743183,-11.924361,23.561619,-0.013357425,-0.0057217325,0.014160688,2.3864512,1.2374324,0.48499998,0.5467632,0.34357142,0.4027336,-27.424593
./voice\shizumizu\condition4\c09.wav,0 days,0 days 00:00:11,28.96815,0.3211241,18.803255,31.75795,34.541294,15.738039,528.75116,616.096,110.29927,69.7674,0.21793856,1.4370093,0.04144884,0.054011304,0.32588047,0.28443164,5.783608,4.6079392,3.5828886,2.738144,0.20185101,1.8810953,24.607195,0.6502114,16.777147,0.62066054,7.4451256,2.2184591,2.0487454,7.0471663,0.063962564,1.5277201,1.8406662,0.5941476,4.8776116,1.035138,-3.3035917,-7.4221625,29.222292,0.67812663,677.289,0.2913324,1295.012,0.16621107,-123.061935,-0.7155279,1739.0541,0.1613697,988.8719,0.34364477,-126.31611,-0.63608545,2901.3557,0.082673475,888.76355,0.28023645,-132.07726,-0.55726177,-25.090746,-0.46192423,43.740196,0.25691342,-0.000665478,-80.97782,-0.030079946,-0.6806519,0.43165156,1.0968099,38.972897,0.3227303,19.870329,0.6327113,7.724232,3.056511,-0.579053,-34.088757,-14.436484,25.236835,-0.01763755,-0.007146927,0.01463201,1.455869,1.5610653,0.2817647,0.32007784,0.38266665,0.6106114,-29.446457
./voice\shizumizu\condition4\c10.wav,0 days,0 days 00:00:11,32.711674,0.2131626,29.859987,34.294773,35.933437,6.07345,572.2543,645.4625,90.340004,72.28502,0.34089828,1.4953959,0.037894588,0.045352492,0.6137538,0.5758592,4.3067684,3.6872277,4.4935384,4.3240085,0.31846777,1.8356527,22.919907,0.77063566,12.367177,1.1134431,4.309591,4.223801,4.704922,2.5995414,0.046457704,1.6469498,1.5552508,0.7395215,6.9097466,0.7829078,-2.4974413,-7.3737826,26.921566,0.7474219,626.1055,0.3332487,1330.9138,0.19476502,-130.98851,-0.66575885,1620.2695,0.15338178,1114.3071,0.3106447,-129.36931,-0.6420864,2814.0068,0.1327423,963.8662,0.28071326,-136.25945,-0.5501629,-21.332705,-0.779651,45.82529,0.249059,0.005584837,8.389156,-0.014306063,-1.3589338,0.7440241,0.9523449,40.96498,0.288302,11.456209,1.7791052,0.5427206,48.825832,4.5114365,3.9093928,-13.171019,24.76145,-0.020876037,-0.0037713295,0.010642441,1.1828935,1.2820513,0.31928572,0.31844407,0.41066664,0.38226458,-24.799711
./voice\shizumizu\condition4\c11.wav,0 days,0 days 00:00:13,34.28421,0.199353,31.379139,33.44012,36.37787,4.9987297,785.64154,898.41956,89.196434,67.64818,0.23850846,1.5442946,0.03945031,0.044493597,0.40489793,0.3654476,5.369271,5.138866,4.617565,3.9608243,0.16018958,1.8982154,19.365175,0.8253548,9.819501,1.3517501,7.827558,1.9746392,3.3563483,3.3753593,0.048034884,1.7360612,1.5642622,0.7423321,7.280768,0.58175594,-5.735301,-2.570726,16.596685,1.3058386,597.94415,0.34086785,1273.6769,0.16572988,-142.1803,-0.59643656,1656.5596,0.16498068,996.79913,0.31502813,-136.47414,-0.6150065,2689.3728,0.13874882,962.8799,0.3150201,-139.7594,-0.57000417,-17.301962,-0.7831768,36.039955,0.373638,0.022712374,2.305858,-0.024884308,-0.9678025,0.42200136,0.9104274,37.25828,0.30143902,5.0641074,3.8607624,6.5725474,3.6517353,3.826928,4.4873667,-12.387202,23.74724,-0.015342709,-0.004929231,0.0104484735,1.6166282,1.3921114,0.2511111,0.17819741,0.47294116,0.59458107,-27.982376
./voice\shizumizu\condition4\c12.wav,0 days,0 days 00:00:14,34.542526,0.22531006,30.43141,35.054806,38.92768,8.496271,939.31354,1073.1321,74.838486,77.19473,0.25400567,1.4778982,0.040431164,0.060782462,0.43938792,0.39895675,6.7681026,5.5098624,4.811493,3.934277,0.16949485,1.9464796,20.529123,0.8074888,12.086454,1.1626993,2.6116471,7.7074656,-0.08097909,-206.40872,0.04053354,1.7136692,1.5040315,0.8000401,7.657504,0.6670989,4.444169,4.5607185,29.09454,0.75718004,626.8025,0.34144753,1293.5881,0.16696979,-131.8287,-0.6710038,1636.5446,0.15701547,1005.6021,0.29205433,-127.808136,-0.6590085,2833.0037,0.12201515,950.93634,0.32268503,-133.67886,-0.5764191,-20.248873,-0.68251467,40.37501,0.34494868,0.014464864,4.116536,-0.023516877,-0.8727654,0.38538387,1.0901604,36.230717,0.35024995,11.538985,1.7203417,-3.5940828,-7.887833,-2.2027378,-10.782713,-12.580807,23.495474,-0.0061799707,-0.0073824525,0.012285344,1.4295926,1.3659238,0.29947367,0.25409228,0.4094737,0.7646428,-29.125969
./voice\shizumizu\condition4\c13.wav,0 days,0 days 00:00:11,31.218126,0.15790977,30.243599,31.888477,35.132526,4.8889275,484.99716,377.19687,73.828674,51.723667,0.18780068,1.3564285,0.041506074,0.043544654,0.36279178,0.3212857,4.6905103,3.4308407,3.0203588,1.8355707,0.11101626,1.5827829,19.418867,0.99148726,11.473251,0.7957799,5.9715905,2.2535338,3.373661,3.2348783,0.04490593,1.9363387,1.4717828,0.76470524,6.991129,0.7358085,-2.3035398,-4.6777635,30.147566,0.49320737,640.00104,0.29933238,1368.1547,0.14520042,-141.0974,-0.5936073,1621.5767,0.15977366,1083.7319,0.34135333,-141.37146,-0.5700994,2840.5432,0.1330562,1017.59753,0.2721727,-148.1877,-0.47852093,-21.445753,-0.56671524,44.99229,0.2337255,0.0044192346,10.670369,-0.017336113,-1.010559,0.3050201,0.56847197,43.452995,0.27070633,13.998783,0.99215806,2.4369369,8.842087,10.066839,1.4669359,-11.310863,22.14078,0.002640344,-0.006532466,0.0075192587,1.455869,0.82417583,0.4133333,0.46147108,0.87,1.3492405,-31.804712
./voice\shizumizu\condition4\c14.wav,0 days,0 days 00:00:11,29.555727,0.26350117,20.885246,32.82353,35.765274,14.880028,350.20126,334.92566,139.43275,184.37245,0.2082207,1.2704284,0.04018598,0.05474545,0.39642584,0.35623986,6.2700815,6.136355,4.0301604,2.9223642,0.16792129,1.7849998,21.686375,0.8622627,12.517866,1.0274589,6.990668,2.2391682,5.468148,2.3363495,0.064934075,1.8183342,1.7864336,0.81655824,4.48658,1.5098242,-3.9217956,-5.5062084,27.111366,0.6681198,690.0942,0.29832402,1297.8022,0.21641134,-128.34717,-0.6518973,1719.3909,0.18326193,1004.9637,0.3534124,-128.71371,-0.6246614,2884.6375,0.1248269,988.94586,0.28715792,-135.15205,-0.53970206,-21.058922,-0.6506176,42.333965,0.2767679,-0.009810823,-4.204931,-0.013969143,-1.5975865,0.36863938,1.0109477,39.075752,0.34875792,13.806044,1.3028697,5.105778,4.3091817,8.406795,1.9816954,-13.191781,24.357685,-0.01300233,-0.0053525013,0.017110396,1.2738854,1.736746,0.23947369,0.26514092,0.3288889,0.45141613,-32.227894
./voice\shizumizu\condition4\c15.wav,0 days,0 days 00:00:11,33.060825,0.16321391,30.523117,34.01277,36.7297,6.206581,188.62816,194.92137,95.44581,84.73892,0.33512077,1.0513244,0.039665364,0.18073328,0.67030823,0.6306429,7.3228564,4.542198,4.1874824,2.932363,0.2487845,1.2503643,26.954077,0.74304897,11.444879,1.0734326,5.4450154,3.0571349,5.311712,2.9006777,0.04187401,2.351134,1.2562388,0.8572499,8.490033,0.61394244,2.5667934,6.7559323,30.595114,0.56429064,672.177,0.32401025,1319.5355,0.20219623,-108.63167,-0.80577785,1675.9425,0.18131159,1033.144,0.29887763,-109.39277,-0.7467165,2868.863,0.13189548,999.108,0.30933225,-118.83405,-0.6167018,-21.710611,-0.55128217,43.63678,0.3145699,0.009600745,4.366174,-0.020449055,-0.8651254,0.43523836,0.71229607,42.256718,0.30770144,12.794011,1.1963799,4.38829,4.8044424,6.566462,2.7860262,-11.976767,23.731794,-0.003585503,-0.0042798817,0.021332132,1.9108281,1.463861,0.365625,0.2390337,0.33857143,0.6970535,-27.259367
./voice\shizumizu\condition4\c16.wav,0 days,0 days 00:00:12,30.4634,0.20887826,23.745647,32.542767,34.463013,10.717365,229.54694,116.771866,96.230446,71.981346,0.20500709,1.216344,0.047361024,0.06334563,0.35515916,0.30779815,5.284916,5.8643246,2.8203158,2.1802652,0.12295155,2.26764,22.677593,0.76773363,11.791294,1.0041906,5.369739,2.4613159,8.652889,1.2972167,0.045630265,1.8372083,1.1693118,0.8948617,7.3424115,0.7215433,-1.0463712,-21.5636,26.87586,0.779453,667.9539,0.31736347,1392.0402,0.17339669,-131.50488,-0.6556656,1660.1989,0.18474118,1126.2124,0.29096445,-130.93712,-0.6235837,2834.4453,0.12571235,958.38745,0.33394623,-136.93376,-0.54308015,-22.385551,-0.55304366,43.189095,0.2496662,0.0008063367,53.4459,-0.021176623,-0.86730677,0.2803588,1.364232,40.37636,0.28765213,15.375061,0.9655624,3.045269,6.050897,6.7926226,2.0410805,-10.991291,21.89331,-0.020739475,0.00038936595,0.0118827475,1.5012511,1.2573345,0.318,0.26678827,0.48499998,0.57801074,-32.697723
./voice\shizumizu\condition4\c17.wav,0 days,0 days 00:00:11,26.566519,0.30214626,16.36614,30.454206,33.964237,17.598097,247.93312,177.65092,276.88318,560.03937,0.14747271,1.3913631,0.0437425,0.05949523,0.17516433,0.13142183,4.3861275,3.7537775,2.397553,2.0321908,0.08500866,1.9615763,17.863974,0.7203303,11.32449,0.7408399,6.540554,1.3178815,9.7343025,0.6958419,0.052745692,1.713562,1.4968145,0.78625345,4.0746126,1.6649778,-4.1046586,-4.9926667,25.894508,0.8917283,737.3822,0.27298743,1347.4366,0.16736595,-156.84949,-0.47334576,1731.8326,0.13646184,1073.969,0.26400965,-157.28275,-0.45041633,2901.0361,0.11190653,966.7333,0.30891034,-160.46805,-0.4084684,-22.586582,-0.45656982,37.31957,0.3301992,-0.0018932566,-21.93582,-0.01847721,-0.86193186,0.284167,0.7957698,35.700665,0.30603242,13.495914,0.8622816,5.9014707,2.1816032,11.007234,0.79238015,-11.512075,22.130825,-0.020676112,3.1051753e-05,0.015775431,1.455869,1.3736264,0.17733333,0.17445023,0.56214285,0.86020905,-33.33307
./voice\shizumizu\condition4\c18_00.wav,0 days,0 days 00:00:11,33.867138,0.12687418,31.94368,33.15214,36.003723,4.0600433,174.78398,191.65785,53.548813,81.937325,0.26468578,1.2702092,0.05578322,0.07283456,0.5103234,0.4545402,5.326214,5.775097,1.9786402,1.9479285,0.16189276,2.2707112,21.835918,0.66002864,9.749281,1.3000418,7.065637,1.3289435,12.856509,0.6302023,0.036339052,2.0009708,1.0787816,0.8590575,8.360541,0.6431438,-1.305727,-6.5411963,24.753767,0.56574476,788.0594,0.26912186,1301.5981,0.19158411,-135.9084,-0.61643153,1830.6621,0.14823805,1123.0715,0.33316,-134.68307,-0.601668,2976.4534,0.12015295,1062.9926,0.38604864,-139.7185,-0.5363846,-22.946768,-0.5467006,38.646885,0.3891079,0.0036042724,8.713795,-0.019295515,-0.90270394,0.3872538,1.3125606,37.687016,0.24649487,11.705095,1.5036448,6.9526463,1.7364713,11.378714,0.92356116,-10.046902,20.098326,-0.02637635,0.005191463,0.01555198,0.81892633,0.5499542,0.7083333,0.631306,1.0816666,0.6925897,-27.666533
./voice\shizumizu\condition4\c18_01.wav,0 days,0 days 00:00:11,28.24869,0.24294615,21.344112,30.393347,33.202538,11.858425,368.93616,410.4103,174.11678,207.60239,0.21662356,1.0113746,0.047047146,0.11018058,0.39419383,0.3471467,3.7960997,3.6804376,2.287697,1.6302311,0.121934175,1.5608919,25.282894,0.6534953,11.749174,1.0008323,3.29318,3.6961052,10.466149,0.8971906,0.05100313,1.5703084,1.428999,0.75769466,5.282727,1.0028193,1.8932207,9.178315,31.497538,0.60913044,715.70984,0.2581306,1353.5238,0.16711861,-118.51984,-0.75898015,1712.0657,0.15127294,1077.5166,0.3085514,-121.00656,-0.69856155,2900.1477,0.13489799,1039.8324,0.34111547,-127.34873,-0.6087931,-21.031763,-0.56051993,40.37734,0.27238703,0.01237963,2.34907,-0.022218771,-0.75665015,0.24026436,0.9430115,40.26212,0.28263393,13.092232,1.1030395,0.37054962,39.560665,11.689113,1.0010929,-11.260024,22.0111,-0.014550288,-0.0013795894,0.02207291,2.0928116,1.4625229,0.305,0.31628704,0.3347059,0.42618853,-34.489002
./voice\shizumizu\condition4\c19.wav,0 days,0 days 00:00:12,27.685644,0.24000834,21.076395,26.444252,33.148624,12.072229,223.60808,186.20477,119.35473,116.492584,0.12392482,1.1253742,0.04834076,0.066606484,0.14482471,0.09648395,2.0898945,1.555226,1.3045269,0.8722633,0.06621465,2.259896,17.56125,0.71588475,11.767544,0.8701859,5.9406548,1.8332462,10.764377,0.8534918,0.055970706,1.6186974,1.6390749,0.8602029,5.0933495,1.1062908,9.629315,2.2809608,34.4107,0.42574528,678.35834,0.32429853,1358.5736,0.16145632,-162.172,-0.44963083,1691.9214,0.15880649,1107.2694,0.27554587,-161.36865,-0.4351431,2914.3416,0.104767375,941.41693,0.26989272,-164.81639,-0.38598797,-24.21875,-0.49627128,44.406143,0.2611162,-0.018669697,-2.4757946,-0.014393847,-1.1724309,0.23365656,1.0173205,36.881504,0.30959633,18.538218,0.7363873,5.535399,3.3546839,11.513771,1.2492371,-10.642043,20.939528,-0.020535123,0.0024331613,0.014922244,1.1676397,1.0887773,0.20692308,0.27249232,0.64285713,0.7277797,-33.890804
./voice\shizumizu\condition4\c20.wav,0 days,0 days 00:00:12,35.232304,0.1194589,34.826748,36.312584,37.62402,2.7972717,156.54364,105.212776,59.735874,36.465115,0.43173468,0.8657983,0.0579609,0.34419492,0.75081617,0.69285524,5.9160395,5.2973766,2.9826593,2.548846,0.17074096,1.1926341,31.581993,0.5152676,9.262067,1.3377601,0.0257678,632.80585,5.6099524,1.8440244,0.03166848,2.3689334,0.87582964,1.0767388,10.541042,0.4606863,0.094158836,145.75621,26.762146,0.5064337,750.05835,0.26858267,1387.8905,0.17889431,-89.437645,-0.9772189,1733.5286,0.17072427,1097.5955,0.302948,-88.619286,-0.9105131,2895.7163,0.12323306,1134.9568,0.40375692,-99.401436,-0.7300277,-21.154964,-0.5953641,43.049706,0.19920567,0.024593629,1.3931959,-0.014733187,-0.89390486,0.25285536,0.82251096,41.685276,0.2179082,8.732004,1.6657599,-2.7813656,-6.788688,3.6152925,2.9085536,-10.912677,22.07203,-0.012694225,-7.685551e-05,0.011979359,1.5012511,0.75440073,0.8655555,0.5886918,0.44,0.4383048,-26.731825
./voice\shizumizu\condition4\c21.wav,0 days,0 days 00:00:12,30.43612,0.2568056,20.736092,34.12755,36.263775,15.527683,326.98203,142.83226,73.580444,44.70944,0.17121693,1.3277968,0.040356155,0.050315242,0.30862457,0.2682684,5.5241685,6.3988357,3.3723454,5.1306934,0.083633564,1.9567991,20.016424,0.7550234,11.745837,0.75027114,3.8393307,2.80123,6.4259024,1.1339868,0.038214825,2.3242192,1.2001228,0.9181918,7.3937984,0.9446616,-2.368468,-5.383142,30.7087,0.4261122,736.9015,0.2670711,1443.2408,0.21208033,-151.41756,-0.51730436,1687.7153,0.1430113,1094.5958,0.26013082,-150.88676,-0.5009886,2925.169,0.10778517,1080.8098,0.31873694,-156.36908,-0.42843056,-22.206287,-0.44186333,42.827686,0.2435936,0.007806617,5.8305554,-0.015036223,-0.87060773,0.24995755,0.8769402,40.028496,0.26870638,12.797436,0.8892858,0.002141156,7256.896,7.656065,1.3481742,-12.294856,23.350182,-0.01256773,-0.0027689538,0.012193331,1.5012511,1.1754827,0.24857143,0.2721044,0.6775,1.2113224,-32.793472
./voice\shizumizu\condition4\c22.wav,0 days,0 days 00:00:11,31.067635,0.18693386,25.924965,32.89431,34.883728,8.958763,545.7006,700.92035,377.2322,663.4243,0.21622147,1.0217029,0.05289664,0.11173785,0.38984472,0.33694807,1.9201392,1.3294835,1.7245724,1.1292611,0.09592855,1.5170387,23.351574,0.59353405,16.172014,0.6367013,2.476915,4.970039,5.0036664,2.5955122,0.037612937,1.9571427,1.1379408,0.9837608,8.274407,0.66760576,0.86248964,17.11232,28.925299,0.43430126,670.716,0.36476243,1418.6636,0.1762421,-128.48267,-0.66247475,1680.6765,0.14922619,1166.6997,0.22902617,-128.71509,-0.6188235,2883.8958,0.11952865,1075.3665,0.34993324,-134.58359,-0.5421609,-24.76946,-0.46430105,42.899414,0.26963347,0.0020309414,18.154745,-0.016443241,-0.6072271,0.19877027,0.86384636,35.5313,0.2950988,20.377207,0.58936244,6.625567,2.3454938,10.692095,1.1670121,-11.83686,21.64833,0.0037213562,-0.012417295,0.016442753,0.9099181,1.0054845,0.42090908,0.34736553,0.505,0.63823324,-30.037577
./voice\shizumizu\condition4\c23.wav,0 days,0 days 00:00:11,31.93785,0.16666117,30.802742,33.142513,35.825325,5.022583,354.3051,454.2284,66.12168,48.7242,0.35535735,0.9922776,0.06337833,0.19578147,0.6540785,0.59070015,7.306032,6.2754436,4.4993753,3.2614503,0.2160485,1.485162,28.842861,0.552919,9.783605,1.1454412,-3.0038636,-5.535752,6.1280107,1.9819261,0.04002896,2.039103,1.2002301,0.85587704,7.5182767,0.7407863,-3.3563066,-4.728476,25.08266,0.63986844,700.2321,0.2978677,1392.0422,0.14385656,-100.55153,-0.8828591,1636.5,0.16808282,1114.6897,0.25093994,-100.8604,-0.82856417,2858.79,0.1459952,1040.9739,0.42904726,-110.92605,-0.6747737,-18.280193,-0.5662518,40.549454,0.25156367,0.011432526,3.5153103,-0.015514972,-0.873584,0.35742825,1.0067065,40.34013,0.24192414,9.460994,1.3473184,-7.341024,-2.6577878,4.9174013,2.8908367,-10.308138,19.901764,-0.011096559,-0.0022274405,0.023556318,2.0928116,1.3736264,0.4133333,0.5190076,0.29333332,0.48606807,-28.042034
./voice\shizumizu\condition4\c24.wav,0 days,0 days 00:00:13,29.432898,0.23651181,25.136696,30.616201,34.412525,9.275829,749.02826,1397.6235,361.8009,723.68164,0.28112826,1.5275534,0.06269677,0.079431914,0.45044443,0.38774765,9.879302,8.722466,7.7005615,7.4689684,0.18167642,2.3789086,18.295555,0.8582962,13.869588,0.8166701,2.0371404,6.08387,5.8760123,1.9940091,0.029326253,1.6739432,1.2451166,0.8750374,5.493194,1.1145846,2.8848329,4.629689,27.595423,0.49229547,686.7158,0.35861352,1305.2087,0.21262231,-150.69148,-0.5313277,1686.4813,0.19003811,1077.5118,0.2840958,-150.03296,-0.508995,2804.7812,0.14080548,972.0109,0.41531643,-153.17342,-0.46288678,-19.464575,-0.66253155,37.23819,0.39792117,0.010639921,4.4111075,-0.017077519,-1.1536916,0.53777796,1.2030004,33.802544,0.5222812,17.353653,0.8654507,2.9059634,6.312317,7.7767286,1.8286417,-10.168891,18.92639,-0.004224652,-0.0050614057,0.025263757,1.308699,1.1609907,0.25399998,0.25793537,0.67692304,0.7581494,-28.198002
