./voice\morry_bk\condition3\c00_00.wav,0 days,0 days 00:00:11,30.262354,0.4253268,22.881302,25.003756,41.88436,19.00306,1176.6346,1565.8103,155.40204,136.30862,0.6330773,1.0355222,0.07995854,0.33064952,1.2424476,1.162489,17.058859,11.235102,12.981374,9.281738,0.5032795,1.3098896,15.824088,1.4907084,6.5131884,2.3655543,17.179995,1.6756358,-5.72602,-3.1765234,0.035529558,1.3529489,1.8328692,0.6665372,1.7505212,2.897356,0.19471398,75.281815,17.770628,1.283692,618.3386,0.5238981,1105.6267,0.27303594,-103.96146,-0.90577734,1725.3525,0.21811119,821.9054,0.53245294,-105.274536,-0.833087,2794.5222,0.12645702,998.4889,0.46563116,-104.48684,-0.8366522,-9.871916,-1.7764452,19.498707,1.0075089,0.018802593,2.0545778,-0.026455289,-0.9356128,0.7946575,0.83206296,23.759142,1.1023782,10.265423,1.6604897,27.398907,1.259821,-10.836705,-1.9230994,-4.284816,14.482569,-0.008800699,-0.0010538563,0.16209972,2.7297544,2.0128088,0.2581818,0.21943389,0.25157893,0.52719975,-26.448326
./voice\morry_bk\condition3\c00_01.wav,0 days,0 days 00:00:11,29.328281,0.46870652,20.703957,22.893663,40.14996,19.446003,831.1848,911.929,208.68105,217.8143,0.5643514,1.1689347,0.07279374,0.30189046,0.889485,0.8166913,17.036652,15.812049,10.622454,10.397143,0.5216877,1.2406473,16.486479,1.7055819,12.435143,1.1731527,16.105364,1.4822333,-2.2580435,-8.727164,0.052369755,1.4109515,2.0493171,0.55062133,0.23216783,20.077013,1.4215965,8.565826,19.68242,1.3952289,676.4345,0.5526398,1176.3806,0.2582572,-80.00722,-1.0778947,1748.7202,0.2451399,975.10345,0.37317505,-80.695724,-0.99473214,2825.334,0.13261414,948.5405,0.44748086,-80.96404,-0.98600554,-11.710694,-1.8947587,22.807873,1.0690095,-0.007871319,-5.497678,-0.019374346,-1.1830564,0.6756425,0.9957565,21.091354,1.4836501,14.621588,1.0129066,20.200186,1.2991102,-3.6538439,-5.81162,-5.1400595,14.883764,-0.012144686,-0.0022478497,0.20492244,3.1847134,2.927722,0.2225,0.23590252,0.10827586,0.08638602,-27.61654
./voice\morry_bk\condition3\c01.wav,0 days,0 days 00:00:13,27.732418,0.41531265,20.959257,23.457973,28.317656,7.3583984,388.52704,285.1463,124.44869,108.7353,0.49956965,1.3133081,0.08041368,0.16783108,0.83325493,0.75284123,13.371805,10.988941,8.237042,6.371915,0.383645,1.4927526,19.568266,1.1209971,6.172426,2.1180012,10.515026,1.9189817,-2.566184,-7.6630583,0.055153612,1.7769912,1.9727693,0.6520767,1.1515999,4.1838646,1.4099137,9.922211,21.319088,1.0124379,631.78754,0.5610294,1208.2043,0.26131943,-97.04046,-0.9544692,1662.943,0.25129873,988.07733,0.37501457,-100.97968,-0.85854137,2748.7778,0.13166419,908.7241,0.4655076,-103.4508,-0.8177974,-14.328849,-1.3142582,24.744463,0.7679337,0.0047083255,9.44464,-0.028024847,-0.9847786,0.65685266,0.97540027,27.068228,0.956549,10.807584,1.3685985,15.970133,1.5320407,-9.417416,-2.4179068,-6.999982,17.522076,-0.014924306,0.0019211249,0.040000718,2.1555042,1.8547142,0.29166666,0.26310116,0.23521739,0.31611598,-27.07995
./voice\morry_bk\condition3\c02.wav,0 days,0 days 00:00:11,30.407797,0.4249246,22.105103,24.698318,43.533154,21.428051,563.7685,705.5362,247.42598,343.57855,0.677006,1.0156492,0.07863246,0.42828333,1.244021,1.1653886,20.603811,16.898079,10.027487,7.820277,0.58662736,1.0481588,20.859703,1.3103263,12.360447,1.2394706,13.578278,1.5065974,-2.862632,-6.745373,0.053344194,1.8308328,1.7723237,0.67206323,1.1304821,4.528888,0.16646883,92.024956,23.41525,1.1872861,656.3429,0.5137775,1183.9484,0.28813797,-71.22589,-1.1918411,1737.8102,0.23497207,982.1255,0.3377308,-74.31517,-1.0458188,2818.7656,0.13058779,956.486,0.3614094,-76.00174,-1.0069383,-14.776054,-1.5025072,25.459002,0.9071382,0.01276777,3.3035662,-0.025742989,-1.0861418,0.78856564,0.7731883,24.612974,1.2404724,15.765868,1.0264429,16.168772,1.4026595,-6.183345,-3.2297323,-8.127709,18.303854,-0.015171862,0.00020616791,0.09137665,3.366697,2.1957915,0.32041666,0.3057842,0.13190477,0.1415768,-25.499249
./voice\morry_bk\condition3\c03.wav,0 days,0 days 00:00:12,30.417322,0.37859568,22.693398,25.889338,32.16219,9.468792,438.22818,525.0941,83.07063,89.05996,0.55593985,1.1792917,0.07789941,0.298582,0.91916746,0.84126806,12.348564,10.519993,6.794922,5.8394327,0.41643178,1.2949107,21.440565,1.1259371,10.73051,1.5517114,12.737393,1.932657,-2.7697992,-6.9315257,0.04040416,1.6025327,1.5994011,0.71525764,2.9857821,1.8916919,6.430357,2.1414244,28.314991,0.8500225,658.06146,0.5012839,1181.3331,0.24411425,-85.300735,-1.0610352,1731.9713,0.22132356,979.65735,0.3472162,-90.71974,-0.91059047,2835.5447,0.123278536,897.35455,0.40937534,-92.31474,-0.8804098,-16.914974,-1.1850746,29.245321,0.6992694,0.003793085,11.801526,-0.026686562,-1.023753,0.6324916,0.8990849,28.36115,0.9509444,16.33814,1.0903126,17.848415,1.6289557,-7.208135,-3.0419009,-7.5069723,18.18637,-0.015035515,0.0012070782,0.037252296,2.2518766,1.511335,0.41444442,0.28672913,0.25437498,0.23054199,-25.186235
./voice\morry_bk\condition3\c04.wav,0 days,0 days 00:00:12,28.138496,0.43907234,20.68904,22.669867,28.606886,7.9178467,711.5412,923.0976,158.98018,126.110565,0.42008048,1.2789445,0.074789844,0.15791701,0.650669,0.57587916,14.10578,12.213789,10.567812,9.597896,0.33982486,1.4963359,18.608898,1.2622777,7.1523485,1.9685934,10.209881,1.7413427,1.7512177,9.579011,0.05324342,1.55485,2.0527384,0.56112254,0.6150424,7.0601306,1.2288898,11.073613,23.046967,1.0637975,688.99426,0.5869649,1192.92,0.2876504,-105.48644,-0.8725904,1719.412,0.24897344,1064.566,0.33569473,-107.19906,-0.8062864,2792.81,0.14621472,973.76074,0.33191416,-110.22854,-0.7598603,-14.547978,-1.3513874,26.930641,0.75183684,0.0021850055,19.209743,-0.025788583,-1.0562552,0.5700593,0.9574079,26.856613,1.0608655,12.344465,1.2759866,14.406473,1.5043703,-1.3786783,-14.80932,-7.0200696,17.821877,-0.01565185,0.0008167232,0.08839472,2.4186823,2.2651007,0.2237037,0.16618036,0.212,0.29050303,-29.317383
./voice\morry_bk\condition3\c05.wav,0 days,0 days 00:00:11,30.516731,0.39746,21.891287,24.472284,41.69179,19.800505,560.9842,743.71,174.09424,183.80643,0.50370914,1.0329796,0.07623066,0.31787384,0.87747824,0.8012476,8.889677,6.4481435,7.114341,4.8433533,0.37968168,1.1539652,21.388924,1.0873119,9.925457,1.6151631,15.522176,1.3799198,-6.1311693,-2.9958131,0.03879454,1.4542693,1.6952977,0.707837,3.0135047,1.7856523,3.1921172,4.13948,25.428434,0.8536021,649.01733,0.4155893,1144.6476,0.24534102,-91.94342,-0.9721816,1778.9707,0.21032657,905.01855,0.3912478,-95.96389,-0.84683967,2857.34,0.12315478,857.39075,0.5178905,-95.88551,-0.84109885,-17.335382,-1.0760865,26.878826,0.7280931,0.015583952,3.1053119,-0.03341196,-0.7366526,0.573701,0.77064824,28.880304,0.88507664,14.95673,1.0559881,21.687128,1.1024936,-11.370058,-1.7122226,-6.0539618,15.915108,-0.011547634,-0.00070270576,0.06419876,2.5477707,2.1043003,0.2847826,0.2944246,0.1945,0.16602635,-26.824451
./voice\morry_bk\condition3\c06.wav,0 days,0 days 00:00:12,28.98846,0.45098993,21.113218,23.17364,32.849655,11.736437,380.1915,259.78867,191.98569,452.17136,0.37636733,1.356498,0.08180319,0.13586651,0.5649964,0.48319322,9.731012,10.469887,6.1138225,4.348045,0.26874873,1.639566,17.042048,1.3045506,5.75148,2.5448031,9.606788,2.0274992,-1.8045291,-8.5596075,0.048424117,1.6283273,1.9363334,0.58252597,0.7952113,5.919431,4.1449704,3.278854,24.96899,0.9640959,684.7235,0.52654535,1207.8712,0.323427,-117.20219,-0.79505545,1752.822,0.23577122,1017.2579,0.3803949,-118.69294,-0.73382235,2832.4963,0.13734742,953.32416,0.40867352,-119.7173,-0.7159484,-15.514929,-1.3109379,26.162569,0.78742135,0.003909469,10.179096,-0.029383674,-0.903003,0.5112633,0.98644906,26.338015,1.0645412,13.998093,1.0916766,16.23123,1.5822927,-5.767587,-3.2141163,-4.8309608,14.412581,-0.007603659,-0.0007735468,0.06114389,1.5012511,1.5912899,0.28368422,0.2524451,0.38375,0.40462753,-30.87822
./voice\morry_bk\condition3\c07.wav,0 days,0 days 00:00:11,29.497477,0.40617833,21.84262,25.293194,30.505003,8.662382,479.13153,385.01263,168.48503,202.28609,0.64967006,1.1872164,0.09143689,0.25364652,1.1786305,1.0871936,18.917767,13.60136,12.437747,9.6306305,0.52279514,1.317497,18.981892,1.1916457,4.1800222,3.7037423,16.694626,1.5965097,-4.061253,-3.9559171,0.052896682,1.7499092,1.9057187,0.6419903,1.1634963,4.4696903,3.8323348,5.131094,19.527975,1.1287881,598.0888,0.47202665,1161.7919,0.28916544,-107.53654,-0.8476784,1681.0775,0.20616062,891.4668,0.49856943,-106.07272,-0.8127192,2721.4875,0.13304941,914.9333,0.38779807,-105.99049,-0.81098604,-10.997714,-1.5248185,20.736729,0.90100473,0.011615014,2.9062996,-0.026511075,-0.9678843,0.88937074,0.80412817,27.391634,0.93651205,6.5850053,2.9105713,27.27124,1.1553142,-10.005985,-1.7984401,-6.090943,16.80097,-0.012478183,0.00020451215,0.101941645,2.7297544,2.1957915,0.235,0.17255434,0.22761905,0.47573408,-24.992743
./voice\morry_bk\condition3\c08.wav,0 days,0 days 00:00:12,31.918907,0.44956434,21.723007,25.61667,51.73217,30.009163,745.6034,815.365,189.90517,222.9754,0.54531306,1.2568116,0.066442564,0.19264336,1.0529883,0.98654574,14.591674,11.510555,9.174943,6.329687,0.43460417,1.4704691,16.420105,1.5861742,5.5073237,2.7082098,9.564736,1.9566176,-2.3765848,-7.6352825,0.055534948,1.7357585,1.8713164,0.6200621,0.184166,32.67389,1.8089696,5.8226414,19.159306,1.4083055,694.8465,0.47436553,1177.3611,0.2834614,-115.262794,-0.80147195,1746.3596,0.24644147,988.8278,0.36975655,-113.854095,-0.76516515,2806.3877,0.13857086,958.8049,0.35301906,-113.96885,-0.7558967,-10.931401,-1.9738305,22.173326,1.0790095,0.0023951943,16.048473,-0.028688565,-1.0122112,0.7582753,0.9150726,23.809511,1.4030938,11.610494,1.4124271,14.376267,1.5734032,-7.231097,-2.835216,-6.2865896,17.057606,-0.008335768,-0.0011370351,0.12014992,2.5020852,2.17938,0.21807691,0.24417865,0.27190474,0.27086493,-25.307589
./voice\morry_bk\condition3\c09.wav,0 days,0 days 00:00:11,29.166592,0.37802252,22.016312,25.639267,30.509499,8.493187,776.1199,844.16425,114.390816,66.95824,0.54198915,1.155358,0.075060785,0.23820256,1.0305895,0.9555287,16.155682,14.544615,9.472784,7.676486,0.4976715,1.3739829,21.175419,1.0842247,8.664361,1.8135827,11.795486,1.7996175,-5.7518077,-3.606191,0.052826036,1.8759735,1.7621027,0.63300127,2.3186016,1.9276696,3.5482879,4.304763,25.818184,0.97643965,614.91797,0.49743655,1208.2867,0.25305638,-100.03236,-0.91156334,1664.1357,0.24030285,957.3588,0.31531852,-103.600204,-0.8146716,2778.8364,0.13433798,943.72406,0.41072908,-105.05265,-0.78506213,-17.10586,-1.0569893,28.12335,0.7204512,0.009643727,4.7083645,-0.032327585,-0.8629453,0.80584025,0.90134186,31.197155,0.7992352,15.031373,1.1246862,17.950457,1.4351746,-10.786641,-2.165983,-5.556642,15.4534,-0.00917043,-0.0009947823,0.097569965,2.2747953,1.738335,0.31736842,0.17917478,0.2368421,0.40935192,-24.735334
./voice\morry_bk\condition3\c10.wav,0 days,0 days 00:00:11,28.231936,0.40998092,21.293669,22.947203,31.135437,9.841768,713.78046,737.7531,304.31973,824.525,0.4845891,1.0432898,0.08178745,0.24592334,0.8889397,0.8071522,14.4223585,10.886062,8.909637,6.6982355,0.37965924,1.4419608,18.117367,1.2080362,5.9112926,2.4840765,17.252998,1.4111584,-3.8125832,-5.2408204,0.04224203,1.5039083,1.8842926,0.6429552,1.0364845,4.469414,1.855628,5.481342,19.818583,1.0794319,581.5619,0.48376513,1138.4153,0.2534761,-102.06641,-0.89666885,1679.5353,0.21657546,867.1143,0.44031838,-101.22748,-0.8414522,2730.1953,0.12915207,904.44824,0.42216998,-101.22574,-0.8468916,-12.585013,-1.3267596,20.938053,0.90762836,0.009361873,4.537585,-0.03107733,-0.80793494,0.6210203,0.97534424,26.243633,0.92576176,8.833168,1.9149197,27.971111,0.98192114,-8.544395,-2.5896802,-5.73244,14.787126,-0.011408261,0.0013868657,0.07523721,2.456779,2.287283,0.236,0.2881111,0.22399999,0.31191984,-28.232126
./voice\morry_bk\condition3\c11.wav,0 days,0 days 00:00:11,27.040575,0.3419969,21.76918,24.057852,27.986212,6.2170315,242.8734,280.07568,74.08749,61.883324,0.6279403,1.1884327,0.08462514,0.3668534,1.0489752,0.9643501,13.011685,10.06324,11.461065,8.820448,0.50813925,1.33458,23.940273,0.9303835,7.67836,2.0551903,11.311502,1.8282565,-6.1644645,-2.8492575,0.03308231,1.3507531,1.5227134,0.6167414,2.5811994,1.6674885,3.8247766,2.6518173,28.18743,0.6885357,580.0564,0.40577376,1197.5769,0.2413093,-90.45989,-1.0090582,1632.717,0.22217225,968.24194,0.35164067,-95.83604,-0.87133366,2745.3845,0.13590461,920.83325,0.40887946,-98.37298,-0.8246968,-17.341225,-0.9520006,28.209917,0.6539671,0.0140838465,2.3821743,-0.035780728,-0.6558261,0.8005301,0.8996594,34.39601,0.62770486,12.801787,1.3415748,16.88138,1.4491004,-12.498296,-1.468541,-5.717357,16.352072,-0.01121488,0.0025094147,0.058231298,1.9108281,1.5539306,0.38117644,0.33126995,0.29214284,0.458572,-24.990566
./voice\morry_bk\condition3\c12.wav,0 days,0 days 00:00:13,28.188583,0.36552885,22.048876,25.586668,28.757692,6.7088165,275.5257,264.3287,227.54071,485.4358,0.48804012,1.0561236,0.08285298,0.29563305,0.84530926,0.7624563,13.560036,11.907222,8.970241,8.931635,0.4086662,1.3630244,21.101059,1.1021811,11.291353,1.4301312,17.794952,1.2720807,-0.8106599,-22.62441,0.057933174,2.2156239,1.684867,0.7307954,3.266143,1.4031998,5.419377,2.2404578,29.132944,0.7960595,615.0035,0.46024588,1222.6132,0.24193554,-91.947205,-0.96240616,1742.2026,0.20494764,972.8802,0.3897506,-96.80909,-0.828672,2822.2004,0.120742835,951.3757,0.39760816,-97.134796,-0.8218101,-18.60885,-0.99525994,28.898678,0.7252989,0.0008013141,52.048553,-0.025215814,-0.880821,0.60578066,1.0037711,29.266756,0.828253,18.145504,0.81991255,25.500391,0.94961435,-2.3490696,-8.963749,-3.9887724,13.315351,-0.008033431,0.0014266971,0.09015848,2.617398,2.0108275,0.2976923,0.3052906,0.21045454,0.21063705,-26.170984
./voice\morry_bk\condition3\c13.wav,0 days,0 days 00:00:14,26.976547,0.4357795,21.120745,22.72004,25.571455,4.4507103,653.27124,909.5895,143.60887,94.31508,0.51170677,1.1315004,0.08966547,0.28491285,0.88227534,0.7926099,14.561327,13.482836,7.998536,6.8111134,0.40191096,1.3490374,19.757784,1.1756524,6.6571393,2.293632,16.321815,1.4234171,-3.6688428,-5.1356354,0.042512573,1.1808405,1.9203047,0.6030483,0.4811839,8.923213,0.42581022,24.264582,21.468115,1.0615215,601.87317,0.48446333,1161.9319,0.2681013,-92.58373,-0.9704822,1676.0979,0.2191062,939.1609,0.4424894,-94.556786,-0.88324356,2741.4214,0.13404077,940.16504,0.43024778,-94.82543,-0.864626,-12.749087,-1.3162819,22.43937,0.85815436,0.0029699637,12.690687,-0.024756711,-0.9083632,0.58762753,0.9994998,27.482132,0.90396005,9.731918,1.6937846,23.380074,1.1283113,-7.5767446,-2.6342072,-4.4402895,13.851677,-0.009589149,0.00026232944,0.119115196,2.4303074,2.6542325,0.21945946,0.19789359,0.15656249,0.18628958,-28.977995
./voice\morry_bk\condition3\c14.wav,0 days,0 days 00:00:11,31.264393,0.4247672,22.963829,25.236147,42.770054,19.806225,938.1223,1178.6053,109.47762,88.887695,0.44868687,1.0210232,0.086437225,0.28011432,0.78837883,0.7019416,8.896327,5.9179616,7.109325,5.206197,0.3215237,1.097183,20.679098,1.1852487,8.26951,1.8655738,10.468109,1.8816723,-6.793229,-3.3026931,0.053111516,1.5203217,1.8437797,0.6518526,1.4082668,3.8269694,1.615636,8.496154,23.924961,1.121819,659.1962,0.45172375,1200.4662,0.28540492,-94.10001,-0.97808164,1726.59,0.23199585,1035.8688,0.38742754,-95.302795,-0.88159674,2841.397,0.13076814,923.4684,0.460016,-96.395935,-0.8540895,-15.415484,-1.2880391,26.000744,0.85870796,0.019587675,1.8708253,-0.03106297,-0.80157596,0.49792704,0.6906517,28.196268,0.980191,13.8969755,1.2032195,14.369693,1.6321117,-14.22466,-1.6960658,-5.553327,15.519772,-0.010720396,0.0017124244,0.05540829,2.8207462,2.1043003,0.27869564,0.28989208,0.21157894,0.20186663,-28.723642
./voice\morry_bk\condition3\c15.wav,0 days,0 days 00:00:12,27.61833,0.40596688,21.080505,23.52417,28.427555,7.3470497,484.40717,316.3973,163.2818,161.55734,0.55727535,1.246404,0.086569905,0.22064357,0.97600144,0.88943154,16.877954,11.8125515,9.71312,6.597496,0.46579266,1.4012774,21.09943,1.0418851,5.7850966,2.6089659,16.168983,1.4646909,-0.7981438,-24.168272,0.044135086,1.4697826,1.7619864,0.64649594,1.6054486,2.7795343,6.58433,2.1032953,23.55342,0.82094496,616.8405,0.52144295,1166.4796,0.26300552,-89.93672,-0.99653727,1665.0302,0.21795537,982.24396,0.43027583,-92.6108,-0.90057755,2726.0967,0.12323191,906.50116,0.33962995,-94.03212,-0.8728582,-14.912184,-1.1918827,25.874561,0.7135896,-0.007144196,-6.1724954,-0.023878157,-1.2647964,0.71155506,1.0081083,28.507555,0.84476626,9.346605,1.7865049,23.48956,1.1216921,-3.9026287,-5.4945326,-5.1178913,15.180867,-0.012540042,0.0031247516,0.08163042,2.3352795,2.0938025,0.28559998,0.27008265,0.17875,0.25604868,-26.218687
./voice\morry_bk\condition3\c16.wav,0 days,0 days 00:00:11,29.627243,0.4035609,22.730751,24.613214,31.025476,8.294725,789.23676,877.49994,140.91231,131.022,0.46360016,1.0933806,0.086704135,0.24966939,0.7645981,0.67789394,9.924923,7.7795196,6.6733336,4.6801534,0.36912873,1.3751506,21.446854,1.1627178,10.257476,1.4698598,8.487285,2.139229,-4.493391,-4.629493,0.053636633,1.7726164,1.6579988,0.60503334,1.8380316,2.7533796,4.535829,2.5453255,30.581945,0.7306019,627.26843,0.52173877,1230.469,0.28726056,-86.89186,-1.0478785,1647.8575,0.24425222,994.2511,0.29110438,-90.02997,-0.92879426,2788.428,0.123837665,1004.64014,0.39685217,-93.936905,-0.85440075,-16.924496,-1.1777065,29.957222,0.6883234,0.004446132,9.4612255,-0.027072435,-1.1648408,0.5403069,0.99319816,29.150536,0.9264276,15.217611,1.0173361,10.830573,2.0005603,-8.5988035,-2.6547828,-5.5622067,14.699508,-0.010236827,8.706214e-06,0.075118214,2.2747953,1.738335,0.3568421,0.2704782,0.21,0.24097027,-27.334932
./voice\morry_bk\condition3\c17.wav,0 days,0 days 00:00:12,28.602133,0.4138225,22.069164,23.902912,27.835155,5.765991,815.4536,1076.5292,129.69002,86.09262,0.5303525,0.9735228,0.07986157,0.35699582,0.9770868,0.8972252,12.174288,8.55791,9.38101,6.3283877,0.41232872,1.0939503,21.633186,1.0830235,5.6116934,2.7175112,14.808235,1.9835117,-5.065728,-3.7497234,0.041611318,1.652332,1.871589,0.6191931,1.3691468,3.1795676,3.9995546,2.756406,24.352081,0.9037235,620.5982,0.54376084,1161.1025,0.25134704,-84.67299,-1.0783027,1688.2549,0.22356506,922.55896,0.4151591,-88.30336,-0.96178526,2762.0315,0.13195126,965.1626,0.42384243,-90.728,-0.91158676,-11.922306,-1.5259243,24.930157,0.7935638,0.003562755,10.796227,-0.026874568,-0.97352046,0.61879957,0.7129388,28.447699,0.9281173,8.7955265,1.9340336,20.833086,1.638269,-9.921166,-2.1348355,-5.4617996,15.921585,-0.00845565,9.967459e-05,0.070655435,3.085905,2.0100503,0.30374998,0.35869917,0.18863636,0.18405274,-28.20609
./voice\morry_bk\condition3\c18.wav,0 days,0 days 00:00:11,27.277636,0.40139663,21.87323,23.645185,26.092115,4.2188854,787.3579,1058.6445,130.8989,105.73529,0.5427376,1.1649369,0.081317395,0.2620379,0.99122703,0.9099096,15.563508,16.633404,10.148221,7.557308,0.4631246,1.304995,19.73139,1.2152485,7.7088127,1.9195782,11.530717,1.9782395,-5.4449944,-3.5816598,0.06108393,2.1096594,2.1147647,0.69561076,0.9829897,4.6420035,1.9269749,7.7580657,24.248428,1.0468519,615.40283,0.44768423,1228.9896,0.28076172,-99.65529,-0.9271906,1672.073,0.23570545,962.8876,0.3527932,-102.46216,-0.83733976,2792.0234,0.12325449,959.5434,0.36980155,-105.14219,-0.79204947,-16.325844,-1.16473,26.989424,0.78571683,0.00800124,5.533937,-0.03533733,-0.88752794,0.720186,0.8161817,29.881214,0.8865001,13.251258,1.1871966,16.321627,1.6896544,-12.002058,-1.8315207,-5.1827307,15.247205,-0.008480428,-0.00059405935,0.14793545,2.2747953,2.010969,0.2677273,0.26067972,0.2285,0.2593892,-27.530413
./voice\morry_bk\condition3\c19.wav,0 days,0 days 00:00:11,28.395899,0.40078261,21.539598,23.900812,30.48017,8.940571,290.64078,318.86655,141.75066,152.72047,0.7682605,1.0878651,0.06927459,0.55148464,1.2128747,1.1436001,15.0318775,11.753562,11.95838,8.806623,0.6674018,1.1702522,22.636679,1.0765613,8.588493,1.7970668,20.17337,1.4136518,-5.5380874,-3.8384385,0.042165443,1.6262318,1.6468216,0.7076043,1.8789517,2.785382,2.851237,3.8671694,22.84889,0.9454278,625.5139,0.517073,1151.3159,0.256084,-72.614525,-1.1820672,1711.2758,0.21140185,838.9989,0.4958856,-77.038155,-1.0435116,2824.9272,0.12075239,910.8954,0.43208092,-78.52999,-1.0080385,-12.836539,-1.3362823,24.12995,0.78621286,0.0103360275,3.4369714,-0.02509992,-0.97993755,0.920878,0.8661283,28.48817,0.9130939,10.726669,1.6005646,26.850653,1.1565082,-9.149025,-2.5118146,-7.4243617,18.250223,-0.008701438,0.00050164363,0.095134504,2.7297544,1.8298262,0.3725,0.41859138,0.1688889,0.16336356,-23.46906
./voice\morry_bk\condition3\c20.wav,0 days,0 days 00:00:12,28.095066,0.436711,21.331541,22.957792,28.691633,7.360092,842.2288,1164.5148,245.18611,460.30112,0.45151412,1.1973555,0.07744065,0.23290454,0.7352842,0.6578436,10.292569,10.726453,8.560627,6.362749,0.34134987,1.3775047,20.060923,1.0885769,7.0056434,2.2906203,17.487207,1.3752577,-1.9887544,-9.573871,0.033579547,1.2453442,1.6997504,0.7094187,1.7113961,2.672539,0.7802337,18.23697,23.970793,0.9560955,627.96344,0.5193869,1149.3632,0.27713397,-97.05887,-0.9594907,1738.9492,0.21524377,910.743,0.50912124,-101.08339,-0.8423097,2822.502,0.120706595,949.8987,0.37260792,-100.696526,-0.84119993,-15.261455,-1.2431191,24.086407,0.8140275,0.0034437766,8.988617,-0.026354153,-1.0567634,0.55600417,0.92153233,27.928194,0.8759838,11.941134,1.5227617,26.877905,1.0098913,-7.2119627,-3.0487237,-6.1347723,15.640498,-0.018058874,0.0015721103,0.050346944,2.001668,2.0117352,0.27541664,0.33584446,0.21818182,0.3065443,-28.352669
./voice\morry_bk\condition3\c21.wav,0 days,0 days 00:00:13,30.863464,0.44751653,21.221737,25.127579,49.84227,28.620533,1074.8171,1267.6449,333.15857,400.546,0.5058667,1.2421738,0.07846418,0.21518345,0.81091034,0.7324462,12.892888,11.695594,8.266758,7.792693,0.38666898,1.395771,16.634283,1.3862612,5.2056503,2.7600796,14.445276,1.6252669,-2.5556443,-7.4749513,0.046983372,1.8332585,1.8970691,0.6117844,0.93241876,5.024515,2.7382727,4.9970756,18.985859,1.2012335,647.1048,0.5543714,1170.6398,0.27077872,-104.30463,-0.87837416,1722.3373,0.23960091,890.82556,0.44507146,-103.96348,-0.83525074,2776.7236,0.13714908,906.77185,0.46469876,-103.24405,-0.8297135,-9.681208,-1.9766246,19.4125,1.0542934,0.0062027983,5.9657545,-0.021632634,-1.0850277,0.63846654,0.9023825,22.844181,1.2325709,9.629401,1.669648,24.090208,1.083461,-7.531259,-3.0023882,-4.4335976,14.756713,-0.01065223,0.0003578989,0.09031044,2.617398,2.5522044,0.20545453,0.18421152,0.19285715,0.24768728,-28.43726
./voice\morry_bk\condition3\c22.wav,0 days,0 days 00:00:11,28.808544,0.42520222,22.09778,24.699692,29.662052,7.564272,721.65753,1050.2789,155.94868,127.352394,0.5240319,1.3500957,0.072616376,0.16428287,0.9315864,0.85897,15.850849,15.088083,11.01837,10.352136,0.46807182,1.4704533,18.075703,1.2341497,8.188912,2.0927396,11.5911455,1.7016563,-0.27856153,-57.699505,0.06618404,1.7169598,1.836983,0.6062267,0.48548552,10.013755,4.2930336,3.2653358,25.175888,0.8537416,633.00006,0.48547968,1168.9641,0.2816145,-109.28441,-0.83363366,1677.7549,0.22445412,979.74005,0.40722013,-109.38123,-0.7872248,2781.8467,0.12989192,928.5096,0.38069376,-111.1657,-0.7467212,-13.303373,-1.3791466,26.541056,0.74768156,0.0013016685,31.560362,-0.01959794,-1.2284127,0.8073374,0.9572499,26.380766,0.9906741,13.551888,1.3926533,16.39301,1.4600502,-3.5875678,-5.0943713,-6.6528583,17.006474,-0.01549281,-0.0007946658,0.09901282,2.456779,2.287283,0.21959999,0.2616483,0.20375,0.24287878,-25.320118
./voice\morry_bk\condition3\c23.wav,0 days,0 days 00:00:13,29.427094,0.41432726,22.110996,25.174261,29.39228,7.2812843,492.59464,740.76685,177.45572,182.5089,0.5489049,1.0574278,0.080027625,0.36771527,0.8922136,0.81218594,12.952105,11.335072,9.338463,9.25435,0.46697858,1.204468,19.3555,1.3647157,13.140568,1.3060483,16.65357,1.4967405,-1.6711673,-11.315069,0.043030832,1.8872153,1.7034401,0.77664393,2.374867,2.2675676,4.333447,4.0676146,27.898632,1.0085865,678.2351,0.4658075,1187.9102,0.29085845,-87.60226,-1.0157601,1807.3268,0.21764563,942.4212,0.42036235,-92.65622,-0.878853,2884.933,0.11509438,937.343,0.37773305,-93.90104,-0.855646,-16.336803,-1.2618741,28.241287,0.8016689,-0.00420386,-9.460656,-0.025081584,-0.99958426,0.6700836,0.8513825,27.54165,1.019791,17.956226,0.9699501,21.754803,1.2991915,-5.417783,-3.9000852,-4.222969,12.558625,-0.017006572,-0.0006498716,0.12315088,2.6943803,2.3201857,0.26266667,0.22599311,0.19130434,0.23860654,-25.228842
./voice\morry_bk\condition3\c24.wav,0 days,0 days 00:00:12,26.35465,0.36810577,21.21328,22.647652,27.626839,6.413559,894.2013,1246.1354,167.19795,122.80541,0.5055139,1.0763869,0.08407426,0.2773061,0.8877522,0.8036779,12.688552,10.84893,10.314502,7.358795,0.40490595,1.3529555,22.97985,0.89953244,7.730385,1.8515968,17.91877,1.4064698,-3.3354542,-6.0777593,0.0456591,2.06228,1.6670264,0.74847984,2.4162571,1.8122243,6.5389333,2.2570627,27.344439,0.71607465,603.36395,0.4607959,1180.3435,0.23072465,-86.49151,-1.0420135,1685.662,0.20709094,925.9232,0.5152496,-92.29884,-0.8969619,2761.3965,0.11717495,888.48486,0.47420675,-93.907,-0.8687158,-15.87472,-1.0414052,26.707575,0.65816545,-0.004641146,-7.9547167,-0.025969205,-1.0694101,0.62829834,0.93213797,30.93385,0.71875805,12.864101,1.1926087,26.050583,1.0653152,-8.060275,-2.8921773,-6.671305,17.289236,-0.014472989,0.0018530607,0.035442453,2.5854878,1.4237857,0.43235293,0.45394385,0.30142856,0.3227971,-26.729715
