id,file,start,end,F0semitoneFrom27.5Hz_sma3nz_amean,F0semitoneFrom27.5Hz_sma3nz_stddevNorm,F0semitoneFrom27.5Hz_sma3nz_percentile20.0,F0semitoneFrom27.5Hz_sma3nz_percentile50.0,F0semitoneFrom27.5Hz_sma3nz_percentile80.0,F0semitoneFrom27.5Hz_sma3nz_pctlrange0-2,F0semitoneFrom27.5Hz_sma3nz_meanRisingSlope,F0semitoneFrom27.5Hz_sma3nz_stddevRisingSlope,F0semitoneFrom27.5Hz_sma3nz_meanFallingSlope,F0semitoneFrom27.5Hz_sma3nz_stddevFallingSlope,loudness_sma3_amean,loudness_sma3_stddevNorm,loudness_sma3_percentile20.0,loudness_sma3_percentile50.0,loudness_sma3_percentile80.0,loudness_sma3_pctlrange0-2,loudness_sma3_meanRisingSlope,loudness_sma3_stddevRisingSlope,loudness_sma3_meanFallingSlope,loudness_sma3_stddevFallingSlope,spectralFlux_sma3_amean,spectralFlux_sma3_stddevNorm,mfcc1_sma3_amean,mfcc1_sma3_stddevNorm,mfcc2_sma3_amean,mfcc2_sma3_stddevNorm,mfcc3_sma3_amean,mfcc3_sma3_stddevNorm,mfcc4_sma3_amean,mfcc4_sma3_stddevNorm,jitterLocal_sma3nz_amean,jitterLocal_sma3nz_stddevNorm,shimmerLocaldB_sma3nz_amean,shimmerLocaldB_sma3nz_stddevNorm,HNRdBACF_sma3nz_amean,HNRdBACF_sma3nz_stddevNorm,logRelF0-H1-H2_sma3nz_amean,logRelF0-H1-H2_sma3nz_stddevNorm,logRelF0-H1-A3_sma3nz_amean,logRelF0-H1-A3_sma3nz_stddevNorm,F1frequency_sma3nz_amean,F1frequency_sma3nz_stddevNorm,F1bandwidth_sma3nz_amean,F1bandwidth_sma3nz_stddevNorm,F1amplitudeLogRelF0_sma3nz_amean,F1amplitudeLogRelF0_sma3nz_stddevNorm,F2frequency_sma3nz_amean,F2frequency_sma3nz_stddevNorm,F2bandwidth_sma3nz_amean,F2bandwidth_sma3nz_stddevNorm,F2amplitudeLogRelF0_sma3nz_amean,F2amplitudeLogRelF0_sma3nz_stddevNorm,F3frequency_sma3nz_amean,F3frequency_sma3nz_stddevNorm,F3bandwidth_sma3nz_amean,F3bandwidth_sma3nz_stddevNorm,F3amplitudeLogRelF0_sma3nz_amean,F3amplitudeLogRelF0_sma3nz_stddevNorm,alphaRatioV_sma3nz_amean,alphaRatioV_sma3nz_stddevNorm,hammarbergIndexV_sma3nz_amean,hammarbergIndexV_sma3nz_stddevNorm,slopeV0-500_sma3nz_amean,slopeV0-500_sma3nz_stddevNorm,slopeV500-1500_sma3nz_amean,slopeV500-1500_sma3nz_stddevNorm,spectralFluxV_sma3nz_amean,spectralFluxV_sma3nz_stddevNorm,mfcc1V_sma3nz_amean,mfcc1V_sma3nz_stddevNorm,mfcc2V_sma3nz_amean,mfcc2V_sma3nz_stddevNorm,mfcc3V_sma3nz_amean,mfcc3V_sma3nz_stddevNorm,mfcc4V_sma3nz_amean,mfcc4V_sma3nz_stddevNorm,alphaRatioUV_sma3nz_amean,hammarbergIndexUV_sma3nz_amean,slopeUV0-500_sma3nz_amean,slopeUV500-1500_sma3nz_amean,spectralFluxUV_sma3nz_amean,loudnessPeaksPerSec,VoicedSegmentsPerSec,MeanVoicedSegmentLengthSec,StddevVoicedSegmentLengthSec,MeanUnvoicedSegmentLength,StddevUnvoicedSegmentLength,equivalentSoundLevel_dBp,SentimentScore,slideScofre,POMSScore,activation,reward,slideUPDOWN
13,./voice\morry_bk\condition4\c21.wav,0 days,0 days 00:00:12,28.437216,0.36817202,22.217985,24.219316,31.378614,9.160629,532.73517,485.00598,121.97731,131.70932,0.6607657,1.0642678,0.089742914,0.40184966,1.1263742,1.0366313,12.830494,8.059566,10.377109,8.900856,0.5165713,1.2240372,22.290758,1.1034424,5.4269624,2.9653475,11.678194,1.995815,-7.5050497,-2.7533593,0.04818389,1.6172693,1.7181442,0.7587966,1.6985602,3.068684,3.7060242,2.8098764,26.373442,0.8747979,597.66144,0.55534637,1227.6078,0.26029983,-81.8398,-1.1217936,1611.699,0.24349709,918.7737,0.35801667,-84.288925,-1.0264966,2772.5134,0.12494544,900.4724,0.45440194,-89.521614,-0.9230852,-11.579382,-1.4919689,25.46541,0.7584078,0.019410662,1.8471291,-0.023849571,-0.98966515,0.776089,0.8389284,30.771955,0.8454515,8.033915,2.2251537,15.986277,1.7018133,-13.763306,-1.606207,-5.3612146,14.773525,-0.006486093,0.000153695,0.056076206,2.9190993,1.927913,0.3217391,0.30604988,0.25125,0.23971009,-24.915648,-0.600000024,8,0,1,1,0
13,./voice\morry_bk\condition3\c02.wav,0 days,0 days 00:00:11,30.407797,0.4249246,22.105103,24.698318,43.533154,21.428051,563.7685,705.5362,247.42598,343.57855,0.677006,1.0156492,0.07863246,0.42828333,1.244021,1.1653886,20.603811,16.898079,10.027487,7.820277,0.58662736,1.0481588,20.859703,1.3103263,12.360447,1.2394706,13.578278,1.5065974,-2.862632,-6.745373,0.053344194,1.8308328,1.7723237,0.67206323,1.1304821,4.528888,0.16646883,92.024956,23.41525,1.1872861,656.3429,0.5137775,1183.9484,0.28813797,-71.22589,-1.1918411,1737.8102,0.23497207,982.1255,0.3377308,-74.31517,-1.0458188,2818.7656,0.13058779,956.486,0.3614094,-76.00174,-1.0069383,-14.776054,-1.5025072,25.459002,0.9071382,0.01276777,3.3035662,-0.025742989,-1.0861418,0.78856564,0.7731883,24.612974,1.2404724,15.765868,1.0264429,16.168772,1.4026595,-6.183345,-3.2297323,-8.127709,18.303854,-0.015171862,0.000206168,0.09137665,3.366697,2.1957915,0.32041666,0.3057842,0.13190477,0.1415768,-25.499249,0.200000003,6,1,1,0,-1
13,./voice\morry_bk\condition2\c13.wav,0 days,0 days 00:00:11,30.26124,0.41789764,22.775284,25.477274,29.244907,6.4696236,797.832,895.1854,116.03813,93.75992,0.5573815,0.99377894,0.08581118,0.35454985,0.99122894,0.90541774,12.616896,10.562105,8.880052,6.8336205,0.414383,1.091692,19.147486,1.3188251,7.0563874,2.209554,17.902815,1.3910397,-5.2302785,-3.4367607,0.038380615,1.9897683,1.6333237,0.639746,1.7367783,3.0751204,4.790155,2.9420314,23.52449,1.0824615,596.34686,0.4510659,1168.6178,0.27745435,-91.931786,-0.98464495,1683.9781,0.23065272,936.6957,0.39966533,-91.91998,-0.9174185,2743.9062,0.13779752,931.75665,0.47054753,-91.86632,-0.9103887,-12.086695,-1.6103156,21.815477,1.0255842,0.011203557,2.7036707,-0.027029075,-0.86817676,0.634614,0.6930222,26.238535,1.0768522,11.192619,1.5270425,26.110182,1.0514636,-11.024675,-1.6333085,-4.9793434,15.357503,-0.011994895,0.002492581,0.059682827,2.365787,2.0128088,0.29999998,0.29887667,0.20421052,0.26216337,-27.199917,-0.100000001,6,1,0,1,0
13,./voice\morry_bk\condition1\c12.wav,0 days,0 days 00:00:12,29.4916,0.3615552,22.702625,26.550495,30.821774,8.119148,766.5703,1277.406,140.23102,219.43085,0.62187165,0.8028399,0.13744561,0.5078395,1.0284356,0.89098996,13.633646,10.793218,8.5231695,6.6027246,0.41432795,0.9761488,23.85652,1.1207621,10.577262,1.3897594,14.870867,1.501637,-4.470529,-4.2025495,0.033589046,1.6276913,1.4945989,0.7741555,3.1661422,1.6489627,4.077163,2.4591055,27.328894,0.8124021,626.0386,0.45337278,1173.8295,0.27852145,-72.86791,-1.1768664,1677.3021,0.21767381,969.68933,0.38115668,-79.03684,-0.98245364,2782.0051,0.12964018,931.48987,0.40340033,-81.20376,-0.92855483,-16.219309,-1.1041981,26.62575,0.73686266,0.021699335,1.722485,-0.0317802,-0.8267903,0.5218171,0.7301793,31.250952,0.8454646,13.361043,1.1063437,18.884123,1.2838877,-7.6369753,-2.6547923,-3.100195,11.553702,-0.001827474,-0.001135652,0.15378134,3.2527106,2.0955575,0.32599998,0.22638021,0.16842106,0.19123596,-27.499994,0.200000003,6,0,0,0,0
13,./voice\morry_bk\condition1\c15.wav,0 days,0 days 00:00:11,28.689327,0.4006058,22.088797,24.708717,27.857733,5.768936,1164.9535,1463.3635,134.84518,103.46987,0.51535225,0.89220583,0.10943511,0.31956667,0.9272398,0.8178047,8.592978,5.731463,7.5984626,5.0625315,0.33017677,1.046762,18.244642,1.3429284,6.84134,2.1195366,11.13607,1.8566206,-5.1089883,-4.0722523,0.031053089,1.4408536,1.6449378,0.61412555,1.5779463,2.753471,6.133589,1.8900188,22.166334,1.0164274,619.93567,0.5041283,1187.555,0.264095,-90.30793,-0.9905278,1647.8685,0.24671917,933.62305,0.33673954,-90.10154,-0.9496243,2763.0137,0.13590384,894.79736,0.33896014,-92.393715,-0.9045463,-11.604348,-1.5504149,21.570885,0.9602527,0.003020858,12.534377,-0.026180398,-0.9163959,0.48347974,0.7099516,25.793991,1.0340025,9.527587,1.5916764,17.586037,1.3204385,-9.176313,-2.5754952,-1.867025,10.462677,-0.002211019,0.000102789,0.09016442,2.911738,2.0128088,0.29863635,0.38191262,0.20578946,0.19709243,-30.695185,0.100000001,6,0,0,0,0
13,./voice\morry_bk\condition4\c11.wav,0 days,0 days 00:00:12,28.333672,0.38305575,22.005829,24.838364,28.001976,5.996147,531.77936,659.84766,115.120346,77.01878,0.44597277,0.9633383,0.11858344,0.29938814,0.6898544,0.57127094,8.618398,7.6835856,6.8442307,7.573138,0.258379,1.1965648,18.771767,1.1078583,6.994807,2.16196,13.249573,1.4951242,-4.3066545,-3.788708,0.037857603,1.8145522,1.5174968,0.7055881,2.1429877,2.3220794,5.327495,2.0464802,25.604103,0.7390108,607.47034,0.44073436,1159.201,0.2659886,-90.263374,-1.017434,1690.827,0.19631016,955.3783,0.3708239,-93.96958,-0.89656746,2739.1938,0.1334231,850.3103,0.45419484,-94.15182,-0.8853899,-13.954368,-1.1535364,22.668636,0.75576556,0.013595095,2.140295,-0.025928823,-0.791565,0.3851719,0.8110185,26.04488,0.86778414,12.046014,1.2997329,20.636309,1.034951,-8.289669,-2.154962,-3.645792,11.906727,-0.001672758,0.000645486,0.06668522,2.4186823,2.1775546,0.26884615,0.21874338,0.20857143,0.2643642,-30.412394,0.899999976,8,0,1,1,1
13,./voice\morry_bk\condition2\c04.wav,0 days,0 days 00:00:11,28.570263,0.40601617,21.681572,24.246468,28.320242,6.63867,888.85815,1135.9431,110.9243,94.86135,0.68886137,0.91832626,0.096992806,0.5002783,1.1933459,1.096353,13.072584,12.41825,12.172765,10.959808,0.42289385,1.0263559,21.465994,1.1536267,5.743023,2.4989896,21.143255,1.3875775,-2.666119,-7.013421,0.043020047,2.3115158,1.4422871,0.76671046,2.3533745,2.3403294,5.671493,1.7383168,22.019295,0.89185274,598.69885,0.48534212,1159.0471,0.27521676,-75.707466,-1.1460383,1731.5918,0.21151876,883.556,0.44096845,-78.70821,-1.020299,2742.609,0.13278769,946.1509,0.39048797,-78.54107,-1.0212022,-13.078616,-1.2526866,21.640251,0.83188385,0.011335528,3.801675,-0.030738672,-0.79987735,0.5748037,0.7242328,28.248594,0.8975462,7.6965504,2.0348847,30.720064,0.9755295,-5.6796455,-3.5996792,-3.719909,14.911855,-0.003398493,0.002847763,0.09598225,2.456779,2.010969,0.33363634,0.27022794,0.16473684,0.17300344,-26.278862,0.100000001,8,1,0,1,0
13,./voice\morry_bk\condition4\c03.wav,0 days,0 days 00:00:12,27.429039,0.34622592,22.21632,24.038792,29.298725,7.082405,800.5254,1287.9086,92.85708,94.31297,0.66622496,1.061209,0.08703335,0.44372973,1.0738959,0.9868626,15.848849,14.102592,9.087154,6.8368754,0.5572576,1.1386309,25.434683,0.935751,10.202934,1.6601912,16.523628,1.378621,-1.3789896,-11.794418,0.03623486,1.7788572,1.6315588,0.6992883,2.3238435,2.029052,3.7529793,2.863286,30.337538,0.65566766,608.2899,0.4735769,1197.2899,0.23518458,-70.31733,-1.2219737,1681.0176,0.20875868,963.4985,0.37803185,-77.80758,-1.0103754,2782.9275,0.12992507,918.17584,0.39965215,-81.174385,-0.94530475,-17.331488,-1.0126597,28.23155,0.64227885,0.019977806,1.9650928,-0.02723629,-0.78509825,0.7435031,0.8486202,32.617397,0.72343683,12.366016,1.479849,21.557106,1.1296554,-3.290096,-5.2233033,-7.16933,17.911558,-0.014948692,-0.000179943,0.12904333,2.4186823,1.7602683,0.38809523,0.27038983,0.16649999,0.17347261,-25.165493,0.5,4,0,1,1,-1
13,./voice\morry_bk\condition3\c08.wav,0 days,0 days 00:00:12,31.918907,0.44956434,21.723007,25.61667,51.73217,30.009163,745.6034,815.365,189.90517,222.9754,0.54531306,1.2568116,0.066442564,0.19264336,1.0529883,0.98654574,14.591674,11.510555,9.174943,6.329687,0.43460417,1.4704691,16.420105,1.5861742,5.5073237,2.7082098,9.564736,1.9566176,-2.3765848,-7.6352825,0.055534948,1.7357585,1.8713164,0.6200621,0.184166,32.67389,1.8089696,5.8226414,19.159306,1.4083055,694.8465,0.47436553,1177.3611,0.2834614,-115.262794,-0.80147195,1746.3596,0.24644147,988.8278,0.36975655,-113.854095,-0.76516515,2806.3877,0.13857086,958.8049,0.35301906,-113.96885,-0.7558967,-10.931401,-1.9738305,22.173326,1.0790095,0.002395194,16.048473,-0.028688565,-1.0122112,0.7582753,0.9150726,23.809511,1.4030938,11.610494,1.4124271,14.376267,1.5734032,-7.231097,-2.835216,-6.2865896,17.057606,-0.008335768,-0.001137035,0.12014992,2.5020852,2.17938,0.21807691,0.24417865,0.27190474,0.27086493,-25.307589,0.300000012,6,1,1,0,1
13,./voice\morry_bk\condition2\c09_00.wav,0 days,0 days 00:00:11,30.336939,0.42172116,22.207687,23.814167,47.639442,25.431755,721.3853,1088.0057,169.39133,215.63498,0.46239445,1.1739577,0.08422219,0.22326982,0.7620831,0.6778609,12.651631,11.038481,7.6291656,7.0619893,0.3198236,1.325297,18.602554,1.1413789,5.970883,2.4748611,14.066332,1.7493978,-3.7985067,-4.715961,0.040671043,1.5305356,1.6277442,0.64546674,1.8390929,2.7831874,4.361555,3.9843872,22.842443,0.977972,655.6962,0.43638158,1141.5852,0.26532313,-101.37238,-0.9258627,1794.1029,0.1946459,859.3402,0.5195516,-104.00072,-0.8244611,2818.9463,0.122841,903.6074,0.475234,-103.81936,-0.82796496,-13.209827,-1.3173299,23.49353,0.74434614,0.015018911,3.0595856,-0.024108835,-1.1536838,0.5217689,0.8235758,24.703028,1.0395418,10.024792,1.7413949,22.794788,1.2840612,-9.958386,-1.9548899,-7.3415685,17.289083,-0.006880291,-0.000692668,0.07262911,2.1838036,2.1023767,0.25173914,0.2763843,0.24473684,0.29322827,-29.91478,-0.300000012,4,1,0,1,-1
13,./voice\morry_bk\condition1\c13.wav,0 days,0 days 00:00:13,29.557522,0.40538183,22.01541,24.909092,30.292994,8.277584,1049.4246,1330.2214,97.96889,65.63144,0.6249131,0.9301016,0.11464885,0.42527643,1.0660769,0.95142806,11.165792,6.8921824,9.475754,6.6258802,0.42072707,1.107366,22.127502,1.0837833,2.7408895,6.7053537,13.411909,1.565877,-2.424917,-7.2832656,0.03045363,1.355261,1.66442,0.7147368,1.9439528,2.6353369,4.251427,3.426996,20.698423,1.095322,601.2252,0.46573088,1163.5868,0.2709508,-79.91273,-1.1120188,1625.826,0.22720867,1019.3754,0.386271,-80.65175,-1.0306853,2693.3645,0.14058183,925.9187,0.344667,-82.76606,-0.9887288,-12.022226,-1.4675832,22.085478,0.9146655,0.01695253,2.1750495,-0.028243037,-0.8641477,0.5704691,0.81576896,29.074196,0.87811387,5.026512,4.011811,18.960262,1.1821961,-5.0669627,-3.8614845,-2.374584,11.8398695,-0.004274919,0.000650186,0.13368882,2.6943803,2.1638331,0.2982143,0.32259056,0.17391303,0.15758334,-26.601263,-0.100000001,0,0,0,0,-1
13,./voice\morry_bk\condition2\c03_01.wav,0 days,0 days 00:00:11,28.000147,0.41150647,21.21791,23.134628,30.021633,8.803722,808.127,949.667,147.6773,124.86467,0.6780263,1.0064887,0.098538294,0.52201504,1.0162152,0.9176769,18.913662,15.616021,12.634093,8.889541,0.5215124,1.1381507,21.320055,1.0961449,4.9049983,3.2937732,23.092133,1.3550674,-2.554941,-7.5668626,0.045111697,1.8917404,1.616594,0.6395212,0.9529728,4.9138174,1.2238011,9.72642,18.156927,1.3156203,572.09357,0.4967908,1118.467,0.30581063,-76.86457,-1.1262683,1652.9634,0.21257386,814.63025,0.54954726,-78.96532,-1.0045805,2710.4214,0.12532659,959.36615,0.34656453,-77.96708,-1.0220169,-9.561164,-1.7244544,19.104115,1.0581571,0.008498742,4.687754,-0.02372021,-0.9455499,0.70617664,0.8514814,26.566183,0.9450012,7.0770497,2.5148926,31.991388,1.0517508,-4.871436,-4.231648,-4.779361,14.697587,-0.007149735,-0.000192064,0.12793195,2.8207462,1.8331805,0.37,0.28891176,0.191875,0.2397712,-26.839954,0.100000001,8,1,0,1,1
13,./voice\morry_bk\condition1\c11_00.wav,0 days,0 days 00:00:12,28.793215,0.3665376,22.32483,26.247597,29.402145,7.0773163,637.2584,1084.9082,179.53769,238.0896,0.48131272,1.0910119,0.1342709,0.25625536,0.78370583,0.6494349,8.977647,6.7503257,7.18317,5.705766,0.29741222,1.5146061,18.952244,1.1512853,6.6702433,2.227338,10.997265,1.7708077,-4.6311955,-3.6031678,0.024364278,1.6204772,1.3269573,0.80333275,3.1560729,1.7793167,6.691639,1.6511432,24.150906,0.7909868,614.5219,0.3618044,1170.8423,0.25345853,-104.933586,-0.86733145,1703.3999,0.21062645,966.172,0.49058726,-107.11022,-0.7831603,2776.852,0.13952805,836.9632,0.44791988,-105.91276,-0.79212797,-15.435644,-1.0605842,23.983818,0.80006903,0.01418932,2.3893895,-0.027829006,-0.8477176,0.47515795,1.0685078,28.39483,0.84274733,13.826592,1.0238688,19.272867,1.1445645,-8.734581,-2.1846056,-2.192565,9.751818,0.004455315,0.000159408,0.08451746,1.8348625,1.761745,0.30285713,0.26882714,0.2827778,0.44351882,-28.060947,0.300000012,8,0,0,0,0
13,./voice\morry_bk\condition4\c05.wav,0 days,0 days 00:00:13,30.098251,0.35589954,22.763296,26.987608,31.683292,8.919996,635.1728,1037.4835,119.31033,90.1302,0.673158,0.91298234,0.10442299,0.48033285,1.1172897,1.0128667,12.661319,8.613069,7.2412524,6.172229,0.49095088,1.0225699,24.128351,1.049461,7.9143734,2.1817632,13.528484,1.7575048,-4.2952456,-4.3890934,0.039364055,1.5773549,1.5896198,0.6945586,2.804888,1.8450063,4.204215,2.691049,26.357199,0.8242208,624.94604,0.4143657,1208.7883,0.25214255,-71.037186,-1.217878,1674.2667,0.19955839,943.7638,0.36357078,-75.980934,-1.030862,2759.3032,0.12744975,885.66644,0.3624011,-78.6161,-0.969214,-15.279987,-1.1175151,25.911465,0.7447008,0.029999403,1.4572008,-0.030721288,-0.8633087,0.6439321,0.77406883,31.472662,0.7822487,10.681706,1.6902981,16.840807,1.5593976,-8.113322,-2.4253166,-3.098074,12.557928,-0.00884304,0.000602155,0.1321965,3.0792918,2.4748647,0.275625,0.26556468,0.13115385,0.12692599,-25.872158,0.800000012,4,0,1,1,-1
13,./voice\morry_bk\condition1\c17_00.wav,0 days,0 days 00:00:11,29.854618,0.43026885,21.963846,24.759008,29.28,7.3161545,595.7326,1128.5795,82.84426,42.477104,0.613675,1.0253451,0.08917911,0.32449886,1.1555871,1.0664079,13.267837,9.327535,9.215652,8.584098,0.44640198,1.1952052,17.384108,1.3788176,5.781672,2.4324172,15.924995,1.5899986,-5.5974884,-3.4863763,0.04532518,1.5614746,1.9510479,0.5689421,1.0999434,4.128575,2.1967018,5.400345,17.288847,1.3548633,623.06824,0.58333796,1123.4786,0.24375407,-87.2626,-1.0588298,1712.0785,0.2521698,945.92737,0.45532358,-88.764854,-0.97917765,2714.0764,0.15373914,901.5818,0.46739638,-88.36764,-0.98198867,-9.895528,-1.8132423,18.976595,1.0431143,0.011562399,3.2371836,-0.02554455,-0.9645333,0.66932285,0.8148692,23.46574,1.1386979,8.490107,1.7889782,25.371845,1.0571665,-10.398327,-2.052581,-4.0361485,13.447027,-0.007552073,-0.001412856,0.08062661,2.6387625,1.9213176,0.3138095,0.24283007,0.20631579,0.22005288,-27.405811,-0.100000001,8,0,0,0,1
13,./voice\morry_bk\condition1\c09.wav,0 days,0 days 00:00:14,30.902086,0.42779508,22.41387,24.650383,33.044415,10.630545,797.8226,1069.2244,124.83621,61.923454,0.45188746,1.1361903,0.09725627,0.2209027,0.7273874,0.6301311,10.716668,8.990972,8.2250185,6.447539,0.30415052,1.4809742,17.744188,1.4080497,5.893744,2.4166737,10.733056,1.6095957,-0.4997512,-29.667427,0.032359857,1.1911755,1.5828768,0.67208487,2.3453238,2.2357402,4.8576894,2.5461116,23.46949,1.0143155,663.17505,0.52403355,1197.1951,0.28011024,-105.946465,-0.87772286,1710.8549,0.2450666,961.75214,0.4508538,-105.38986,-0.8314664,2795.3625,0.14805563,879.56506,0.40818748,-106.130775,-0.8093994,-12.500168,-1.5676659,22.934677,0.9335859,0.010544971,3.571865,-0.02599569,-0.98033804,0.505692,1.0018266,26.152126,1.1367968,12.224006,1.2490537,17.75687,1.111011,-3.1948318,-5.2695503,-3.742357,13.384138,-0.005752521,0.00041065,0.07471371,2.0014296,2.0086083,0.25857142,0.26658842,0.25416666,0.42328987,-28.770329,0.200000003,6,0,0,0,-1
13,./voice\morry_bk\condition1\c16.wav,0 days,0 days 00:00:12,28.404232,0.42037106,21.663855,23.557993,28.36352,6.699665,932.4034,1297.7412,139.08334,128.6856,0.6284742,1.0533545,0.11566901,0.42972684,0.9851678,0.8694988,12.242609,8.947004,6.9929,4.8501425,0.46360147,1.2959597,20.80087,1.1492414,4.536365,3.3120682,14.534588,1.6568977,-8.836903,-2.4546065,0.033920035,1.1872909,1.7249382,0.5877672,0.78672624,5.3998246,3.5312665,2.946282,20.380816,1.1228348,602.57825,0.5458064,1165.0114,0.2733351,-72.387634,-1.1877846,1649.6317,0.23840228,903.0417,0.41184962,-74.177284,-1.0824343,2694.4077,0.13779467,919.48663,0.49767622,-75.79554,-1.0392853,-9.712619,-1.7766869,19.17893,1.0128441,0.008619336,4.210528,-0.025161708,-0.8993352,0.6255815,1.0186327,25.112354,1.0564916,7.620347,2.1496923,19.86761,1.3223561,-13.497137,-1.6761891,-3.9971912,13.116793,-0.003776174,-6.67E-05,0.089112066,2.4186823,2.1775546,0.315,0.3010271,0.15238094,0.20747702,-27.860897,0.200000003,6,0,0,0,0
13,./voice\morry_bk\condition3\c09.wav,0 days,0 days 00:00:11,29.166592,0.37802252,22.016312,25.639267,30.509499,8.493187,776.1199,844.16425,114.390816,66.95824,0.54198915,1.155358,0.075060785,0.23820256,1.0305895,0.9555287,16.155682,14.544615,9.472784,7.676486,0.4976715,1.3739829,21.175419,1.0842247,8.664361,1.8135827,11.795486,1.7996175,-5.7518077,-3.606191,0.052826036,1.8759735,1.7621027,0.63300127,2.3186016,1.9276696,3.5482879,4.304763,25.818184,0.97643965,614.91797,0.49743655,1208.2867,0.25305638,-100.03236,-0.91156334,1664.1357,0.24030285,957.3588,0.31531852,-103.600204,-0.8146716,2778.8364,0.13433798,943.72406,0.41072908,-105.05265,-0.78506213,-17.10586,-1.0569893,28.12335,0.7204512,0.009643727,4.7083645,-0.032327585,-0.8629453,0.80584025,0.90134186,31.197155,0.7992352,15.031373,1.1246862,17.950457,1.4351746,-10.786641,-2.165983,-5.556642,15.4534,-0.00917043,-0.000994782,0.097569965,2.2747953,1.738335,0.31736842,0.17917478,0.2368421,0.40935192,-24.735334,0,6,1,1,0,0
13,./voice\morry_bk\condition1\c04.wav,0 days,0 days 00:00:12,29.440924,0.42788753,21.494371,24.725525,30.335613,8.841242,396.97922,316.75702,207.50485,254.43645,0.7409318,1.0188154,0.09390465,0.4334061,1.4685434,1.3746388,14.854653,9.583087,10.41144,9.154922,0.56707114,1.0340213,20.086897,1.4412155,7.5654984,2.4879632,17.554703,1.387754,-2.7300456,-6.6912513,0.041746486,1.859686,1.7081522,0.62073946,1.4089146,3.308916,1.3160349,10.768394,19.113749,1.516361,624.3672,0.5147083,1170.3252,0.288859,-78.305435,-1.1048057,1714.1422,0.25308412,937.1808,0.336185,-78.177185,-1.0437311,2759.2954,0.14967152,944.6511,0.32991323,-79.09835,-1.0222853,-11.002492,-1.9820665,20.759367,1.2505947,0.010477166,3.4357376,-0.028318644,-0.9013546,0.7699202,0.747306,25.671076,1.2418644,9.839253,2.0927744,22.958384,1.1273763,-5.37157,-3.702786,-4.5295568,14.511952,-0.010956443,-0.001469326,0.14272627,3.2527106,2.1775546,0.3069231,0.26720446,0.1372,0.19459744,-25.624409,0.100000001,4,0,0,0,-1
13,./voice\morry_bk\condition2\c12.wav,0 days,0 days 00:00:11,28.728516,0.36705795,22.698503,25.000181,29.40249,6.703987,621.0594,1020.54315,188.01303,160.66609,0.5213181,1.0271552,0.088106364,0.3146318,0.9313992,0.84329283,10.857052,7.8696465,9.582857,7.4870443,0.32784295,1.1751357,20.41132,0.9765097,4.215424,3.1774304,19.544329,1.4564971,-3.769069,-4.394358,0.03780161,1.6342627,1.6488563,0.6713422,2.7252991,1.725455,6.391369,1.9509579,21.679937,0.89863056,610.7158,0.45619997,1140.48,0.29390216,-88.52242,-1.0155163,1698.4935,0.2028888,856.4675,0.5021302,-90.198975,-0.92177904,2746.521,0.12271409,903.5595,0.3940983,-90.3203,-0.9184266,-13.067396,-1.1016989,21.582302,0.7683491,0.00673418,5.72379,-0.025214685,-0.84971917,0.4927646,0.7956749,27.548523,0.7613223,6.9581523,2.1802979,30.697094,0.97202194,-8.420609,-2.1407387,-4.768917,15.124901,-0.009293914,0.003036949,0.0551757,2.365787,1.9195613,0.31809524,0.26853427,0.22352941,0.19140168,-29.041231,-0.300000012,6,1,0,1,1
13,./voice\morry_bk\condition3\c23.wav,0 days,0 days 00:00:13,29.427094,0.41432726,22.110996,25.174261,29.39228,7.2812843,492.59464,740.76685,177.45572,182.5089,0.5489049,1.0574278,0.080027625,0.36771527,0.8922136,0.81218594,12.952105,11.335072,9.338463,9.25435,0.46697858,1.204468,19.3555,1.3647157,13.140568,1.3060483,16.65357,1.4967405,-1.6711673,-11.315069,0.043030832,1.8872153,1.7034401,0.77664393,2.374867,2.2675676,4.333447,4.0676146,27.898632,1.0085865,678.2351,0.4658075,1187.9102,0.29085845,-87.60226,-1.0157601,1807.3268,0.21764563,942.4212,0.42036235,-92.65622,-0.878853,2884.933,0.11509438,937.343,0.37773305,-93.90104,-0.855646,-16.336803,-1.2618741,28.241287,0.8016689,-0.00420386,-9.460656,-0.025081584,-0.99958426,0.6700836,0.8513825,27.54165,1.019791,17.956226,0.9699501,21.754803,1.2991915,-5.417783,-3.9000852,-4.222969,12.558625,-0.017006572,-0.000649872,0.12315088,2.6943803,2.3201857,0.26266667,0.22599311,0.19130434,0.23860654,-25.228842,0.300000012,6,1,1,0,0
13,./voice\morry_bk\condition4\c01.wav,0 days,0 days 00:00:11,26.946964,0.37046766,21.37726,24.300821,26.5454,5.1681404,397.49707,408.09705,57.731438,49.539597,0.9070449,0.96609104,0.09999557,0.64155215,1.607836,1.5078404,14.886723,14.5009985,8.942669,5.2337904,0.7960157,1.0398602,24.2322,0.98317397,5.731516,3.2232409,17.58249,1.6005833,-4.410173,-4.681188,0.04364295,1.6941258,1.6127303,0.6186297,1.8557203,2.202383,1.8514379,6.0820584,25.766218,0.8141221,587.9027,0.4999945,1173.0541,0.3162075,-71.01135,-1.2402415,1607.3955,0.24009988,919.38586,0.34487513,-74.37755,-1.1093041,2719.504,0.12734792,877.56305,0.40944776,-78.897545,-1.0077397,-13.672026,-1.2193316,25.578604,0.7413921,0.013012324,2.4759517,-0.030862486,-0.86066604,1.0776217,0.7412318,31.804241,0.7372578,8.4731455,2.3596473,21.23362,1.4547131,-8.581514,-2.628066,-3.3878565,13.797092,-0.007638463,0.000413763,0.16442646,2.2747953,1.4625229,0.468125,0.29525873,0.19562499,0.18394865,-22.43651,-0.100000001,4,0,1,1,-1
13,./voice\morry_bk\condition2\c05_01.wav,0 days,0 days 00:00:12,28.235752,0.4168775,21.80851,23.391073,28.32285,6.5143394,806.38,950.0778,158.61185,121.41656,0.49856082,0.929201,0.09165631,0.37059036,0.85808516,0.7664288,10.40052,9.122033,8.185016,4.999992,0.3375002,1.112511,18.721794,1.2744544,7.185039,2.0033634,15.503626,1.7447622,-4.013074,-5.1713223,0.04737076,1.7300766,1.8030995,0.70695263,1.4924567,3.4590168,4.6931286,2.9924664,22.101198,0.9746489,569.8545,0.43510664,1156.4598,0.23700438,-94.416,-0.9654227,1674.5005,0.20253368,879.49115,0.4371866,-95.56559,-0.88342273,2727.6326,0.12621063,930.9728,0.42904907,-95.64432,-0.87208945,-11.439203,-1.4566414,21.378706,0.9187864,0.002136492,19.64762,-0.020740291,-0.86160105,0.49630126,0.7595267,26.282919,0.9846479,10.911565,1.2970276,23.75716,1.3100792,-7.2555795,-3.2582204,-2.928037,11.511872,-0.004318097,-7.41E-05,0.097988985,3.0025022,2.2632022,0.2548148,0.24226356,0.17879999,0.23686822,-30.199507,0.100000001,8,1,0,1,1
13,./voice\morry_bk\condition1\c06.wav,0 days,0 days 00:00:13,29.223873,0.37211525,21.84272,26.816713,28.998037,7.1553173,1148.7214,1500.5256,123.994774,94.70685,0.51867956,0.95903814,0.09835829,0.34528685,0.8583374,0.7599791,10.988425,7.277039,8.56811,6.2087774,0.3638445,1.0946127,19.90666,1.177569,7.1503177,1.917775,16.753397,1.5158976,-3.042684,-5.1974235,0.040202525,1.1625091,1.9192133,0.647174,1.8646662,2.7562945,4.298806,2.1262426,20.78736,0.9420797,605.308,0.46035856,1162.873,0.28366634,-85.804436,-1.0334973,1673.2067,0.21030198,884.57056,0.40817264,-89.167984,-0.9108655,2738.8147,0.13035135,910.39386,0.3664641,-89.909615,-0.8931285,-12.663741,-1.2659886,22.355675,0.85650134,0.023114113,1.6003697,-0.025356129,-0.8485453,0.5303405,0.7605555,26.940052,0.9273632,10.039402,1.425924,23.582184,1.1888778,-5.824477,-2.9470973,-3.6662743,12.86363,-0.007126788,0.002292533,0.081697606,3.156274,2.4729521,0.2478125,0.1850293,0.15851851,0.16910884,-28.775383,0.200000003,4,0,0,0,-1
13,./voice\morry_bk\condition3\c16.wav,0 days,0 days 00:00:11,29.627243,0.4035609,22.730751,24.613214,31.025476,8.294725,789.23676,877.49994,140.91231,131.022,0.46360016,1.0933806,0.086704135,0.24966939,0.7645981,0.67789394,9.924923,7.7795196,6.6733336,4.6801534,0.36912873,1.3751506,21.446854,1.1627178,10.257476,1.4698598,8.487285,2.139229,-4.493391,-4.629493,0.053636633,1.7726164,1.6579988,0.60503334,1.8380316,2.7533796,4.535829,2.5453255,30.581945,0.7306019,627.26843,0.52173877,1230.469,0.28726056,-86.89186,-1.0478785,1647.8575,0.24425222,994.2511,0.29110438,-90.02997,-0.92879426,2788.428,0.123837665,1004.64014,0.39685217,-93.936905,-0.85440075,-16.924496,-1.1777065,29.957222,0.6883234,0.004446132,9.4612255,-0.027072435,-1.1648408,0.5403069,0.99319816,29.150536,0.9264276,15.217611,1.0173361,10.830573,2.0005603,-8.5988035,-2.6547828,-5.5622067,14.699508,-0.010236827,8.71E-06,0.075118214,2.2747953,1.738335,0.3568421,0.2704782,0.21,0.24097027,-27.334932,-0.100000001,6,1,1,0,1
13,./voice\morry_bk\condition3\c20.wav,0 days,0 days 00:00:12,28.095066,0.436711,21.331541,22.957792,28.691633,7.360092,842.2288,1164.5148,245.18611,460.30112,0.45151412,1.1973555,0.07744065,0.23290454,0.7352842,0.6578436,10.292569,10.726453,8.560627,6.362749,0.34134987,1.3775047,20.060923,1.0885769,7.0056434,2.2906203,17.487207,1.3752577,-1.9887544,-9.573871,0.033579547,1.2453442,1.6997504,0.7094187,1.7113961,2.672539,0.7802337,18.23697,23.970793,0.9560955,627.96344,0.5193869,1149.3632,0.27713397,-97.05887,-0.9594907,1738.9492,0.21524377,910.743,0.50912124,-101.08339,-0.8423097,2822.502,0.120706595,949.8987,0.37260792,-100.696526,-0.84119993,-15.261455,-1.2431191,24.086407,0.8140275,0.003443777,8.988617,-0.026354153,-1.0567634,0.55600417,0.92153233,27.928194,0.8759838,11.941134,1.5227617,26.877905,1.0098913,-7.2119627,-3.0487237,-6.1347723,15.640498,-0.018058874,0.00157211,0.050346944,2.001668,2.0117352,0.27541664,0.33584446,0.21818182,0.3065443,-28.352669,0.100000001,6,1,1,0,0
13,./voice\morry_bk\condition2\c02.wav,0 days,0 days 00:00:12,29.081205,0.40198985,21.752268,24.312017,36.651356,14.899088,729.2989,967.43384,180.79575,139.52414,0.55268764,1.0833243,0.09230563,0.31883743,0.8698089,0.77750325,15.007717,10.545824,11.12331,8.815091,0.43584397,1.1666518,20.810379,1.1327019,8.711974,1.7764761,12.13732,1.7979314,-5.6043477,-3.1056297,0.052145857,2.134365,1.8868706,0.6414718,2.068495,2.3620486,4.699284,3.0673223,26.268267,0.86100054,643.8709,0.42701712,1169.8938,0.2570463,-88.42694,-0.9897006,1735.9834,0.22240464,984.99304,0.36284727,-90.55955,-0.8945687,2818.9277,0.12885872,856.7986,0.44278952,-92.13469,-0.8583847,-15.662605,-1.1429003,25.94362,0.71729857,0.00979875,4.279561,-0.026060704,-0.97415286,0.6033538,0.84976685,27.747536,0.8979067,13.40775,1.2003108,16.71061,1.4443092,-10.051201,-1.8612137,-4.2125287,14.304248,-0.0029399,0.000412068,0.15307787,2.5020852,2.512563,0.24366666,0.26661438,0.15346155,0.19446066,-27.821934,-0.800000012,6,1,0,1,0
13,./voice\morry_bk\condition3\c00_00.wav,0 days,0 days 00:00:11,30.262354,0.4253268,22.881302,25.003756,41.88436,19.00306,1176.6346,1565.8103,155.40204,136.30862,0.6330773,1.0355222,0.07995854,0.33064952,1.2424476,1.162489,17.058859,11.235102,12.981374,9.281738,0.5032795,1.3098896,15.824088,1.4907084,6.5131884,2.3655543,17.179995,1.6756358,-5.72602,-3.1765234,0.035529558,1.3529489,1.8328692,0.6665372,1.7505212,2.897356,0.19471398,75.281815,17.770628,1.283692,618.3386,0.5238981,1105.6267,0.27303594,-103.96146,-0.90577734,1725.3525,0.21811119,821.9054,0.53245294,-105.274536,-0.833087,2794.5222,0.12645702,998.4889,0.46563116,-104.48684,-0.8366522,-9.871916,-1.7764452,19.498707,1.0075089,0.018802593,2.0545778,-0.026455289,-0.9356128,0.7946575,0.83206296,23.759142,1.1023782,10.265423,1.6604897,27.398907,1.259821,-10.836705,-1.9230994,-4.284816,14.482569,-0.008800699,-0.001053856,0.16209972,2.7297544,2.0128088,0.2581818,0.21943389,0.25157893,0.52719975,-26.448326,0.600000024,4,1,1,0,-1
13,./voice\morry_bk\condition2\c01.wav,0 days,0 days 00:00:12,28.519934,0.43144923,21.40571,23.627945,27.92266,6.5169506,1070.6361,1343.5579,130.52748,94.8649,0.690452,1.0554447,0.0866995,0.44408488,1.1983067,1.1116072,18.257307,15.192927,13.060672,9.76736,0.55216175,1.2868723,19.157322,1.2121989,6.54574,2.9080412,20.082462,1.3544712,-5.063647,-3.374439,0.041300498,1.665405,1.8366965,0.6521026,1.1877005,3.9982002,1.9713763,7.5159016,18.469458,1.3199944,599.55255,0.48747742,1101.2175,0.2814668,-86.17217,-1.0354868,1691.5867,0.22069699,840.1788,0.4951542,-89.07612,-0.9164639,2735.9612,0.1278664,911.9561,0.40539625,-86.82321,-0.94988817,-11.9557,-1.5628426,20.488726,0.9640058,0.004875065,7.0758486,-0.030325674,-0.88170093,0.767041,0.9450935,25.471495,0.9880375,9.867852,2.093651,27.651745,1.0392716,-8.749173,-2.0414653,-3.67375,12.9001255,-0.010537389,-0.000223814,0.17729723,3.0025022,2.514669,0.24333334,0.22195093,0.14592592,0.1896441,-25.731087,-0.600000024,6,1,0,1,1
13,./voice\morry_bk\condition2\c00.wav,0 days,0 days 00:00:12,27.853876,0.35302106,22.420387,24.402466,28.949226,6.528839,1074.298,1315.2238,113.79841,93.91634,0.5774245,1.0526102,0.090798184,0.35358956,1.0078715,0.9170733,11.052611,11.903617,9.222406,7.3752084,0.4103574,1.2636886,22.74541,0.8773832,5.2399516,3.1929104,15.768994,1.6184803,-2.726856,-6.444486,0.03250038,1.7318712,1.466978,0.72360575,2.6905465,1.8443384,2.8916814,3.8253636,24.569937,0.7512098,559.60944,0.42538318,1165.0747,0.22791192,-93.9861,-0.9766647,1627.6731,0.20055084,935.6331,0.3917244,-96.30298,-0.87957263,2679.9597,0.12043795,896.99176,0.4316656,-98.20932,-0.8417023,-14.782554,-1.0313225,24.017477,0.67705876,0.010134638,3.4382637,-0.030307708,-0.8992018,0.62079823,0.8714818,31.382414,0.6397949,9.235592,1.9900984,24.268688,1.1584268,-7.382343,-2.6188304,-4.799366,15.231554,-0.008989047,0.000937923,0.11095605,2.3352795,2.3470244,0.24,0.24819347,0.19913043,0.25978106,-27.248915,0.200000003,6,1,0,1,0
13,./voice\morry_bk\condition1\c03.wav,0 days,0 days 00:00:12,28.029726,0.38560346,22.509243,24.568916,27.911089,5.401846,302.13358,350.1967,118.01171,133.29172,0.7321446,0.9864022,0.09023761,0.50179523,1.2311114,1.1408738,15.956101,12.158151,10.187215,7.805364,0.6460435,1.1039633,23.920128,1.1467133,9.659597,1.6093867,14.842568,1.7421871,-7.974684,-2.4420815,0.038308587,1.6825113,1.7756165,0.6488688,1.466526,3.596182,4.7086883,3.2565737,25.733625,0.7995957,639.4277,0.509106,1198.3069,0.25246635,-64.886826,-1.2979132,1710.5825,0.2420044,940.1904,0.5024899,-71.33333,-1.0942544,2815.0044,0.1373388,914.65247,0.43986934,-75.00274,-1.0105245,-14.156318,-1.3291795,25.901009,0.7447906,0.015795238,2.5184126,-0.03166588,-0.9016838,0.8529028,0.8552783,30.41007,0.9116197,12.166055,1.3419997,18.013199,1.6199101,-12.416018,-1.5221094,-5.4335065,15.640545,-0.015784519,0.001453823,0.11523193,3.2527106,2.0955575,0.33759996,0.21260817,0.14142857,0.21894301,-24.340364,-0.300000012,8,0,0,0,1
13,./voice\morry_bk\condition4\c06_00.wav,0 days,0 days 00:00:11,30.290148,0.36102882,23.560802,26.563812,32.327072,8.76627,493.72214,508.46643,65.668686,57.03387,0.66257304,0.82146835,0.15093192,0.52508557,1.0687186,0.9177866,12.412736,11.297072,6.645003,4.7912207,0.4317165,1.0335586,24.19833,1.0596911,7.738968,2.234527,15.523919,1.3759022,0.60990155,29.198881,0.030884966,1.5349604,1.3595084,0.7328538,3.830594,1.4219407,6.838118,1.7007437,26.393122,0.7869965,575.0802,0.4221802,1157.3867,0.27005082,-67.386444,-1.2556648,1630.6088,0.19905259,959.144,0.3775993,-72.6177,-1.0563632,2684.3948,0.12350984,966.08276,0.3641911,-74.03777,-1.0025315,-15.190542,-1.1010747,25.027205,0.79867375,0.02167696,1.7412267,-0.028789876,-0.74017835,0.54265475,0.81822526,31.160936,0.798463,10.614169,1.65225,20.043459,1.0928857,0.63409686,30.282694,-1.9959327,11.045241,-0.002299237,0.001702998,0.12247431,2.7297544,2.1998167,0.3229167,0.3603757,0.13789473,0.12513483,-26.05352,-0.100000001,4,0,1,1,-1
13,./voice\morry_bk\condition3\c00_01.wav,0 days,0 days 00:00:11,29.328281,0.46870652,20.703957,22.893663,40.14996,19.446003,831.1848,911.929,208.68105,217.8143,0.5643514,1.1689347,0.07279374,0.30189046,0.889485,0.8166913,17.036652,15.812049,10.622454,10.397143,0.5216877,1.2406473,16.486479,1.7055819,12.435143,1.1731527,16.105364,1.4822333,-2.2580435,-8.727164,0.052369755,1.4109515,2.0493171,0.55062133,0.23216783,20.077013,1.4215965,8.565826,19.68242,1.3952289,676.4345,0.5526398,1176.3806,0.2582572,-80.00722,-1.0778947,1748.7202,0.2451399,975.10345,0.37317505,-80.695724,-0.99473214,2825.334,0.13261414,948.5405,0.44748086,-80.96404,-0.98600554,-11.710694,-1.8947587,22.807873,1.0690095,-0.007871319,-5.497678,-0.019374346,-1.1830564,0.6756425,0.9957565,21.091354,1.4836501,14.621588,1.0129066,20.200186,1.2991102,-3.6538439,-5.81162,-5.1400595,14.883764,-0.012144686,-0.00224785,0.20492244,3.1847134,2.927722,0.2225,0.23590252,0.10827586,0.08638602,-27.61654,0.100000001,4,1,1,0,0
13,./voice\morry_bk\condition2\c07.wav,0 days,0 days 00:00:11,28.469418,0.43195033,21.544123,23.166061,28.43524,6.891117,1172.791,1377.1024,51.639786,56.11783,0.51723623,1.0287495,0.09076285,0.3264685,0.9181641,0.8274012,15.048248,12.425778,9.112809,7.2270703,0.36392513,1.292931,19.228104,1.2250601,6.3441753,2.4133346,11.992634,1.9592044,-8.505765,-2.3571603,0.040094323,2.2297897,1.6134975,0.6133023,1.7542319,2.5480468,2.7962751,4.329353,24.689041,0.8627295,580.93695,0.50981194,1171.1481,0.27691853,-96.5141,-0.95668364,1585.9309,0.24342243,958.26227,0.4105969,-98.32577,-0.8821402,2710.5515,0.123308085,895.08716,0.42288297,-100.47161,-0.8352373,-14.900151,-1.2542809,24.833916,0.77326953,0.006529785,5.1982436,-0.03426964,-0.8883201,0.58912575,0.85264033,28.111044,0.9340051,9.953643,1.7117993,17.00087,1.6731434,-16.461258,-1.22067,-4.3492966,13.106731,-0.010203132,0.000527257,0.057861887,2.365787,1.9213176,0.29095238,0.35058996,0.2175,0.20590955,-28.694891,0.800000012,4,1,0,1,0
13,./voice\morry_bk\condition4\c07.wav,0 days,0 days 00:00:12,29.932226,0.35534278,22.719643,27.060823,30.82426,8.104618,603.2875,826.00183,159.20454,307.9158,0.73432344,0.91884434,0.120588526,0.48962462,1.378762,1.2581735,15.942517,12.741609,11.008489,7.959873,0.56095946,1.0750691,22.582447,1.1654236,8.371368,2.0258229,11.063023,1.9402605,-3.5881143,-4.686666,0.033747565,1.3462398,1.5544246,0.7467653,2.7167144,2.1409192,7.3561435,1.5851562,29.812368,0.7546755,610.2674,0.45650432,1217.3542,0.25039145,-77.83348,-1.1422374,1668.3949,0.22515069,958.9575,0.39723256,-81.89885,-0.996635,2768.4333,0.12843278,997.8046,0.36664847,-86.50544,-0.91304773,-15.789069,-1.1216398,28.41582,0.6894439,0.021269724,1.9349741,-0.026932698,-0.95285314,0.75024956,0.796304,30.38077,0.88588107,12.980012,1.1941817,13.9661665,1.7367281,-6.041905,-3.0728416,-2.2086644,11.308289,-0.004850936,0.000106945,0.1865735,3.1693077,1.8425461,0.35363635,0.25652477,0.18399999,0.23629218,-24.027363,0.100000001,8,0,1,1,1
13,./voice\morry_bk\condition1\c21.wav,0 days,0 days 00:00:13,29.925304,0.40378043,23.006897,25.694704,29.969627,6.9627304,573.7369,1053.764,147.1546,82.03764,0.9694087,0.98079926,0.09065621,0.67935354,1.748267,1.6576109,19.423765,16.27588,12.872596,8.647847,0.7441717,0.9920451,20.623255,1.2677429,5.707722,3.3182886,18.911787,1.2497488,-9.384584,-2.209564,0.03626982,1.857041,1.6709452,0.7164857,1.9274393,2.6504314,2.4226418,4.750592,19.746494,1.2131222,595.54865,0.5631411,1141.6266,0.26975974,-74.31498,-1.17621,1631.1616,0.24259768,879.1492,0.36654982,-75.69309,-1.0725,2727.0369,0.1358428,867.09503,0.4524223,-76.47278,-1.0448115,-11.576072,-1.5501503,20.60762,0.9738275,0.024350973,1.3979542,-0.034194715,-0.78143996,1.0000648,0.7086283,27.088175,1.0215003,6.421207,3.150989,24.539146,0.9797657,-13.426792,-1.6304158,-4.5552144,14.280765,-0.009851308,-0.001089846,0.17310368,3.6181679,2.2428463,0.3027586,0.2721928,0.16714284,0.18087465,-22.834852,0.200000003,6,0,0,0,-1
13,./voice\morry_bk\condition2\c09_01.wav,0 days,0 days 00:00:11,27.289648,0.43779385,20.988983,22.229836,26.723412,5.7344284,834.58655,958.0085,192.10616,178.08258,0.3803611,1.0999968,0.087922715,0.19169761,0.638259,0.5503363,15.202903,15.182838,11.397816,10.512073,0.3075584,1.5541,17.444258,1.2120494,6.1297092,2.3503435,15.568742,1.5939268,-1.7346513,-9.84338,0.0638115,1.9832133,1.9841586,0.63690364,0.55907106,7.107664,0.27758542,47.742382,22.076447,1.119509,615.2155,0.55102533,1208.9717,0.25004405,-108.71158,-0.84204614,1714.9585,0.21193165,965.51514,0.4852193,-109.68565,-0.77530026,2748.3025,0.13751188,955.02734,0.43059155,-109.57023,-0.7708565,-12.442606,-1.4362519,23.16304,0.86722404,-0.001510345,-25.215523,-0.018512072,-1.1202761,0.5316695,0.9568626,25.43723,0.9872318,12.357953,1.3091941,25.07008,1.1928941,-5.6753407,-3.4419355,-4.8665686,13.461135,-0.006290691,-0.000821807,0.06533149,2.911738,2.1081576,0.24086955,0.20706885,0.23285715,0.26049668,-31.872576,-0.100000001,4,1,0,1,-1
13,./voice\morry_bk\condition3\c11.wav,0 days,0 days 00:00:11,27.040575,0.3419969,21.76918,24.057852,27.986212,6.2170315,242.8734,280.07568,74.08749,61.883324,0.6279403,1.1884327,0.08462514,0.3668534,1.0489752,0.9643501,13.011685,10.06324,11.461065,8.820448,0.50813925,1.33458,23.940273,0.9303835,7.67836,2.0551903,11.311502,1.8282565,-6.1644645,-2.8492575,0.03308231,1.3507531,1.5227134,0.6167414,2.5811994,1.6674885,3.8247766,2.6518173,28.18743,0.6885357,580.0564,0.40577376,1197.5769,0.2413093,-90.45989,-1.0090582,1632.717,0.22217225,968.24194,0.35164067,-95.83604,-0.87133366,2745.3845,0.13590461,920.83325,0.40887946,-98.37298,-0.8246968,-17.341225,-0.9520006,28.209917,0.6539671,0.014083847,2.3821743,-0.035780728,-0.6558261,0.8005301,0.8996594,34.39601,0.62770486,12.801787,1.3415748,16.88138,1.4491004,-12.498296,-1.468541,-5.717357,16.352072,-0.01121488,0.002509415,0.058231298,1.9108281,1.5539306,0.38117644,0.33126995,0.29214284,0.458572,-24.990566,0.800000012,6,1,1,0,1
13,./voice\morry_bk\condition4\c10.wav,0 days,0 days 00:00:12,29.396133,0.3288259,23.268719,26.898336,30.394896,7.126177,506.68997,827.2599,136.72667,133.01439,0.6448916,0.885257,0.10996798,0.47899795,1.1981552,1.0881872,11.611901,8.056423,8.856921,6.339212,0.40966353,1.0753403,24.712626,0.9189203,5.4268265,2.8661983,12.699996,1.911946,-5.896318,-3.2702887,0.040685054,2.0835068,1.4757134,0.79715127,3.2102513,1.7730498,8.436172,1.9655262,26.622673,0.69551593,604.5152,0.44729802,1219.9745,0.27324665,-73.843346,-1.201325,1635.4706,0.20547871,972.6529,0.39657778,-79.28271,-1.0267222,2740.0342,0.12531982,910.9822,0.4649281,-82.944984,-0.9509692,-14.761205,-1.0907757,25.381056,0.6902843,0.028154269,1.3975699,-0.02961955,-0.87506133,0.5761815,0.76969856,31.488897,0.74814945,8.36582,2.0096533,16.813023,1.6307086,-11.393821,-1.7142955,-4.70747,14.153084,-0.011381007,0.00193014,0.0659197,2.9190993,2.0955575,0.3144,0.26004735,0.16904762,0.31318495,-26.510424,0.899999976,8,0,1,1,1
13,./voice\morry_bk\condition3\c04.wav,0 days,0 days 00:00:12,28.138496,0.43907234,20.68904,22.669867,28.606886,7.9178467,711.5412,923.0976,158.98018,126.110565,0.42008048,1.2789445,0.074789844,0.15791701,0.650669,0.57587916,14.10578,12.213789,10.567812,9.597896,0.33982486,1.4963359,18.608898,1.2622777,7.1523485,1.9685934,10.209881,1.7413427,1.7512177,9.579011,0.05324342,1.55485,2.0527384,0.56112254,0.6150424,7.0601306,1.2288898,11.073613,23.046967,1.0637975,688.99426,0.5869649,1192.92,0.2876504,-105.48644,-0.8725904,1719.412,0.24897344,1064.566,0.33569473,-107.19906,-0.8062864,2792.81,0.14621472,973.76074,0.33191416,-110.22854,-0.7598603,-14.547978,-1.3513874,26.930641,0.75183684,0.002185006,19.209743,-0.025788583,-1.0562552,0.5700593,0.9574079,26.856613,1.0608655,12.344465,1.2759866,14.406473,1.5043703,-1.3786783,-14.80932,-7.0200696,17.821877,-0.01565185,0.000816723,0.08839472,2.4186823,2.2651007,0.2237037,0.16618036,0.212,0.29050303,-29.317383,0.100000001,6,1,1,0,-1
13,./voice\morry_bk\condition3\c05.wav,0 days,0 days 00:00:11,30.516731,0.39746,21.891287,24.472284,41.69179,19.800505,560.9842,743.71,174.09424,183.80643,0.50370914,1.0329796,0.07623066,0.31787384,0.87747824,0.8012476,8.889677,6.4481435,7.114341,4.8433533,0.37968168,1.1539652,21.388924,1.0873119,9.925457,1.6151631,15.522176,1.3799198,-6.1311693,-2.9958131,0.03879454,1.4542693,1.6952977,0.707837,3.0135047,1.7856523,3.1921172,4.13948,25.428434,0.8536021,649.01733,0.4155893,1144.6476,0.24534102,-91.94342,-0.9721816,1778.9707,0.21032657,905.01855,0.3912478,-95.96389,-0.84683967,2857.34,0.12315478,857.39075,0.5178905,-95.88551,-0.84109885,-17.335382,-1.0760865,26.878826,0.7280931,0.015583952,3.1053119,-0.03341196,-0.7366526,0.573701,0.77064824,28.880304,0.88507664,14.95673,1.0559881,21.687128,1.1024936,-11.370058,-1.7122226,-6.0539618,15.915108,-0.011547634,-0.000702706,0.06419876,2.5477707,2.1043003,0.2847826,0.2944246,0.1945,0.16602635,-26.824451,0.5,6,1,1,0,0
13,./voice\morry_bk\condition3\c21.wav,0 days,0 days 00:00:13,30.863464,0.44751653,21.221737,25.127579,49.84227,28.620533,1074.8171,1267.6449,333.15857,400.546,0.5058667,1.2421738,0.07846418,0.21518345,0.81091034,0.7324462,12.892888,11.695594,8.266758,7.792693,0.38666898,1.395771,16.634283,1.3862612,5.2056503,2.7600796,14.445276,1.6252669,-2.5556443,-7.4749513,0.046983372,1.8332585,1.8970691,0.6117844,0.93241876,5.024515,2.7382727,4.9970756,18.985859,1.2012335,647.1048,0.5543714,1170.6398,0.27077872,-104.30463,-0.87837416,1722.3373,0.23960091,890.82556,0.44507146,-103.96348,-0.83525074,2776.7236,0.13714908,906.77185,0.46469876,-103.24405,-0.8297135,-9.681208,-1.9766246,19.4125,1.0542934,0.006202798,5.9657545,-0.021632634,-1.0850277,0.63846654,0.9023825,22.844181,1.2325709,9.629401,1.669648,24.090208,1.083461,-7.531259,-3.0023882,-4.4335976,14.756713,-0.01065223,0.000357899,0.09031044,2.617398,2.5522044,0.20545453,0.18421152,0.19285715,0.24768728,-28.43726,0.899999976,6,1,1,0,0
13,./voice\morry_bk\condition4\c06_02.wav,0 days,0 days 00:00:11,26.8579,0.34835792,21.543386,24.224318,27.47532,5.9319344,531.2553,710.0611,88.357506,61.282986,0.4036209,0.752765,0.1508716,0.3379712,0.58583754,0.43496594,6.5061197,3.5431461,6.3531923,4.169764,0.23331614,1.0012076,22.53415,0.9887722,3.885032,3.5425599,5.118167,3.257169,-0.766949,-18.824657,0.042036172,1.8583968,1.6329038,0.580888,1.8397334,2.2669406,3.3788044,3.3732383,26.150229,0.73896116,568.25446,0.42430574,1236.2783,0.2373168,-87.932274,-1.0208108,1561.8059,0.20291771,997.86896,0.28570533,-89.00666,-0.96103495,2658.3306,0.1263576,970.0043,0.3266427,-95.47944,-0.8410111,-11.670098,-1.1845915,26.767275,0.6374742,0.010660241,3.2159886,-0.02100962,-0.9344886,0.337797,0.69210535,32.091343,0.67488074,6.644895,2.0326073,6.51131,3.012303,-1.262976,-13.027161,-1.1194288,8.164048,0.009588555,-0.00048495,0.06652246,3.4576888,2.1937845,0.27208334,0.20387861,0.18571427,0.3427698,-33.16639,-0.200000003,8,0,1,1,1
13,./voice\morry_bk\condition1\c07.wav,0 days,0 days 00:00:11,27.399805,0.27826166,22.954224,26.205502,28.730667,5.7764435,599.743,655.0924,77.208176,105.66432,0.58568275,0.97734195,0.099016756,0.36359158,1.1232773,1.0242605,10.405762,7.4025536,9.046502,7.491272,0.3734215,1.2614365,23.692568,0.821994,2.0827727,7.132848,17.268356,1.3028675,-1.1330363,-16.853306,0.031115968,1.849632,1.5402673,0.69024223,3.7260299,1.1705216,3.9866445,2.384775,23.361406,0.73818713,525.3515,0.4622452,1156.0391,0.22843993,-89.28051,-1.0332627,1535.1912,0.19352296,896.6825,0.30368844,-93.391815,-0.92793244,2586.5552,0.1276562,936.9937,0.41777387,-96.07113,-0.8777588,-14.147385,-0.98622465,23.560087,0.678668,0.024332458,1.4365027,-0.0330781,-0.66346735,0.56292677,0.8315998,34.064297,0.51544607,3.9534445,4.4314303,26.71417,0.8811011,-4.3029923,-5.289987,-4.3860645,13.508594,-0.00448221,0.000798348,0.09659376,2.456779,1.3711152,0.42533332,0.43981615,0.2482353,0.33320606,-27.051083,0.100000001,6,0,0,0,-1
13,./voice\morry_bk\condition1\c19.wav,0 days,0 days 00:00:13,26.255259,0.38984326,20.82151,23.169075,28.578857,7.757347,559.47217,512.96277,150.17134,141.73679,0.606408,1.3166451,0.068369076,0.19735615,1.1170207,1.0486517,16.828642,14.053719,11.962705,9.551414,0.48504975,1.4385563,21.293932,1.0000539,7.5281806,2.0999458,17.923588,1.2794644,0.67948246,27.098835,0.036906537,1.4211392,1.8424525,0.71321535,1.8296212,2.5876708,8.663151,2.1394062,25.584345,0.86562157,600.2875,0.4959831,1161.2815,0.23449983,-95.558495,-0.92848456,1660.8999,0.22380191,975.54895,0.40481317,-98.3526,-0.8436843,2753.7363,0.13507214,891.9497,0.48229477,-99.747475,-0.81710815,-16.415703,-1.016285,26.66843,0.7000394,-0.014138526,-3.3871734,-0.024158798,-1.0325577,0.76291174,0.9606279,29.780909,0.75869256,11.341701,1.5853987,26.58971,0.95309305,-3.3770888,-6.097332,-7.9713607,18.482395,-0.023220776,0.001258075,0.09071153,2.3094687,2.0865533,0.27407408,0.27109188,0.19115384,0.2038915,-24.129532,0.699999988,4,0,0,0,-1
13,./voice\morry_bk\condition4\c14.wav,0 days,0 days 00:00:11,26.868853,0.36990756,21.511353,23.76851,26.85413,5.3427773,1188.3386,1404.0254,127.41424,126.75563,0.5225885,0.91356665,0.08856094,0.40834233,0.8358654,0.74730444,15.411979,12.931429,10.956768,7.8284125,0.391539,1.0861986,24.536942,0.9614287,12.689519,1.2614714,18.35041,1.3381088,-5.979943,-3.043957,0.026580418,1.3884493,1.6403807,0.71035385,2.8413796,1.6867721,4.613122,2.340792,30.99836,0.75038224,597.89136,0.4081894,1210.1467,0.22601454,-70.00025,-1.1906853,1715.0548,0.20858566,948.9138,0.4155468,-77.22815,-0.9887607,2821.3613,0.11971297,865.904,0.46330196,-80.04914,-0.92883646,-17.720186,-0.9382435,28.272833,0.6860322,0.003365302,11.764909,-0.023624726,-0.8146847,0.51390743,0.8424636,31.672007,0.7321623,16.943348,0.91659486,23.312534,1.1406715,-8.441235,-2.3000765,-5.3502536,15.035461,-0.010410123,-0.000554808,0.086756356,2.7297544,1.6453383,0.42777777,0.49487993,0.2176923,0.33599803,-27.984333,0.100000001,8,0,1,1,1
13,./voice\morry_bk\condition2\c06.wav,0 days,0 days 00:00:13,31.031792,0.4435404,21.703802,24.754719,47.367306,25.663504,361.43558,329.5991,85.549965,69.81338,0.5847722,1.0283396,0.08398117,0.40502748,0.9276395,0.8436583,15.188688,16.45668,8.255676,7.801034,0.42240018,1.2697918,17.271112,1.3990686,5.705565,2.713479,15.78303,1.86458,-8.076114,-2.438338,0.04733437,1.7018925,1.7979525,0.5656234,1.3684155,3.4753807,5.6006885,2.1994736,20.617989,0.98886764,607.8306,0.52965385,1126.0558,0.2718303,-97.73796,-0.9427467,1693.5945,0.2223523,796.14667,0.55351347,-96.23541,-0.90263987,2812.9255,0.118629515,895.9745,0.5134601,-95.03392,-0.90493375,-7.9355087,-2.2102976,19.194304,1.0202682,0.004370731,8.463323,-0.024252972,-1.0684983,0.63974804,0.84970045,24.049854,1.1375232,8.316925,2.040651,25.908901,1.3058808,-16.053986,-1.2416713,-3.8381133,13.534843,-0.006104622,0.000989,0.10747466,2.3864512,1.5467905,0.376,0.37671474,0.26210526,0.24487545,-27.553076,0.200000003,4,1,0,1,-1
13,./voice\morry_bk\condition3\c10.wav,0 days,0 days 00:00:11,28.231936,0.40998092,21.293669,22.947203,31.135437,9.841768,713.78046,737.7531,304.31973,824.525,0.4845891,1.0432898,0.08178745,0.24592334,0.8889397,0.8071522,14.4223585,10.886062,8.909637,6.6982355,0.37965924,1.4419608,18.117367,1.2080362,5.9112926,2.4840765,17.252998,1.4111584,-3.8125832,-5.2408204,0.04224203,1.5039083,1.8842926,0.6429552,1.0364845,4.469414,1.855628,5.481342,19.818583,1.0794319,581.5619,0.48376513,1138.4153,0.2534761,-102.06641,-0.89666885,1679.5353,0.21657546,867.1143,0.44031838,-101.22748,-0.8414522,2730.1953,0.12915207,904.44824,0.42216998,-101.22574,-0.8468916,-12.585013,-1.3267596,20.938053,0.90762836,0.009361873,4.537585,-0.03107733,-0.80793494,0.6210203,0.97534424,26.243633,0.92576176,8.833168,1.9149197,27.971111,0.98192114,-8.544395,-2.5896802,-5.73244,14.787126,-0.011408261,0.001386866,0.07523721,2.456779,2.287283,0.236,0.2881111,0.22399999,0.31191984,-28.232126,-0.300000012,6,1,1,0,1
13,./voice\morry_bk\condition4\c16.wav,0 days,0 days 00:00:11,28.035326,0.36743844,22.260769,24.470556,28.212671,5.9519024,933.3532,1299.9249,96.39026,65.25914,0.53822476,1.0719048,0.08973571,0.34277567,0.9353212,0.8455855,9.166597,8.251867,7.3402953,4.873638,0.3947634,1.3304157,19.805387,1.1816826,4.5165267,3.0459573,11.814226,2.0778801,-6.4331126,-3.1454377,0.041917447,1.6914458,1.807763,0.7109126,1.752073,2.5815887,3.3553345,2.5911694,23.728146,0.940596,585.3919,0.45883176,1224.2733,0.2761823,-99.72988,-0.950347,1656.1548,0.23169227,856.7461,0.46070346,-102.10361,-0.8730067,2773.211,0.12656794,899.89087,0.35964394,-104.067825,-0.8355343,-12.327483,-1.4410868,23.528688,0.8806005,0.017806629,2.2207613,-0.03001224,-0.945302,0.6964789,0.7910697,29.946018,0.87122357,9.235946,1.7309967,18.913206,1.6065922,-15.396434,-1.4513406,-4.2075195,13.876021,-0.011204971,0.002273124,0.032272186,2.0018198,1.2808784,0.4207143,0.40148768,0.39499998,0.29327175,-27.589584,0.300000012,8,0,1,1,1
13,./voice\morry_bk\condition3\c14.wav,0 days,0 days 00:00:11,31.264393,0.4247672,22.963829,25.236147,42.770054,19.806225,938.1223,1178.6053,109.47762,88.887695,0.44868687,1.0210232,0.086437225,0.28011432,0.78837883,0.7019416,8.896327,5.9179616,7.109325,5.206197,0.3215237,1.097183,20.679098,1.1852487,8.26951,1.8655738,10.468109,1.8816723,-6.793229,-3.3026931,0.053111516,1.5203217,1.8437797,0.6518526,1.4082668,3.8269694,1.615636,8.496154,23.924961,1.121819,659.1962,0.45172375,1200.4662,0.28540492,-94.10001,-0.97808164,1726.59,0.23199585,1035.8688,0.38742754,-95.302795,-0.88159674,2841.397,0.13076814,923.4684,0.460016,-96.395935,-0.8540895,-15.415484,-1.2880391,26.000744,0.85870796,0.019587675,1.8708253,-0.03106297,-0.80157596,0.49792704,0.6906517,28.196268,0.980191,13.8969755,1.2032195,14.369693,1.6321117,-14.22466,-1.6960658,-5.553327,15.519772,-0.010720396,0.001712424,0.05540829,2.8207462,2.1043003,0.27869564,0.28989208,0.21157894,0.20186663,-28.723642,0.100000001,6,1,1,0,-1
13,./voice\morry_bk\condition4\c04.wav,0 days,0 days 00:00:12,29.278582,0.39543968,21.828577,25.539085,30.459843,8.631266,489.03275,894.2044,143.38408,127.05778,0.6214309,1.018785,0.09305219,0.3960321,1.1072906,1.0142385,14.388541,12.899536,9.87983,6.426438,0.5147675,1.1201798,22.160727,1.1437899,9.004176,1.6155794,13.8912945,1.4904811,-1.800198,-10.147665,0.047949005,1.9664686,1.8370616,0.70268446,2.167037,2.4120553,4.993868,2.2339768,27.012062,0.79197186,632.71204,0.511266,1173.618,0.27683863,-79.042076,-1.1338239,1687.0421,0.23323943,964.36993,0.33533788,-84.26942,-0.96951497,2774.7043,0.13619183,921.29266,0.3750768,-86.6225,-0.9237795,-15.3168125,-1.2186596,26.499424,0.74744,0.014268369,2.877287,-0.026933713,-1.0034856,0.7343645,0.7885721,29.045378,0.93892473,12.69123,1.2085803,18.855059,1.2050674,-3.742507,-5.376532,-4.8438168,14.276594,-0.005261638,-0.00087249,0.08565965,2.8356965,1.927913,0.3352174,0.24764752,0.17809524,0.2149334,-25.02664,0.200000003,4,0,1,1,-1
13,./voice\morry_bk\condition1\c02.wav,0 days,0 days 00:00:13,30.34202,0.42745888,22.020279,25.22642,31.990795,9.970516,615.08215,802.16034,111.13451,120.980385,0.6880569,1.1346066,0.075277835,0.40167102,1.2169349,1.1416571,20.34555,14.792295,12.4783125,10.046477,0.60353464,1.2356898,20.171175,1.3642787,9.739551,1.6360695,13.383532,1.7894711,-2.898776,-6.285087,0.04191893,1.2635064,1.7777178,0.7060954,1.1049721,5.0142636,3.726473,3.817903,24.097057,1.112677,667.2507,0.4785336,1174.6272,0.29405516,-87.43642,-1.0025402,1719.9299,0.23618169,1000.6689,0.38946623,-88.15757,-0.9296458,2817.4329,0.13191356,999.8619,0.43585187,-89.92599,-0.893511,-13.527637,-1.4923313,25.38485,0.9202461,0.011335719,3.6395895,-0.026605178,-0.9427513,0.8584367,0.9022372,27.173895,1.1180929,14.233527,1.1552126,17.679253,1.518317,-6.3010616,-3.0431643,-4.918693,15.016376,-0.014253548,0.000209906,0.15338235,2.617398,2.0881672,0.30148146,0.2322308,0.17416665,0.204856,-24.401463,0.200000003,8,0,0,0,1
13,./voice\morry_bk\condition1\c11_01.wav,0 days,0 days 00:00:12,28.604671,0.43790624,21.142021,23.58496,26.838196,5.6961746,310.91165,303.89355,62.441444,72.30161,0.2956047,1.0486765,0.12083605,0.15268852,0.4214667,0.30063066,10.488377,8.451791,6.5050707,5.499437,0.1526001,1.7000257,13.828558,1.2128774,-0.3170056,-33.82576,5.8959274,2.5147784,-3.0753958,-4.7937946,0.04302513,1.691344,1.9059246,0.59546787,0.70952934,5.8249726,0.82182205,13.051848,22.129978,0.8099357,647.53357,0.50089836,1160.1371,0.27332163,-146.90082,-0.5795647,1661.6282,0.24914992,971.1453,0.34064135,-145.95334,-0.56201077,2764.251,0.13223566,824.54974,0.38901037,-147.05016,-0.5414569,-12.514168,-1.3331381,21.429117,0.80317944,0.02038883,1.5933033,-0.028573971,-0.9234755,0.42419636,0.7754427,25.899807,0.92413056,8.717364,1.4501833,15.354811,1.4515569,-12.51775,-1.6007818,-2.8961904,11.33951,0.002543636,0.000134592,0.032703653,1.7514596,1.2573345,0.23333333,0.24040703,0.6766666,1.177797,-35.448162,0.100000001,8,0,0,0,0
13,./voice\morry_bk\condition4\c15_01.wav,0 days,0 days 00:00:11,27.022825,0.3824286,21.23438,22.997795,28.091476,6.8570957,259.7381,243.24469,134.18785,80.54325,0.41508716,1.1367017,0.08888973,0.1941694,0.6813361,0.5924464,12.63588,11.256063,9.788955,8.2029,0.35572016,1.5380738,19.574923,1.1080765,5.297789,2.5550516,10.411055,2.0153768,-1.1555516,-14.73152,0.054594167,1.5925901,1.968904,0.5851873,1.2507675,3.070293,3.8669868,2.9408317,26.188227,0.79851186,593.3657,0.4061137,1224.4093,0.28628403,-106.41103,-0.8600501,1642.2358,0.19363536,974.6147,0.3799599,-107.38675,-0.806565,2720.9282,0.12816441,955.10785,0.41701367,-109.96302,-0.75953114,-13.65174,-1.2121816,26.1926,0.7251656,0.001687864,23.03491,-0.022291481,-1.2388766,0.6347306,0.98153895,30.38714,0.7714989,10.356002,1.504539,17.089579,1.5119544,-5.4830303,-3.6694953,-5.1072226,14.845022,-0.013247216,0.001188773,0.050658792,2.5477707,2.010969,0.25363636,0.21291368,0.2864706,0.3526695,-28.853973,0.800000012,8,0,1,1,0
13,./voice\morry_bk\condition3\c17.wav,0 days,0 days 00:00:12,28.602133,0.4138225,22.069164,23.902912,27.835155,5.765991,815.4536,1076.5292,129.69002,86.09262,0.5303525,0.9735228,0.07986157,0.35699582,0.9770868,0.8972252,12.174288,8.55791,9.38101,6.3283877,0.41232872,1.0939503,21.633186,1.0830235,5.6116934,2.7175112,14.808235,1.9835117,-5.065728,-3.7497234,0.041611318,1.652332,1.871589,0.6191931,1.3691468,3.1795676,3.9995546,2.756406,24.352081,0.9037235,620.5982,0.54376084,1161.1025,0.25134704,-84.67299,-1.0783027,1688.2549,0.22356506,922.55896,0.4151591,-88.30336,-0.96178526,2762.0315,0.13195126,965.1626,0.42384243,-90.728,-0.91158676,-11.922306,-1.5259243,24.930157,0.7935638,0.003562755,10.796227,-0.026874568,-0.97352046,0.61879957,0.7129388,28.447699,0.9281173,8.7955265,1.9340336,20.833086,1.638269,-9.921166,-2.1348355,-5.4617996,15.921585,-0.00845565,9.97E-05,0.070655435,3.085905,2.0100503,0.30374998,0.35869917,0.18863636,0.18405274,-28.20609,0.100000001,6,1,1,0,-1
13,./voice\morry_bk\condition3\c13.wav,0 days,0 days 00:00:14,26.976547,0.4357795,21.120745,22.72004,25.571455,4.4507103,653.27124,909.5895,143.60887,94.31508,0.51170677,1.1315004,0.08966547,0.28491285,0.88227534,0.7926099,14.561327,13.482836,7.998536,6.8111134,0.40191096,1.3490374,19.757784,1.1756524,6.6571393,2.293632,16.321815,1.4234171,-3.6688428,-5.1356354,0.042512573,1.1808405,1.9203047,0.6030483,0.4811839,8.923213,0.42581022,24.264582,21.468115,1.0615215,601.87317,0.48446333,1161.9319,0.2681013,-92.58373,-0.9704822,1676.0979,0.2191062,939.1609,0.4424894,-94.556786,-0.88324356,2741.4214,0.13404077,940.16504,0.43024778,-94.82543,-0.864626,-12.749087,-1.3162819,22.43937,0.85815436,0.002969964,12.690687,-0.024756711,-0.9083632,0.58762753,0.9994998,27.482132,0.90396005,9.731918,1.6937846,23.380074,1.1283113,-7.5767446,-2.6342072,-4.4402895,13.851677,-0.009589149,0.000262329,0.119115196,2.4303074,2.6542325,0.21945946,0.19789359,0.15656249,0.18628958,-28.977995,-0.5,6,1,1,0,0
13,./voice\morry_bk\condition1\c17_01.wav,0 days,0 days 00:00:11,29.700289,0.4443943,21.681097,24.087818,32.506195,10.825098,926.0108,1241.3605,133.2684,96.83398,0.49281296,1.0079861,0.07594614,0.31095302,0.84632206,0.7703759,10.3939705,8.116669,9.648456,7.6487403,0.37796432,1.2235153,21.328327,1.2296286,6.9919515,2.013082,8.671203,2.1711028,0.028931325,594.9592,0.039765414,1.1710306,1.9267875,0.5701465,0.4615577,9.357798,6.9519806,1.8182766,24.96049,0.9066017,664.6614,0.55336046,1221.5276,0.28882113,-80.26301,-1.0903388,1673.7229,0.24290429,994.39,0.3263197,-80.20812,-1.0415816,2811.2854,0.14013028,1040.6074,0.44022515,-85.142296,-0.9415943,-9.287094,-1.995286,24.889334,0.81682247,-0.005491103,-7.0558057,-0.018417714,-1.2378812,0.5181589,0.9033094,26.653606,1.113941,9.023123,1.718196,11.551197,1.8332326,-3.082118,-6.0506415,-7.908414,18.89245,-0.01979421,-0.00066207,0.11570184,2.8207462,1.9266056,0.3390476,0.40679824,0.22,0.21512787,-30.202044,-0.100000001,4,0,0,0,-1
13,./voice\morry_bk\condition4\c19_01.wav,0 days,0 days 00:00:12,27.202957,0.4338008,20.8622,21.987514,29.310713,8.448513,587.5765,1126.4596,204.75246,270.0102,0.38637406,1.1577802,0.08740366,0.21888612,0.5705292,0.48312557,10.616422,7.6445646,9.730842,9.826686,0.31273735,1.7217709,19.514133,1.0182515,5.221922,2.5572698,11.890511,1.8898503,-2.4454424,-7.2579846,0.05734436,1.4810019,1.9991289,0.61001074,0.12506184,36.48137,1.7244711,8.451109,22.035105,0.9091048,590.04926,0.4732266,1172.453,0.22718257,-100.05934,-0.9150618,1643.5415,0.21477161,968.5792,0.40308067,-101.93158,-0.8436549,2682.4692,0.12744898,895.0825,0.3753044,-102.453255,-0.82455397,-12.974097,-1.2308576,23.75352,0.7564955,-0.006173824,-6.648823,-0.020212587,-0.93692935,0.47841242,1.2789661,26.364403,0.8591017,9.877279,1.4851736,18.986986,1.4085457,-7.5538187,-2.656567,-5.900706,16.132114,-0.012533484,-0.000481708,0.10886264,2.3352795,2.680067,0.1984375,0.23072046,0.21130434,0.25852937,-31.18534,0.600000024,8,0,1,1,1
13,./voice\morry_bk\condition4\c00.wav,0 days,0 days 00:00:13,31.583097,0.43074808,21.648748,24.612032,50.724415,29.075666,850.2433,1015.79156,208.72804,166.63934,0.56013936,1.1923692,0.096612185,0.22275455,0.9989131,0.90230095,11.761711,11.855909,8.275126,5.5134997,0.36129338,1.3248738,16.38969,1.218132,0.25096214,59.00398,11.167856,2.19203,-2.5607994,-6.730857,0.045574594,1.2826899,1.6663123,0.61853,0.18935701,27.230576,-0.5066479,-35.72857,14.883913,1.6503091,644.3844,0.4526022,1113.6996,0.33309385,-111.29796,-0.8471942,1723.0233,0.21586795,928.6099,0.33513865,-105.78409,-0.8449441,2740.413,0.13436116,946.3187,0.32431585,-106.36516,-0.828305,-9.925128,-1.7337198,20.338036,0.93526024,0.036301587,1.2898756,-0.02838015,-0.8846828,0.59055537,0.7886681,22.157639,1.1337757,2.959175,6.3664155,18.048708,1.7028347,-6.166281,-3.3650978,-5.2247415,15.332944,-0.002131413,-0.001371579,0.11510759,2.078522,2.4012394,0.20709676,0.19292642,0.21592592,0.34603852,-29.27738,0.100000001,4,0,1,1,-1
13,./voice\morry_bk\condition3\c12.wav,0 days,0 days 00:00:13,28.188583,0.36552885,22.048876,25.586668,28.757692,6.7088165,275.5257,264.3287,227.54071,485.4358,0.48804012,1.0561236,0.08285298,0.29563305,0.84530926,0.7624563,13.560036,11.907222,8.970241,8.931635,0.4086662,1.3630244,21.101059,1.1021811,11.291353,1.4301312,17.794952,1.2720807,-0.8106599,-22.62441,0.057933174,2.2156239,1.684867,0.7307954,3.266143,1.4031998,5.419377,2.2404578,29.132944,0.7960595,615.0035,0.46024588,1222.6132,0.24193554,-91.947205,-0.96240616,1742.2026,0.20494764,972.8802,0.3897506,-96.80909,-0.828672,2822.2004,0.120742835,951.3757,0.39760816,-97.134796,-0.8218101,-18.60885,-0.99525994,28.898678,0.7252989,0.000801314,52.048553,-0.025215814,-0.880821,0.60578066,1.0037711,29.266756,0.828253,18.145504,0.81991255,25.500391,0.94961435,-2.3490696,-8.963749,-3.9887724,13.315351,-0.008033431,0.001426697,0.09015848,2.617398,2.0108275,0.2976923,0.3052906,0.21045454,0.21063705,-26.170984,0.100000001,6,1,1,0,1
13,./voice\morry_bk\condition2\c10.wav,0 days,0 days 00:00:12,29.725443,0.365982,22.723398,26.250664,30.490894,7.767496,868.28546,1096.5314,195.21211,213.35773,0.84494,0.9178779,0.085094,0.691763,1.5635667,1.4784727,17.824947,13.224218,12.397497,11.058318,0.6849576,1.0398198,22.743538,1.1932501,11.179304,1.6283716,13.669154,1.788974,-8.961939,-2.3168385,0.051697366,1.9504212,1.465849,0.7471116,2.882449,1.7959979,4.8271017,2.5692933,28.549898,0.8302746,661.037,0.536239,1205.681,0.23660317,-75.46504,-1.1838601,1771.3442,0.25994992,986.018,0.42205676,-81.929245,-0.97926897,2862.5798,0.14526032,881.9424,0.44364613,-84.81789,-0.9268877,-17.326088,-1.1038706,27.314135,0.7376529,0.025029097,1.4172801,-0.039614115,-0.783475,0.9059228,0.7479739,30.771255,0.9123813,15.656901,1.1863643,17.052279,1.574372,-16.648464,-1.194737,-4.5897408,15.25267,-0.016546682,0.001893278,0.22432554,2.7522936,2.3470244,0.27785715,0.25728467,0.16857143,0.2678892,-23.230568,0.200000003,6,1,0,1,0
13,./voice\morry_bk\condition3\c06.wav,0 days,0 days 00:00:12,28.98846,0.45098993,21.113218,23.17364,32.849655,11.736437,380.1915,259.78867,191.98569,452.17136,0.37636733,1.356498,0.08180319,0.13586651,0.5649964,0.48319322,9.731012,10.469887,6.1138225,4.348045,0.26874873,1.639566,17.042048,1.3045506,5.75148,2.5448031,9.606788,2.0274992,-1.8045291,-8.5596075,0.048424117,1.6283273,1.9363334,0.58252597,0.7952113,5.919431,4.1449704,3.278854,24.96899,0.9640959,684.7235,0.52654535,1207.8712,0.323427,-117.20219,-0.79505545,1752.822,0.23577122,1017.2579,0.3803949,-118.69294,-0.73382235,2832.4963,0.13734742,953.32416,0.40867352,-119.7173,-0.7159484,-15.514929,-1.3109379,26.162569,0.78742135,0.003909469,10.179096,-0.029383674,-0.903003,0.5112633,0.98644906,26.338015,1.0645412,13.998093,1.0916766,16.23123,1.5822927,-5.767587,-3.2141163,-4.8309608,14.412581,-0.007603659,-0.000773547,0.06114389,1.5012511,1.5912899,0.28368422,0.2524451,0.38375,0.40462753,-30.87822,-0.100000001,6,1,1,0,0
13,./voice\morry_bk\condition4\c09.wav,0 days,0 days 00:00:11,28.279108,0.35824114,22.318783,25.209745,29.63433,7.315548,678.7248,900.84143,101.83516,90.146576,0.46332896,0.904618,0.12294059,0.310722,0.75279945,0.62985885,9.863452,8.237666,6.487833,5.396665,0.31414592,1.2008113,22.845844,1.0118523,7.9179454,1.7717022,9.695378,2.1332529,-5.101175,-3.176024,0.059226476,2.0712328,1.7852682,0.73249555,2.1305223,2.3109577,4.3013363,3.269501,25.687979,0.869025,615.0667,0.4231742,1210.2078,0.27864966,-74.75372,-1.1900976,1676.2069,0.23029082,1040.2489,0.33196446,-80.48586,-0.999603,2730.4292,0.13617775,985.99774,0.33760333,-82.39514,-0.9534001,-16.425596,-1.0098345,25.844543,0.7608906,0.022196213,1.6558006,-0.029501503,-0.8324831,0.40659806,0.8727465,29.761408,0.80820036,12.803379,1.0376023,12.406047,1.8775662,-8.634032,-1.9973569,-3.1490085,11.828746,-0.002176923,0.001826836,0.08797229,3.00273,2.1081576,0.31391305,0.2932092,0.225,0.35672617,-30.368437,0.100000001,8,0,1,1,1
13,./voice\morry_bk\condition3\c19.wav,0 days,0 days 00:00:11,28.395899,0.40078261,21.539598,23.900812,30.48017,8.940571,290.64078,318.86655,141.75066,152.72047,0.7682605,1.0878651,0.06927459,0.55148464,1.2128747,1.1436001,15.0318775,11.753562,11.95838,8.806623,0.6674018,1.1702522,22.636679,1.0765613,8.588493,1.7970668,20.17337,1.4136518,-5.5380874,-3.8384385,0.042165443,1.6262318,1.6468216,0.7076043,1.8789517,2.785382,2.851237,3.8671694,22.84889,0.9454278,625.5139,0.517073,1151.3159,0.256084,-72.614525,-1.1820672,1711.2758,0.21140185,838.9989,0.4958856,-77.038155,-1.0435116,2824.9272,0.12075239,910.8954,0.43208092,-78.52999,-1.0080385,-12.836539,-1.3362823,24.12995,0.78621286,0.010336028,3.4369714,-0.02509992,-0.97993755,0.920878,0.8661283,28.48817,0.9130939,10.726669,1.6005646,26.850653,1.1565082,-9.149025,-2.5118146,-7.4243617,18.250223,-0.008701438,0.000501644,0.095134504,2.7297544,1.8298262,0.3725,0.41859138,0.1688889,0.16336356,-23.46906,-0.800000012,6,1,1,0,-1
13,./voice\morry_bk\condition4\c19_00.wav,0 days,0 days 00:00:12,27.17754,0.34003776,22.457695,24.760878,26.715929,4.258234,830.3682,1398.7056,178.09898,163.52261,0.59194946,0.931827,0.106912114,0.46105155,0.9759302,0.8690181,11.844632,10.7479315,10.301242,10.143116,0.4124106,1.1505486,21.755566,1.1135052,10.496501,1.5171744,18.142607,1.2857093,-8.985274,-2.1534238,0.03279717,2.209457,1.4713222,0.71632373,3.3901098,1.2553633,2.5011237,5.124004,28.720531,0.7652788,603.03973,0.39039573,1196.1011,0.23031624,-87.390015,-1.04965,1709.9991,0.21212162,883.9307,0.46803755,-94.09727,-0.8792455,2810.908,0.12309383,812.08875,0.46947846,-94.63861,-0.8562199,-16.523487,-0.9192613,25.480503,0.7194096,0.014313815,2.4560635,-0.033104006,-0.6710562,0.5696752,0.8319105,32.107044,0.6855864,15.414148,0.9911035,25.194214,1.0117284,-14.557918,-1.2858961,-1.1661482,9.437101,-0.008132595,0.000238753,0.15797772,2.7522936,2.0117352,0.295,0.3883083,0.1959091,0.25903067,-27.546371,-0.200000003,8,0,1,1,1
13,./voice\morry_bk\condition1\c08.wav,0 days,0 days 00:00:13,28.567984,0.40680027,21.802637,24.458054,29.094196,7.291559,634.96497,981.218,156.37605,148.68304,0.56494397,0.9940151,0.09421706,0.3647343,0.9788984,0.88468134,11.879252,9.863808,9.616593,7.333879,0.4144131,1.276475,21.049227,1.1677905,6.8962235,2.1071646,10.588897,1.7834744,-7.4406614,-2.8439689,0.041032244,1.7773876,1.7518823,0.61312085,1.5865,3.2259252,2.8996572,4.1621747,21.923147,0.9977866,582.576,0.49645555,1185.5016,0.23958535,-84.2133,-1.0731447,1609.828,0.2520292,947.00165,0.28883544,-86.05748,-0.9841111,2738.8096,0.13242723,819.49414,0.48053136,-88.78097,-0.9239328,-11.97474,-1.4401828,22.702995,0.886087,0.015453642,2.4084175,-0.026643107,-0.89858186,0.6091108,0.9308529,28.316416,0.93189204,10.774096,1.4395293,14.765707,1.4044557,-14.079793,-1.5740103,-3.013382,12.650977,-0.006465763,0.001298854,0.07859899,3.387221,2.0865533,0.2974074,0.32145035,0.174,0.15859382,-27.125517,0.100000001,6,0,0,0,-1
13,./voice\morry_bk\condition1\c14.wav,0 days,0 days 00:00:11,31.738058,0.35234022,24.52061,29.174595,31.482845,6.9622345,720.8805,652.95325,165.61026,156.23996,0.5680781,0.9383113,0.111045845,0.36887956,1.0519333,0.94088745,10.210193,7.53152,8.902395,6.364041,0.3670593,1.4245945,20.476154,1.1707758,6.7843146,1.9739505,9.990254,1.9012722,-4.6385374,-4.1894455,0.03172399,1.7200004,1.4805856,0.82624376,4.032027,1.418854,7.2805653,1.7394047,25.82408,0.898778,590.92065,0.49909624,1207.221,0.23133665,-95.20747,-0.9794498,1643.9645,0.24763735,933.9485,0.38466698,-95.68192,-0.90142393,2772.1572,0.13643564,962.2888,0.43448964,-98.46568,-0.8413496,-13.029668,-1.3186443,23.67516,0.8698059,0.035278928,1.1238264,-0.022676796,-0.94904166,0.54682046,0.92104346,28.466776,0.9402271,11.64093,1.1636763,16.696167,1.2717156,-9.549461,-2.2254126,-3.8178952,12.932965,-0.00048292,-0.000314926,0.11695008,2.911738,2.287283,0.2492,0.33292544,0.19714284,0.25716665,-26.600807,0.100000001,6,0,0,0,0
13,./voice\morry_bk\condition3\c22.wav,0 days,0 days 00:00:11,28.808544,0.42520222,22.09778,24.699692,29.662052,7.564272,721.65753,1050.2789,155.94868,127.352394,0.5240319,1.3500957,0.072616376,0.16428287,0.9315864,0.85897,15.850849,15.088083,11.01837,10.352136,0.46807182,1.4704533,18.075703,1.2341497,8.188912,2.0927396,11.5911455,1.7016563,-0.27856153,-57.699505,0.06618404,1.7169598,1.836983,0.6062267,0.48548552,10.013755,4.2930336,3.2653358,25.175888,0.8537416,633.00006,0.48547968,1168.9641,0.2816145,-109.28441,-0.83363366,1677.7549,0.22445412,979.74005,0.40722013,-109.38123,-0.7872248,2781.8467,0.12989192,928.5096,0.38069376,-111.1657,-0.7467212,-13.303373,-1.3791466,26.541056,0.74768156,0.001301669,31.560362,-0.01959794,-1.2284127,0.8073374,0.9572499,26.380766,0.9906741,13.551888,1.3926533,16.39301,1.4600502,-3.5875678,-5.0943713,-6.6528583,17.006474,-0.01549281,-0.000794666,0.09901282,2.456779,2.287283,0.21959999,0.2616483,0.20375,0.24287878,-25.320118,0.100000001,6,1,1,0,0
13,./voice\morry_bk\condition3\c24.wav,0 days,0 days 00:00:12,26.35465,0.36810577,21.21328,22.647652,27.626839,6.413559,894.2013,1246.1354,167.19795,122.80541,0.5055139,1.0763869,0.08407426,0.2773061,0.8877522,0.8036779,12.688552,10.84893,10.314502,7.358795,0.40490595,1.3529555,22.97985,0.89953244,7.730385,1.8515968,17.91877,1.4064698,-3.3354542,-6.0777593,0.0456591,2.06228,1.6670264,0.74847984,2.4162571,1.8122243,6.5389333,2.2570627,27.344439,0.71607465,603.36395,0.4607959,1180.3435,0.23072465,-86.49151,-1.0420135,1685.662,0.20709094,925.9232,0.5152496,-92.29884,-0.8969619,2761.3965,0.11717495,888.48486,0.47420675,-93.907,-0.8687158,-15.87472,-1.0414052,26.707575,0.65816545,-0.004641146,-7.9547167,-0.025969205,-1.0694101,0.62829834,0.93213797,30.93385,0.71875805,12.864101,1.1926087,26.050583,1.0653152,-8.060275,-2.8921773,-6.671305,17.289236,-0.014472989,0.001853061,0.035442453,2.5854878,1.4237857,0.43235293,0.45394385,0.30142856,0.3227971,-26.729715,0.100000001,6,1,1,0,0
13,./voice\morry_bk\condition2\c05_00.wav,0 days,0 days 00:00:12,29.357094,0.38763648,21.984047,25.201569,32.43209,10.448044,844.139,1149.2823,68.3456,59.722416,0.622517,1.0091759,0.08780256,0.41113713,1.0787756,0.9909731,12.22403,11.504554,9.772102,6.412408,0.41601145,1.1574687,19.48129,1.1581299,3.9782403,4.2277017,16.881771,1.5714501,-2.3148596,-7.537922,0.04134438,1.425467,1.6650367,0.67494994,1.8824707,2.9771614,4.6558757,3.579942,19.387344,1.169897,549.5689,0.47360668,1143.3158,0.2539717,-91.14355,-1.0222621,1629.1937,0.19955905,893.2783,0.46338266,-93.93049,-0.91364634,2631.235,0.13104336,966.9995,0.46344826,-93.13531,-0.9178743,-11.694531,-1.2876447,21.17391,0.7962618,0.015571723,2.6075635,-0.023493718,-0.8984127,0.6469925,0.7517363,27.15354,0.87609005,6.4608436,3.0241494,26.753212,1.0858127,-6.8007464,-2.7521195,-4.0333104,13.432023,-0.008673544,7.95E-05,0.06749376,2.8356965,2.0117352,0.28916666,0.3500823,0.23473684,0.2194579,-26.933502,-0.600000024,8,1,0,1,1
13,./voice\morry_bk\condition1\c05.wav,0 days,0 days 00:00:12,26.910303,0.3082975,21.919214,24.687813,29.354307,7.435093,757.2934,969.18317,117.220665,133.19371,0.67090964,1.0581038,0.08517662,0.41650394,1.198395,1.1132184,15.285402,11.120136,10.277527,6.5690293,0.4981457,1.2064158,22.408688,0.97099125,5.059352,3.1093986,16.71903,1.5325015,-5.3635144,-3.6964073,0.035096113,1.4965031,1.6297083,0.6228121,1.8921472,2.4579663,5.931058,1.789892,23.027445,0.8187603,573.89844,0.43024,1173.8337,0.23985688,-90.59728,-0.99153847,1627.2694,0.19578809,908.77765,0.40264666,-92.54491,-0.90259063,2690.8347,0.12529571,943.10144,0.45495453,-94.80942,-0.8634685,-13.085544,-1.1105475,23.016901,0.7737364,0.0167943,2.5180414,-0.031177113,-0.7092657,0.7636635,0.81821454,31.264458,0.6696485,6.411976,2.7592402,24.580223,1.182566,-12.078436,-1.7455488,-5.339349,15.133532,-0.014586714,0.00082781,0.0891681,2.7522936,2.3470244,0.24892856,0.27233565,0.1732,0.19846852,-25.726524,0.400000006,4,0,0,0,-1
13,./voice\morry_bk\condition1\c01.wav,0 days,0 days 00:00:11,28.0419,0.40928063,21.98348,24.215458,25.73841,3.7549305,629.28955,679.14026,150.87445,109.51335,0.78461903,1.0353925,0.08844204,0.49177524,1.4118197,1.3233776,16.532112,13.015868,12.072058,9.508725,0.62672114,1.1865648,22.057302,1.0167141,6.196463,2.8428352,21.98017,1.2947543,-0.39775464,-52.54941,0.039376557,2.006004,1.5193042,0.5979864,2.0115185,2.2714372,4.707831,2.1912127,21.439789,1.0552303,572.11646,0.5142829,1135.6526,0.22073781,-74.1786,-1.1844499,1676.3273,0.2277044,888.10504,0.43521506,-78.31738,-1.026866,2711.6292,0.14396113,910.48956,0.5069221,-77.364914,-1.0495965,-12.278661,-1.3782952,20.668476,0.9044931,0.009948745,3.614431,-0.027163425,-0.86666554,0.8569299,0.8917271,27.03623,0.89979017,9.3279085,2.0068116,29.906181,0.9960923,-2.4414237,-9.3544,-5.8157053,16.636122,-0.009171788,-0.000705052,0.12074738,2.365787,1.5539306,0.43764704,0.46262076,0.20933332,0.23850833,-24.428528,-0.100000001,4,0,0,0,0
13,./voice\morry_bk\condition2\c08.wav,0 days,0 days 00:00:11,28.061653,0.354483,22.055014,24.96115,30.464203,8.409189,416.3594,326.83472,174.13335,403.22238,0.69870853,1.149478,0.09664002,0.41239223,1.1425027,1.0458627,16.094263,13.171415,10.517449,7.3684716,0.5139456,1.2749659,21.758795,0.99685204,5.258406,2.9674602,16.203196,1.6011835,-10.535516,-2.040581,0.03701927,1.8185674,1.5634907,0.7292854,3.115948,1.3872151,7.2249885,2.0179024,24.854607,0.7869389,531.5428,0.42765042,1160.1237,0.23927042,-91.16823,-1.0107207,1604.1199,0.23233525,838.159,0.52564454,-93.17936,-0.9267095,2728.5557,0.11905691,876.81067,0.5040825,-94.63988,-0.88802844,-14.013406,-1.1148478,23.49184,0.75458175,0.01468344,2.604136,-0.030220779,-0.75015295,0.8208436,0.83330494,31.319149,0.6857355,9.150333,1.8428363,24.978981,1.1786245,-19.670471,-1.099817,-3.4869676,13.137608,-0.010066621,0.00192109,0.04908528,2.911738,1.5553523,0.3805882,0.4421401,0.2935714,0.3501552,-24.910055,0.300000012,4,1,0,1,0
13,./voice\morry_bk\condition2\c11.wav,0 days,0 days 00:00:13,28.773518,0.37580496,22.523169,24.459864,30.768177,8.245008,733.91406,1048.655,136.95975,162.40439,0.43931723,1.3031273,0.0827774,0.14716983,0.696849,0.6140716,13.683656,12.37232,8.186697,5.791448,0.30565804,1.4231856,17.793707,1.0803986,5.3611517,2.796498,12.585046,1.6935513,-3.1914291,-5.261569,0.04232898,1.4176121,1.8716352,0.6874724,1.905289,2.8165913,6.6280174,2.1585276,25.560396,0.7370397,592.5402,0.43303803,1147.4575,0.22942114,-119.22169,-0.76627845,1679.8363,0.20007305,899.4562,0.42348048,-119.91459,-0.718409,2768.9941,0.12687887,843.80695,0.42675465,-120.926285,-0.7018923,-13.253932,-1.2177142,23.526775,0.77142835,0.017201016,2.102337,-0.026398353,-0.80368346,0.59511846,0.7855117,27.61084,0.83796483,11.277927,1.5286046,23.718958,1.0853606,-10.8387,-1.7481664,-6.183494,16.129951,-0.009532454,0.000295109,0.061746106,2.4634335,1.7788091,0.24652174,0.17662556,0.3059091,0.392239,-28.009253,0.100000001,6,1,0,1,1
13,./voice\morry_bk\condition4\c17.wav,0 days,0 days 00:00:11,30.493664,0.41184053,22.448967,25.843868,32.020206,9.571239,1272.3291,1200.5719,417.3648,1117.5735,0.812652,1.0163491,0.08132939,0.5371917,1.5196372,1.4383079,13.932486,8.865179,14.523598,9.851859,0.66595733,1.132889,20.869467,1.2992575,5.5298257,3.012912,11.781412,1.7682042,-6.0824394,-3.119788,0.03447781,1.5541158,1.679962,0.7236062,1.6103514,3.3056788,2.6249695,5.0239778,23.228626,1.1000398,623.00287,0.5309241,1217.407,0.3080645,-87.45591,-1.0536543,1645.4283,0.24586228,928.6734,0.31645757,-87.210335,-0.99787754,2765.1506,0.13844232,908.79877,0.36985546,-90.613464,-0.92375153,-11.511929,-1.6318922,24.410503,0.8760161,0.022893453,1.6341614,-0.025313707,-1.0550724,0.986753,0.76834023,29.31242,1.0143516,7.4390903,2.5609713,15.812783,1.5570891,-11.601358,-1.6910563,-4.9375563,14.592604,-0.005895975,0.000197088,0.14951038,3.4576888,2.4680073,0.24296297,0.19936596,0.1652174,0.21459505,-23.258251,-0.200000003,8,0,1,1,1
13,./voice\morry_bk\condition1\c00.wav,0 days,0 days 00:00:13,28.105152,0.40486145,21.645388,24.295221,27.41716,5.7717724,854.35046,1029.624,91.898155,77.6689,0.7055389,1.0295439,0.11245686,0.46479976,1.2987078,1.1862509,15.060216,14.421718,8.89657,5.333933,0.51275367,1.1896158,19.8953,1.2416077,3.834063,4.0166683,17.628138,1.3501773,-2.116655,-8.243424,0.03695703,1.9080735,1.6075867,0.59763455,1.736711,2.7155066,1.163313,10.259933,19.539055,1.0917325,633.31573,0.58476436,1156.9651,0.30466852,-79.97726,-1.1498992,1690.0437,0.23391052,892.6396,0.4065266,-84.427155,-1.0170684,2708.279,0.14453222,900.0285,0.36962444,-85.2097,-1.0046959,-11.53295,-1.6380508,20.995188,0.9066559,0.018129066,2.1225033,-0.026818072,-1.094713,0.7474101,0.83663344,26.673397,1.0292692,6.7205296,2.5727103,24.495672,1.0763056,-4.0651717,-4.971476,-3.955265,13.932405,-0.00619548,0.000755246,0.10091956,2.078522,1.7014695,0.36772728,0.32807887,0.2422222,0.5191505,-26.204971,0.100000001,4,0,0,0,-1
13,./voice\morry_bk\condition3\c18.wav,0 days,0 days 00:00:11,27.277636,0.40139663,21.87323,23.645185,26.092115,4.2188854,787.3579,1058.6445,130.8989,105.73529,0.5427376,1.1649369,0.081317395,0.2620379,0.99122703,0.9099096,15.563508,16.633404,10.148221,7.557308,0.4631246,1.304995,19.73139,1.2152485,7.7088127,1.9195782,11.530717,1.9782395,-5.4449944,-3.5816598,0.06108393,2.1096594,2.1147647,0.69561076,0.9829897,4.6420035,1.9269749,7.7580657,24.248428,1.0468519,615.40283,0.44768423,1228.9896,0.28076172,-99.65529,-0.9271906,1672.073,0.23570545,962.8876,0.3527932,-102.46216,-0.83733976,2792.0234,0.12325449,959.5434,0.36980155,-105.14219,-0.79204947,-16.325844,-1.16473,26.989424,0.78571683,0.00800124,5.533937,-0.03533733,-0.88752794,0.720186,0.8161817,29.881214,0.8865001,13.251258,1.1871966,16.321627,1.6896544,-12.002058,-1.8315207,-5.1827307,15.247205,-0.008480428,-0.000594059,0.14793545,2.2747953,2.010969,0.2677273,0.26067972,0.2285,0.2593892,-27.530413,-0.5,6,1,1,0,1
13,./voice\morry_bk\condition2\c14.wav,0 days,0 days 00:00:11,26.784876,0.41538182,21.19797,22.583435,26.056482,4.858513,1011.1767,1240.2512,118.42984,87.87607,0.5261398,0.8975922,0.099998534,0.38658977,0.91312885,0.8131303,11.39955,9.305687,7.699072,5.303016,0.37199017,1.105258,18.546022,1.15939,5.319291,3.1587546,20.264133,1.667501,-2.489795,-6.263171,0.044353772,1.5886421,1.7578944,0.6739699,0.44357598,9.947705,1.9441586,5.149724,18.28577,1.0109191,549.4302,0.51593345,1126.7141,0.26345924,-84.79352,-1.0701351,1655.1313,0.19374806,824.3331,0.52927274,-89.4298,-0.92974573,2713.2712,0.12594306,913.968,0.34330493,-87.36491,-0.9651011,-9.817311,-1.466904,19.196539,0.87735784,0.004511653,7.4036407,-0.02517982,-0.8743213,0.55431867,0.73829913,25.055006,0.92255425,8.925332,2.100183,31.98922,1.1464435,-5.154861,-3.1667051,-3.5701616,13.469074,-0.007806676,0.000471913,0.06380508,2.6387625,2.0164986,0.30318183,0.33775172,0.19842106,0.20417391,-29.87291,-0.699999988,6,1,0,1,0
13,./voice\morry_bk\condition1\c18.wav,0 days,0 days 00:00:12,30.70104,0.45918217,20.760437,24.93309,50.331142,29.570705,347.36163,203.8436,113.84846,101.29473,0.69834703,1.0526389,0.081450775,0.44946226,1.2388233,1.1573725,17.807495,14.340254,12.94181,10.376651,0.56884164,1.192583,16.948845,1.6118399,6.9238243,2.426948,18.025734,1.3856127,-7.377335,-2.7464538,0.041854534,1.317984,1.7814693,0.66081285,0.4784621,12.086391,2.6191735,4.1943536,20.238428,1.3130616,671.0259,0.52092695,1139.4711,0.35975432,-95.96207,-0.9474807,1732.7273,0.2534865,955.7324,0.40198997,-94.04609,-0.91399175,2839.7356,0.12583259,868.8208,0.3906278,-93.533325,-0.91603005,-10.476453,-2.0986962,19.655148,1.213717,0.006933935,5.7847943,-0.029475043,-0.9105786,0.87442374,0.7964589,23.493124,1.3491697,10.696626,1.7456563,24.73234,1.0822266,-12.793989,-1.7153388,-4.4151163,13.645832,-0.01466644,-0.00291433,0.11596924,2.6688907,2.3450587,0.24749999,0.20407674,0.176,0.22346364,-24.132952,0.300000012,4,0,0,0,-1
13,./voice\morry_bk\condition3\c01.wav,0 days,0 days 00:00:13,27.732418,0.41531265,20.959257,23.457973,28.317656,7.3583984,388.52704,285.1463,124.44869,108.7353,0.49956965,1.3133081,0.08041368,0.16783108,0.83325493,0.75284123,13.371805,10.988941,8.237042,6.371915,0.383645,1.4927526,19.568266,1.1209971,6.172426,2.1180012,10.515026,1.9189817,-2.566184,-7.6630583,0.055153612,1.7769912,1.9727693,0.6520767,1.1515999,4.1838646,1.4099137,9.922211,21.319088,1.0124379,631.78754,0.5610294,1208.2043,0.26131943,-97.04046,-0.9544692,1662.943,0.25129873,988.07733,0.37501457,-100.97968,-0.85854137,2748.7778,0.13166419,908.7241,0.4655076,-103.4508,-0.8177974,-14.328849,-1.3142582,24.744463,0.7679337,0.004708326,9.44464,-0.028024847,-0.9847786,0.65685266,0.97540027,27.068228,0.956549,10.807584,1.3685985,15.970133,1.5320407,-9.417416,-2.4179068,-6.999982,17.522076,-0.014924306,0.001921125,0.040000718,2.1555042,1.8547142,0.29166666,0.26310116,0.23521739,0.31611598,-27.07995,-0.400000006,6,1,1,0,1
13,./voice\morry_bk\condition4\c08.wav,0 days,0 days 00:00:11,28.199501,0.37269685,21.79629,23.905607,31.595133,9.798843,464.4135,597.95233,92.60889,95.24128,0.61999136,1.065756,0.113312595,0.3296095,1.0879555,0.9746429,11.555853,10.266146,8.293646,7.19363,0.4235706,1.3426933,21.660799,1.0819287,6.920218,2.1906564,11.647797,1.8898978,-4.137006,-4.125658,0.050178196,2.065552,1.6001837,0.76404536,1.9526473,2.9026976,2.3924663,5.995536,24.840382,0.8179383,606.2617,0.4563704,1220.56,0.2660983,-78.31258,-1.1459824,1647.6608,0.20913407,966.2883,0.31835774,-83.37358,-0.9829794,2734.7397,0.13370033,861.1679,0.43932968,-86.099495,-0.92182285,-13.403837,-1.1126764,23.974216,0.73021454,0.017315561,2.5621438,-0.023540517,-0.9787436,0.58881795,1.0273048,28.658295,0.8523667,10.452654,1.5060245,15.398969,1.6410505,-6.8931828,-2.6996167,-3.4385965,12.007842,-0.005871262,0.00083967,0.10981013,3.00273,2.1937845,0.29166666,0.2701183,0.15590909,0.24408749,-25.780201,0.899999976,8,0,1,1,1
13,./voice\morry_bk\condition4\c12.wav,0 days,0 days 00:00:13,27.208311,0.39491448,21.552633,23.150948,27.120476,5.5678425,1029.2018,1458.0278,36.40438,65.1543,0.47323945,1.0609424,0.101557374,0.26908728,0.783845,0.68228763,13.436515,11.800659,10.144253,7.477898,0.32086483,1.2790744,18.618406,1.1586295,5.999593,2.4727275,16.831532,1.3247782,-2.7030394,-5.785997,0.033953425,1.4196817,1.6721598,0.62007135,1.7112368,2.3171523,2.8013253,3.8790836,22.152115,0.96648663,580.44385,0.54950315,1172.8782,0.2785474,-99.703804,-0.9223196,1648.9314,0.23980345,952.1002,0.4298833,-103.2112,-0.8285628,2680.9656,0.13142881,872.4214,0.44081974,-103.008064,-0.8230571,-12.018872,-1.3006468,20.286772,0.92876244,0.012024948,2.5508068,-0.024859373,-0.81437117,0.5105124,0.81052303,26.142502,0.9511244,11.660667,1.3613045,28.066946,0.821096,-7.79254,-2.2403092,-4.12874,13.949337,-0.007352836,0.000830721,0.08298067,2.3864512,1.9334881,0.2792,0.23351094,0.23521739,0.2905597,-30.005615,-0.200000003,8,0,1,1,0
13,./voice\morry_bk\condition4\c18.wav,0 days,0 days 00:00:12,27.099499,0.3064803,22.359371,25.110575,28.742756,6.3833847,499.8709,485.7945,119.32009,112.01712,0.45090702,0.8926117,0.09697713,0.33090696,0.7012991,0.60432196,7.1919255,4.951819,7.0349736,8.211212,0.29353854,1.0181671,24.586117,0.862705,10.84651,1.4405264,15.522002,1.3810766,-3.5734713,-4.8493247,0.03269,1.8943588,1.4261743,0.7636178,4.0235944,1.0492599,5.407028,2.1890218,32.94771,0.5925956,593.512,0.39128178,1199.9543,0.22817443,-77.82528,-1.1366582,1718.9883,0.1923721,939.9502,0.37690318,-87.12219,-0.9122225,2799.202,0.1159268,890.14636,0.42087984,-89.04196,-0.8714883,-19.462582,-0.78226197,29.190186,0.59015906,0.014608468,2.2835925,-0.029476916,-0.7423837,0.40201434,0.7098947,32.84234,0.6145152,17.223167,0.8282214,21.718803,1.0356113,-7.271988,-2.6608732,-3.4415314,13.785628,-0.005578298,0.001710672,0.07682588,2.8356965,1.6792611,0.3865,0.42573792,0.20888889,0.23652317,-28.786749,0.800000012,8,0,1,1,0
13,./voice\morry_bk\condition4\c13.wav,0 days,0 days 00:00:11,32.532955,0.412416,23.031635,25.55776,51.221672,28.190037,573.7777,754.2087,189.03252,227.79654,0.6130291,1.0325534,0.07947139,0.3717296,1.1536648,1.0741935,15.195005,13.85673,10.37175,7.899058,0.46393013,1.1659311,17.821045,1.4328878,5.231094,3.6962707,8.598485,3.1282072,-1.7923142,-10.753815,0.05630139,1.6364546,1.7762809,0.679755,0.962385,5.8969254,5.856438,3.352914,23.871143,0.9271752,673.56946,0.52084917,1168.2142,0.2914826,-87.71706,-1.0727985,1703.5205,0.22436471,977.5667,0.35674727,-86.26409,-1.0153531,2780.7534,0.13282606,963.1593,0.4044862,-89.0978,-0.9518769,-9.702845,-1.9753294,24.41964,0.8312757,0.021277962,1.8561783,-0.019841187,-1.4155017,0.65957505,0.8136796,23.823187,1.1766568,5.05918,4.2763224,12.359424,2.5922077,-4.4558706,-4.8004613,-4.5592117,14.721724,-0.007505718,-0.001992534,0.14332941,3.1847134,2.287283,0.264,0.24355698,0.16652174,0.17071737,-27.320091,-0.100000001,8,0,1,1,0
13,./voice\morry_bk\condition3\c03.wav,0 days,0 days 00:00:12,30.417322,0.37859568,22.693398,25.889338,32.16219,9.468792,438.22818,525.0941,83.07063,89.05996,0.55593985,1.1792917,0.07789941,0.298582,0.91916746,0.84126806,12.348564,10.519993,6.794922,5.8394327,0.41643178,1.2949107,21.440565,1.1259371,10.73051,1.5517114,12.737393,1.932657,-2.7697992,-6.9315257,0.04040416,1.6025327,1.5994011,0.71525764,2.9857821,1.8916919,6.430357,2.1414244,28.314991,0.8500225,658.06146,0.5012839,1181.3331,0.24411425,-85.300735,-1.0610352,1731.9713,0.22132356,979.65735,0.3472162,-90.71974,-0.91059047,2835.5447,0.123278536,897.35455,0.40937534,-92.31474,-0.8804098,-16.914974,-1.1850746,29.245321,0.6992694,0.003793085,11.801526,-0.026686562,-1.023753,0.6324916,0.8990849,28.36115,0.9509444,16.33814,1.0903126,17.848415,1.6289557,-7.208135,-3.0419009,-7.5069723,18.18637,-0.015035515,0.001207078,0.037252296,2.2518766,1.511335,0.41444442,0.28672913,0.25437498,0.23054199,-25.186235,-0.100000001,6,1,1,0,-1
13,./voice\morry_bk\condition2\c03_00.wav,0 days,0 days 00:00:11,29.908281,0.3648232,21.788698,26.685568,31.399076,9.610378,371.1937,344.25357,96.85524,75.19049,0.68502337,0.8693222,0.10396287,0.59747106,1.1147064,1.0107435,14.841916,11.078143,12.567601,9.0521755,0.517093,0.9912039,23.84628,1.0100394,9.201,2.0412395,18.830729,1.4188805,-5.685046,-3.277696,0.03399496,1.4060674,1.4556665,0.7266795,3.4722419,1.5650673,7.390209,1.6807946,26.120445,0.8964455,629.4635,0.4424087,1192.3761,0.25442183,-66.876205,-1.2239791,1722.7706,0.21890779,893.25964,0.40507695,-69.43988,-1.094197,2819.2837,0.12671453,877.5884,0.36681926,-71.915306,-1.033459,-14.8169365,-1.281703,26.223003,0.77178895,0.010096279,4.170424,-0.028703235,-0.91332155,0.6705825,0.74197775,29.183706,0.86373544,12.185191,1.5614072,24.370783,1.1593491,-8.658194,-2.2463264,-5.0260677,15.456185,-0.003310432,0.000742076,0.082236804,3.2757053,1.7399267,0.4205263,0.38214728,0.16799998,0.17424886,-24.709558,0.899999976,8,1,0,1,1
13,./voice\morry_bk\condition1\c20.wav,0 days,0 days 00:00:13,29.204597,0.3990436,21.85727,24.270378,31.032879,9.17561,581.60175,1054.8389,143.29395,127.099464,0.49582988,1.2048357,0.0761769,0.2064637,0.8734457,0.7972688,14.021346,11.432738,8.504504,6.807021,0.4052566,1.5233891,18.138311,0.99193615,4.4632163,3.5226836,15.611292,1.9291799,-7.648018,-2.570993,0.05722969,1.5950528,1.9288439,0.52090013,0.97040236,4.1718516,6.3047194,2.3779883,24.617998,0.8703863,590.53705,0.4705856,1173.0394,0.2822493,-104.67453,-0.88416195,1688.5973,0.19180053,910.90857,0.521034,-102.67779,-0.8496867,2735.518,0.12305027,905.44104,0.4697124,-104.78426,-0.81086355,-9.131238,-1.8649704,20.872095,0.93845516,0.00628828,6.9003835,-0.02536998,-1.3633716,0.68019336,0.9902571,25.734783,0.7759968,7.9623594,2.4385595,24.833044,1.4925672,-17.275185,-1.1853197,-6.34232,16.942995,-0.013075962,0.000743245,0.07263928,2.1555042,1.5467905,0.34849998,0.28436375,0.29210526,0.5043347,-27.477575,0.100000001,6,0,0,0,-1
13,./voice\morry_bk\condition1\c22.wav,0 days,0 days 00:00:11,32.028835,0.42119545,22.102398,25.480492,49.540085,27.437687,1211.6051,1435.7622,138.58264,93.85986,0.614651,1.1060762,0.097707726,0.37126133,1.0071906,0.90948284,13.22285,10.753851,9.1061945,7.015154,0.4856954,1.1877182,19.340677,1.3021883,4.3038154,3.9211984,11.516583,2.3142154,-5.113958,-4.0240207,0.05201513,1.4254645,1.9040806,0.57961625,0.9292877,4.8961277,5.631831,2.7165139,19.950703,1.2240644,661.1445,0.5547757,1165.843,0.24668396,-71.838684,-1.2356617,1683.6481,0.2404356,929.7795,0.36303166,-71.37335,-1.1511784,2771.717,0.14138508,901.9701,0.39774367,-73.69039,-1.0956112,-8.293559,-2.2767458,21.374756,0.976105,0.01898856,1.9196498,-0.01803617,-1.3517033,0.6629963,0.90700835,23.549885,1.1776834,4.749412,3.9834764,14.653277,2.0318503,-8.946304,-2.5126283,-5.0024047,14.529778,-0.005510148,0.000808903,0.07724873,3.00273,2.4702654,0.2748148,0.23403655,0.118,0.1336862,-26.544226,-0.100000001,4,0,0,0,-1
13,./voice\morry_bk\condition3\c15.wav,0 days,0 days 00:00:12,27.61833,0.40596688,21.080505,23.52417,28.427555,7.3470497,484.40717,316.3973,163.2818,161.55734,0.55727535,1.246404,0.086569905,0.22064357,0.97600144,0.88943154,16.877954,11.8125515,9.71312,6.597496,0.46579266,1.4012774,21.09943,1.0418851,5.7850966,2.6089659,16.168983,1.4646909,-0.7981438,-24.168272,0.044135086,1.4697826,1.7619864,0.64649594,1.6054486,2.7795343,6.58433,2.1032953,23.55342,0.82094496,616.8405,0.52144295,1166.4796,0.26300552,-89.93672,-0.99653727,1665.0302,0.21795537,982.24396,0.43027583,-92.6108,-0.90057755,2726.0967,0.12323191,906.50116,0.33962995,-94.03212,-0.8728582,-14.912184,-1.1918827,25.874561,0.7135896,-0.007144196,-6.1724954,-0.023878157,-1.2647964,0.71155506,1.0081083,28.507555,0.84476626,9.346605,1.7865049,23.48956,1.1216921,-3.9026287,-5.4945326,-5.1178913,15.180867,-0.012540042,0.003124752,0.08163042,2.3352795,2.0938025,0.28559998,0.27008265,0.17875,0.25604868,-26.218687,0.800000012,6,1,1,0,1
13,./voice\morry_bk\condition3\c07.wav,0 days,0 days 00:00:11,29.497477,0.40617833,21.84262,25.293194,30.505003,8.662382,479.13153,385.01263,168.48503,202.28609,0.64967006,1.1872164,0.09143689,0.25364652,1.1786305,1.0871936,18.917767,13.60136,12.437747,9.6306305,0.52279514,1.317497,18.981892,1.1916457,4.1800222,3.7037423,16.694626,1.5965097,-4.061253,-3.9559171,0.052896682,1.7499092,1.9057187,0.6419903,1.1634963,4.4696903,3.8323348,5.131094,19.527975,1.1287881,598.0888,0.47202665,1161.7919,0.28916544,-107.53654,-0.8476784,1681.0775,0.20616062,891.4668,0.49856943,-106.07272,-0.8127192,2721.4875,0.13304941,914.9333,0.38779807,-105.99049,-0.81098604,-10.997714,-1.5248185,20.736729,0.90100473,0.011615014,2.9062996,-0.026511075,-0.9678843,0.88937074,0.80412817,27.391634,0.93651205,6.5850053,2.9105713,27.27124,1.1553142,-10.005985,-1.7984401,-6.090943,16.80097,-0.012478183,0.000204512,0.101941645,2.7297544,2.1957915,0.235,0.17255434,0.22761905,0.47573408,-24.992743,0.200000003,6,1,1,0,0
13,./voice\morry_bk\condition4\c15_00.wav,0 days,0 days 00:00:11,28.758072,0.375006,21.975626,25.878036,29.062878,7.0872517,442.63464,839.1637,190.27669,316.01962,0.61808467,1.0168636,0.08872799,0.4144793,1.072648,0.98392004,15.623267,13.500111,11.174344,6.391827,0.47965282,1.2165105,23.152393,1.0990344,7.795284,1.9133359,14.365927,1.5481691,-3.3087747,-5.581982,0.051060144,1.9341353,1.658912,0.7337785,2.5316923,2.1524546,6.526823,1.8310548,26.885231,0.7874633,653.40594,0.51244944,1217.7092,0.26290503,-81.312546,-1.0980178,1695.5189,0.21819444,970.78546,0.42125118,-83.98955,-1.0000407,2828.7998,0.12470826,926.4628,0.4476854,-87.70824,-0.92433447,-14.311294,-1.2745043,26.69599,0.70391285,0.007083604,4.6015983,-0.022908801,-1.0960867,0.6870927,0.89194894,30.74265,0.87287045,10.820953,1.522044,19.080498,1.2688795,-6.2440434,-3.2897744,-4.8944297,14.768667,-0.011962101,-0.001058044,0.09356321,3.00273,1.9213176,0.32999998,0.2791825,0.18842106,0.28375793,-24.958927,-0.200000003,8,0,1,1,1
13,./voice\morry_bk\condition4\c20.wav,0 days,0 days 00:00:11,30.631594,0.41560146,22.587893,24.892479,32.76632,10.178427,876.8635,1128.3528,123.75818,85.55147,0.48703593,1.0926083,0.09259403,0.30622956,0.8071518,0.71455777,12.995571,14.593823,8.282225,6.853724,0.34057304,1.3555734,19.53941,1.1770023,6.306975,2.4570806,12.38792,1.5957435,-6.6738806,-3.202598,0.04074024,1.9213367,1.5274299,0.6866851,2.4849513,2.0581846,3.2194495,3.3373127,26.965273,0.9907303,608.04395,0.3833843,1171.5184,0.29048437,-106.99617,-0.85432833,1643.234,0.23290853,942.61444,0.4021073,-105.524475,-0.8206793,2816.885,0.11114655,949.2521,0.4531658,-106.22788,-0.788452,-12.993053,-1.470484,24.53668,0.8968088,0.010563608,3.0808787,-0.024384845,-0.9447116,0.5632749,0.87771946,29.10853,0.88118196,11.560476,1.510115,17.528177,1.3379456,-13.64441,-1.7513658,-4.003874,12.914038,-0.009971743,-0.000150997,0.06913943,2.6387625,1.9213176,0.27857143,0.2246539,0.24421053,0.2330872,-28.093235,0.100000001,8,0,1,1,0
13,./voice\morry_bk\condition4\c06_01.wav,0 days,0 days 00:00:11,27.029665,0.39051244,21.483154,22.99278,26.664785,5.181631,630.70123,962.52356,104.28886,91.30253,0.3870528,0.7494258,0.14562082,0.30334207,0.59820414,0.4525833,8.272932,5.6751423,5.668691,3.6447117,0.24259211,1.1054033,21.173517,1.0329053,4.1330404,3.505138,11.145609,1.6357553,2.8178277,6.6825995,0.050740056,1.5055366,1.7472986,0.594891,0.8462268,4.9409485,1.4287689,6.730893,24.066965,0.71971315,571.9127,0.40745127,1226.2534,0.24654403,-82.0998,-1.0943028,1620.3037,0.19549541,992.2851,0.3432401,-86.34441,-0.95381695,2630.8545,0.12969986,910.69293,0.3536658,-87.14457,-0.9245196,-14.440018,-0.99257684,23.773932,0.6799754,0.010453837,2.806338,-0.02155042,-1.001667,0.3265209,0.8345851,29.677725,0.67153037,7.922651,1.9016026,15.10394,1.3220721,3.2060437,6.3675547,1.3817469,7.002112,0.005500362,0.003092553,0.09092232,2.7297544,2.3787742,0.2623077,0.22566666,0.1432,0.15668364,-33.920784,0.300000012,8,0,1,1,0
13,./voice\morry_bk\condition2\c03_02.wav,0 days,0 days 00:00:11,29.325932,0.44155073,21.76368,23.22519,33.503872,11.740192,1094.7108,1421.12,162.56937,108.25923,0.5221651,1.0159876,0.088914886,0.3762602,0.85605705,0.7671422,14.732253,12.968839,12.2957325,13.193853,0.38897002,1.1994896,19.273973,1.3450812,5.9672475,2.5624633,11.057047,2.1851037,-2.9410944,-6.2607517,0.052805927,1.4590306,1.6987472,0.6323634,0.58700514,8.50756,1.7864407,5.9192214,21.580387,1.137848,599.5725,0.5112674,1183.0659,0.25499737,-96.418976,-0.9420401,1638.1348,0.24885875,950.3994,0.36839363,-94.429276,-0.90278095,2695.2559,0.13836627,944.6595,0.36899647,-96.79223,-0.8547579,-12.386826,-1.5082983,22.901596,0.91853476,0.009005765,4.178312,-0.027499456,-1.0120772,0.5894548,0.82128924,26.926895,1.0493327,10.008059,1.6773169,17.478535,1.5920163,-7.242216,-2.6884286,-2.4761903,11.906301,-0.006443705,0.001157446,0.09825622,3.00273,2.287283,0.2528,0.28452796,0.204,0.22046314,-29.287441,0.400000006,8,1,0,1,0
13,./voice\morry_bk\condition1\c10.wav,0 days,0 days 00:00:10,27.751192,0.31346968,22.080156,25.20684,30.247679,8.167522,316.0083,387.194,114.397194,93.68261,0.61019355,0.88851434,0.12437233,0.45628753,1.1074586,0.9830862,9.938182,6.146131,8.296285,7.6832166,0.3732205,1.1521871,24.265896,0.8823658,7.036096,2.4769309,11.733822,1.8010908,-5.3766212,-3.5790312,0.029606879,1.9633162,1.3667722,0.794985,4.1127677,1.1727512,5.4124913,1.6020899,28.199127,0.6444807,581.746,0.43092594,1229.7115,0.22402346,-85.00962,-1.0774096,1623.4061,0.20817377,927.12616,0.38997474,-91.810776,-0.908166,2748.8613,0.13022487,894.55566,0.37881395,-94.782036,-0.84698963,-17.936293,-0.8064843,28.490973,0.55103797,0.024843678,1.3232248,-0.036006946,-0.71091795,0.53728074,0.83175105,33.83247,0.6083084,12.224012,1.412994,16.322916,1.4593118,-9.591124,-2.3074968,-2.1914985,9.759887,0.004951947,-0.000890809,0.10685679,2.4024024,1.609658,0.37875,0.3466243,0.23533332,0.39096233,-26.389097,-0.600000024,8,0,0,0,0
13,./voice\morry_bk\condition4\c02.wav,0 days,0 days 00:00:13,30.13537,0.45164317,21.06966,24.1034,44.07616,23.0065,329.66205,236.73131,107.33947,87.61897,0.722396,1.085649,0.064034864,0.395582,1.3405032,1.2764684,18.200922,16.33328,13.92951,10.568784,0.7168545,1.2644635,19.2942,1.3691956,5.0422215,3.687627,10.531604,2.0725267,-0.6882295,-26.985064,0.051613875,1.1965576,1.8897516,0.66587543,-0.46302345,-10.3950615,0.46964058,35.31062,19.677702,1.1919672,631.06995,0.5059083,1147.5311,0.27460992,-96.24156,-0.95640266,1633.7859,0.23774739,963.037,0.36070547,-94.37031,-0.92095387,2756.1523,0.13988157,888.86835,0.42238048,-96.62286,-0.87588507,-10.85423,-1.6538045,23.061296,0.82702786,0.009025529,4.5383196,-0.024198657,-0.9717855,1.0828344,0.8857951,27.960016,1.006275,5.2215323,3.8822536,15.0634575,1.6616533,-5.3686795,-3.6646326,-5.3020754,15.959187,-0.013712773,-0.001724822,0.1894726,3.2332563,2.5522044,0.22090909,0.28817463,0.15870968,0.16027682,-24.231947,0.100000001,4,0,1,1,-1