F0semitoneFrom27.5Hz_sma3nz_amean,F0semitoneFrom27.5Hz_sma3nz_stddevNorm,F0semitoneFrom27.5Hz_sma3nz_percentile20.0,F0semitoneFrom27.5Hz_sma3nz_percentile50.0,F0semitoneFrom27.5Hz_sma3nz_percentile80.0,F0semitoneFrom27.5Hz_sma3nz_pctlrange0-2,F0semitoneFrom27.5Hz_sma3nz_meanRisingSlope,F0semitoneFrom27.5Hz_sma3nz_stddevRisingSlope,F0semitoneFrom27.5Hz_sma3nz_meanFallingSlope,F0semitoneFrom27.5Hz_sma3nz_stddevFallingSlope,loudness_sma3_amean,loudness_sma3_stddevNorm,loudness_sma3_percentile20.0,loudness_sma3_percentile50.0,loudness_sma3_percentile80.0,loudness_sma3_pctlrange0-2,loudness_sma3_meanRisingSlope,loudness_sma3_stddevRisingSlope,loudness_sma3_meanFallingSlope,loudness_sma3_stddevFallingSlope,spectralFlux_sma3_amean,spectralFlux_sma3_stddevNorm,mfcc1_sma3_amean,mfcc1_sma3_stddevNorm,mfcc2_sma3_amean,mfcc2_sma3_stddevNorm,mfcc3_sma3_amean,mfcc3_sma3_stddevNorm,mfcc4_sma3_amean,mfcc4_sma3_stddevNorm,jitterLocal_sma3nz_amean,jitterLocal_sma3nz_stddevNorm,shimmerLocaldB_sma3nz_amean,shimmerLocaldB_sma3nz_stddevNorm,HNRdBACF_sma3nz_amean,HNRdBACF_sma3nz_stddevNorm,logRelF0-H1-H2_sma3nz_amean,logRelF0-H1-H2_sma3nz_stddevNorm,logRelF0-H1-A3_sma3nz_amean,logRelF0-H1-A3_sma3nz_stddevNorm,F1frequency_sma3nz_amean,F1frequency_sma3nz_stddevNorm,F1bandwidth_sma3nz_amean,F1bandwidth_sma3nz_stddevNorm,F1amplitudeLogRelF0_sma3nz_amean,F1amplitudeLogRelF0_sma3nz_stddevNorm,F2frequency_sma3nz_amean,F2frequency_sma3nz_stddevNorm,F2bandwidth_sma3nz_amean,F2bandwidth_sma3nz_stddevNorm,F2amplitudeLogRelF0_sma3nz_amean,F2amplitudeLogRelF0_sma3nz_stddevNorm,F3frequency_sma3nz_amean,F3frequency_sma3nz_stddevNorm,F3bandwidth_sma3nz_amean,F3bandwidth_sma3nz_stddevNorm,F3amplitudeLogRelF0_sma3nz_amean,F3amplitudeLogRelF0_sma3nz_stddevNorm,alphaRatioV_sma3nz_amean,alphaRatioV_sma3nz_stddevNorm,hammarbergIndexV_sma3nz_amean,hammarbergIndexV_sma3nz_stddevNorm,slopeV0-500_sma3nz_amean,slopeV0-500_sma3nz_stddevNorm,slopeV500-1500_sma3nz_amean,slopeV500-1500_sma3nz_stddevNorm,spectralFluxV_sma3nz_amean,spectralFluxV_sma3nz_stddevNorm,mfcc1V_sma3nz_amean,mfcc1V_sma3nz_stddevNorm,mfcc2V_sma3nz_amean,mfcc2V_sma3nz_stddevNorm,mfcc3V_sma3nz_amean,mfcc3V_sma3nz_stddevNorm,mfcc4V_sma3nz_amean,mfcc4V_sma3nz_stddevNorm,alphaRatioUV_sma3nz_amean,hammarbergIndexUV_sma3nz_amean,slopeUV0-500_sma3nz_amean,slopeUV500-1500_sma3nz_amean,spectralFluxUV_sma3nz_amean,loudnessPeaksPerSec,VoicedSegmentsPerSec,MeanVoicedSegmentLengthSec,StddevVoicedSegmentLengthSec,MeanUnvoicedSegmentLength,StddevUnvoicedSegmentLength,equivalentSoundLevel_dBp,reward
33.181087,0.31421027,23.817719,33.876408,40.383198,16.56548,750.71564,715.0825,381.6682,579.1385,0.46099254,1.0314982,0.17039497,0.20639859,0.71546483,0.5450699,10.204684,7.1493554,10.035053,9.061203,0.3405383,1.7564274,12.812569,1.1011891,6.2927284,1.5431539,12.018939,1.0303682,-12.676648,-1.0083407,0.054530073,1.5051316,1.4421747,0.5835512,4.6715174,1.2879891,7.1627197,1.3679694,20.12287,0.71979433,707.18994,0.35579082,1168.631,0.30253273,-136.58652,-0.6053806,1737.1973,0.19676615,1034.1049,0.45447516,-132.61984,-0.6048934,2849.0862,0.11339939,739.0247,0.6189321,-133.05107,-0.58933276,-12.397909,-1.0195297,19.987108,0.73858,0.029284943,1.6035515,-0.0178214,-0.8351018,0.72837514,1.0458908,21.043777,0.8186775,12.151877,0.8919664,12.591981,1.2886008,-11.21261,-1.4578794,-1.4860994,5.345081,-0.002774992,-0.006638304,0.081650876,2.078522,2.3183928,0.16166666,0.17076461,0.2537931,0.2983219,-27.228212,1
33.45444,0.23245122,31.648043,34.394413,37.03704,5.388998,696.2782,1126.8182,272.53235,731.8351,0.9491297,0.7892861,0.27067316,0.76369053,1.5484736,1.2778004,19.861704,11.450003,17.265676,11.021848,0.7368652,0.99423325,19.797344,0.79380554,3.177778,3.9109936,9.603663,1.4311081,-1.682723,-8.162454,0.053117283,1.9925282,1.6128777,0.7115073,5.390839,1.0744232,2.720322,5.052774,15.94707,1.0311252,651.22296,0.36751452,1285.2665,0.2529371,-84.70215,-1.0278847,1679.2976,0.16052127,947.3017,0.40550455,-82.88956,-0.9711795,2709.1736,0.12080053,892.8296,0.41423348,-85.16556,-0.9245453,-12.958805,-0.7777452,22.509811,0.5530394,0.052819077,0.7087101,-0.022479761,-0.67892295,0.9849626,0.75006306,26.573511,0.50326985,3.8247666,3.4177275,10.003005,1.4570519,0.63648224,23.367495,-1.5377262,6.9547954,0.013174497,-0.007468449,0.25757283,4.4585986,2.3765998,0.27192307,0.28883082,0.13958333,0.20775545,-23.448195,1
30.184235,0.29814816,18.342167,32.99729,35.912735,17.570568,459.23944,621.4306,74.6373,111.68525,0.40806746,1.1303222,0.11505365,0.15327583,0.6281968,0.5131431,12.84434,7.35657,8.5446615,4.9743257,0.24135323,1.4871261,19.201334,0.6474126,4.5396285,1.9949561,9.856679,1.2894026,3.760273,3.1263213,0.050162222,2.2518506,1.428566,0.73769325,5.539079,1.053084,2.595753,7.421715,17.43501,1.1042184,618.51276,0.37037826,1233.0564,0.19082247,-126.839195,-0.6939035,1667.2914,0.17730212,950.6786,0.40757295,-125.34971,-0.6664845,2697.8633,0.12817368,964.27783,0.42317188,-127.46192,-0.6369014,-14.498343,-0.53950083,25.371103,0.4593626,0.026813054,1.7662799,-0.021265186,-0.6988804,0.5053344,0.836963,28.143541,0.43021068,7.2131124,1.7129058,9.704511,1.7232476,-0.7446447,-17.102856,-9.783842,18.259365,-0.032342497,-0.004355773,0.0464765,2.1684737,2.0117352,0.19708334,0.21663101,0.28304347,0.40132856,-29.76457,-1
31.675882,0.3300719,16.542206,35.146862,38.576275,22.03407,295.77255,275.14902,170.0844,146.73935,0.32560438,1.0166024,0.10546383,0.17501865,0.51328886,0.40782502,7.625382,5.5993667,6.236703,4.043636,0.21044862,1.4451481,16.358364,0.9479408,12.208858,0.72814596,17.968597,0.7358534,-4.517545,-2.5311158,0.05361424,1.6856973,1.3930876,0.6626546,6.2346745,0.9627682,7.137551,2.50549,22.984686,0.76377386,691.2875,0.32565713,1226.187,0.24600694,-115.55427,-0.75959885,1781.2921,0.17615467,896.79114,0.47908297,-112.43513,-0.7324892,2871.8376,0.10334379,784.93274,0.48475593,-114.31383,-0.7037494,-18.947933,-0.601862,28.497618,0.51986843,0.025336469,2.1600971,-0.021041166,-0.7110056,0.37083432,0.95838976,26.338099,0.56411195,15.55304,0.6443141,16.226107,1.0440999,-7.51972,-1.7848718,-8.677657,15.400872,-0.040740654,-0.005398278,0.03961549,2.3352795,1.8440906,0.2722727,0.33100304,0.2490909,0.35143745,-30.79926,-1
32.69499,0.277885,24.39211,34.01741,38.63473,14.24262,624.7873,818.73517,78.3227,91.16764,0.49278033,0.8601204,0.14018638,0.32916167,0.85076785,0.7105815,10.205445,7.0806894,8.288299,5.949933,0.38250268,1.2915044,17.398735,0.94491434,7.99355,1.4487944,10.111016,1.1688545,-8.112386,-1.773354,0.048023522,1.5213609,1.589328,0.7335411,6.2218146,0.910817,6.242854,2.0924668,25.116566,0.5471706,745.0083,0.30283263,1205.4816,0.26174176,-114.11578,-0.78799003,1778.2513,0.16176027,981.5797,0.3948478,-114.925186,-0.7298286,2939.4883,0.112516925,805.51135,0.6232776,-117.07947,-0.6915794,-17.053282,-0.6565665,27.936127,0.45949712,0.04270124,0.9805212,-0.02302037,-0.6061422,0.67641675,0.7626711,27.798416,0.57443243,13.440309,0.9660589,9.369167,1.6086539,-7.7124896,-2.0912597,-2.4732878,9.1621275,-0.002290797,-0.004632589,0.0790355,3.4195163,1.4249791,0.34705883,0.27921665,0.378,0.7369233,-27.415752,1
29.904076,0.34276432,16.136246,35.253136,39.32465,23.188404,343.87787,515.8107,95.38337,82.34468,0.33042514,0.91504157,0.17045769,0.20923424,0.40269333,0.23223564,10.669615,7.871946,3.5727274,3.9505994,0.15851957,1.8858455,10.519945,1.0229259,3.5449762,2.6448545,8.009018,1.2756473,-6.1231995,-1.8104227,0.04525591,1.3134233,1.5426556,0.60975367,3.5783062,1.813552,6.1587653,2.8094816,18.573019,1.1093655,738.7832,0.31202734,1198.489,0.24861524,-154.23912,-0.48795438,1767.878,0.17439608,891.3423,0.41251063,-150.24487,-0.5026879,2870.7117,0.11583556,819.1454,0.50139755,-151.75392,-0.4827008,-11.745935,-0.8816611,20.89876,0.6264765,0.02706523,1.4781436,-0.015382748,-1.0988148,0.3968254,1.107948,19.570719,0.654471,8.710987,1.2221528,6.812174,2.324596,-8.002624,-1.7014414,-1.5189629,7.2018905,0.001528542,-0.003318846,0.055350423,1.1828935,2.5617568,0.099999994,0.08589861,0.2682143,0.32720736,-31.940132,1
31.752659,0.26400688,21.839523,34.884663,37.86891,16.029388,708.22705,1242.3892,167.25249,268.76688,0.5546035,0.9289135,0.122325286,0.31559518,1.0165824,0.89425707,12.662517,8.902466,11.6498995,9.076447,0.40770814,1.2386795,20.992556,0.6920547,7.3630333,1.3689574,11.076989,1.2852826,-4.84159,-2.7504375,0.045637865,1.5553042,1.2952431,0.7127348,5.9984527,1.0797302,3.7723303,5.4822516,19.80458,1.0499516,597.2672,0.3662389,1271.0167,0.19326453,-106.51255,-0.8521078,1641.7921,0.16806051,940.0857,0.41508654,-105.52824,-0.7934885,2734.8726,0.12600847,859.0219,0.48327333,-107.305534,-0.76328504,-16.430744,-0.5684081,25.847004,0.50742286,0.05391373,0.6802821,-0.02649155,-0.52556735,0.6697387,0.7409578,29.26332,0.47580498,10.373626,1.0637705,11.979249,1.4954431,-7.335532,-1.9894608,-6.857009,14.574772,-0.01024739,-0.005941561,0.06261315,2.8207462,2.1043003,0.25173914,0.25386837,0.22,0.45784172,-26.893454,-1
31.701376,0.30723438,19.667189,34.334873,39.244606,19.577417,293.0541,234.70638,116.8998,71.16368,0.3357499,1.106552,0.12655276,0.14487346,0.5005015,0.37394875,10.866058,7.8178654,7.536806,5.8179436,0.23042883,1.8650588,14.24121,0.8307146,5.389751,1.652526,11.782963,0.95206314,-6.016011,-1.7255332,0.062579356,1.7096881,1.7061011,0.7137532,4.8057384,1.2625401,9.464789,2.1919847,23.180939,0.64888203,633.4152,0.33591864,1283.9315,0.20579359,-148.60165,-0.54429805,1680.4438,0.1721367,1004.2449,0.42503354,-145.94853,-0.5371907,2752.5632,0.12926908,905.3063,0.4099737,-147.51852,-0.5162069,-16.606958,-0.6600687,25.105402,0.4778054,0.045717187,1.024375,-0.022335328,-0.7567812,0.64453006,0.9000858,26.432299,0.47034588,10.568428,1.1404411,9.252699,1.8509232,-3.797007,-3.543525,-5.531754,12.982629,-0.015869906,-0.004102423,0.043715194,2.0015397,1.4683154,0.20157893,0.21856621,0.4822222,0.7067575,-29.492775,-1
27.34421,0.3408842,15.515967,32.28312,34.712788,19.19682,602.3469,748.7294,104.428474,109.37136,0.29572585,1.0074732,0.12139738,0.14964004,0.42983854,0.30844116,11.140549,7.7108684,10.638342,5.414658,0.21127981,1.5892739,17.829845,0.7127786,7.784286,0.9787718,16.147194,0.6163388,-0.45204437,-22.826233,0.073793426,1.9499091,1.6659861,0.6419588,4.026462,1.4185199,-0.82949686,-34.24145,14.042146,1.9928277,592.5507,0.3863191,1280.1943,0.19046484,-124.76668,-0.7035998,1625.1437,0.18533339,1015.1799,0.33776382,-124.6653,-0.6652153,2694.5422,0.12641603,821.4497,0.44444045,-126.49265,-0.63986,-18.425663,-0.4794905,26.704767,0.40090945,0.006756424,7.1506414,-0.021019883,-0.8010512,0.43265697,0.95093644,28.403044,0.41854483,10.9880495,0.8657163,15.525832,0.8610344,-2.1209488,-6.2153764,-10.879345,19.025747,-0.040496323,-0.004177845,0.03995707,2.2518766,1.9262983,0.21782607,0.2515337,0.29272726,0.7993815,-31.50837,-1
32.913677,0.31530884,21.37503,36.4234,38.30818,16.933151,228.90152,93.06951,194.2461,148.82216,0.440406,0.9066312,0.16077235,0.26222065,0.7112154,0.55044305,8.916973,6.927607,8.646812,6.091972,0.2734711,1.5829164,14.306112,1.0570301,5.1131105,1.8749597,6.70308,2.0046172,-6.17348,-2.0859032,0.054647055,1.5575966,1.5704385,0.6846277,4.4276147,1.5936571,6.2169046,2.9778905,21.131018,0.89535123,695.41675,0.32531998,1234.3794,0.25086227,-136.02339,-0.61947745,1701.1112,0.1747399,998.0023,0.37151492,-131.08954,-0.6296242,2846.2107,0.11728195,846.4248,0.5128843,-133.15962,-0.5973459,-13.574353,-0.7849895,23.713173,0.5816588,0.040340975,1.0290854,-0.017716493,-0.8914244,0.5696893,0.95308083,25.743116,0.57696754,8.3451,1.231637,5.7381244,2.911573,-7.957509,-1.9103626,-1.35072,6.0233293,-0.001638508,-0.003449824,0.08006817,3.00273,2.285192,0.1628,0.20316535,0.2492,0.31865868,-28.478416,1
34.140896,0.2516456,27.518303,37.390827,40.265694,12.747391,314.47827,389.7343,136.46053,101.46684,0.3242168,1.1713656,0.116511256,0.13726677,0.52243096,0.4059197,9.721597,7.1202173,7.1248226,4.736805,0.17924426,1.8430518,12.332588,1.1021744,10.751944,0.7251107,17.16799,0.74998295,-13.036562,-0.70752734,0.04250783,1.7839142,1.1372786,0.8365478,8.307274,0.78081805,12.701392,1.3923652,26.699247,0.48664328,682.0113,0.32674855,1289.5917,0.18753436,-151.95494,-0.5178807,1757.5106,0.20008314,1002.2318,0.42948937,-146.36946,-0.5358493,2873.1614,0.10097214,784.43195,0.49835035,-148.64807,-0.5032056,-18.581024,-0.6326352,28.711855,0.4212919,0.041562878,1.0218631,-0.019684235,-0.90591353,0.4917623,0.9004533,29.292696,0.38422596,12.990163,0.90777683,10.0478735,1.869249,-13.985641,-1.0455189,-6.2351494,12.104368,-0.039120443,-0.004206357,0.034685932,1.4178482,1.0050251,0.305,0.34762287,0.66499996,0.80185723,-28.607813,-1
32.171932,0.2380822,27.693226,34.26555,36.864754,9.171528,360.26532,628.93805,113.29128,67.02397,0.60117286,0.9863842,0.14644994,0.27366135,1.1569145,1.0104645,15.975303,10.639201,11.614589,7.4674435,0.41292465,1.4128367,15.87473,0.9277899,6.960968,1.7599046,11.705886,1.0103528,-10.081579,-1.1252446,0.045564853,1.8083229,1.4670347,0.813507,6.1703143,0.9561781,8.623632,2.131081,20.64777,0.83285606,638.7312,0.36321184,1259.559,0.28794953,-124.34753,-0.7183793,1723.38,0.18925197,939.12524,0.46388295,-121.58448,-0.6967772,2779.8162,0.13047317,804.1447,0.5222532,-122.90158,-0.67612183,-15.265596,-0.67598444,23.267155,0.53687984,0.048681736,0.8275436,-0.02337765,-0.60568,0.8265582,0.77381843,26.102264,0.5784841,11.34827,1.2500296,14.74593,1.0590949,-9.645851,-1.4612046,-2.8377392,8.178893,-0.004466977,-0.004556172,0.066426374,2.2747953,1.6468437,0.26333332,0.22085689,0.31944445,0.71403754,-25.504091,1
29.789383,0.34415546,16.377985,32.32008,34.747025,18.36904,814.5072,1312.3185,79.949455,45.322277,0.27241543,1.1792743,0.094644845,0.1127592,0.43119442,0.33654958,7.8461804,6.52052,6.2192636,4.259196,0.1497676,1.6933326,15.776838,0.9319948,7.0258822,1.3116827,10.00505,1.183394,1.7513536,5.7057924,0.05860977,1.7029749,1.5138372,0.7221548,4.2000422,1.4082841,1.7427224,7.356809,23.823618,0.7341247,591.8114,0.3681329,1323.9717,0.20721315,-149.66408,-0.53846383,1547.3646,0.18523252,1011.2025,0.3013582,-147.77943,-0.53390336,2690.7603,0.11575555,883.38367,0.4076906,-150.22621,-0.49550492,-13.808812,-0.77932405,26.668648,0.5421253,0.030495679,1.6766001,-0.019783769,-0.78792506,0.40829787,0.7957963,29.56835,0.619167,10.619048,1.0302292,3.8000925,4.0451818,-1.652748,-8.371081,-9.976698,18.333717,-0.03291496,-0.004298134,0.038597163,1.5396459,1.8561486,0.15083332,0.2002481,0.40136364,0.6314723,-33.548668,-1
28.249247,0.3759344,15.899097,31.952753,35.6369,19.737804,455.2322,604.6623,432.27515,670.3782,0.2961235,0.95634425,0.12203747,0.15799738,0.44897297,0.3269355,8.3319025,6.7757154,6.570688,3.840932,0.17704278,1.6090517,11.678105,1.0945847,8.868664,1.1035761,15.801232,0.7444686,0.8729208,12.935588,0.06024996,1.3917302,1.7050053,0.6880529,3.268748,1.9120746,8.323535,2.3307967,21.51156,0.81765425,697.0352,0.3825447,1200.3595,0.24225089,-143.57094,-0.5610374,1739.5365,0.1646914,951.44684,0.42436227,-141.3627,-0.5561889,2819.695,0.11580893,858.41815,0.47470567,-142.68407,-0.5360637,-15.703674,-0.7120675,24.709394,0.5449503,0.012199366,3.9014454,-0.015021422,-0.9340057,0.4026794,0.9220157,21.742653,0.71888644,13.71172,0.8007462,16.913542,0.93941367,1.669222,8.128203,-6.4718237,14.068619,-0.030014168,-0.002685583,0.06259736,2.1838036,2.4702654,0.12666667,0.13452247,0.2756,0.37154895,-31.704031,-1
34.442604,0.24268565,30.914347,34.893234,40.254704,9.340357,456.62662,661.5646,115.970345,93.41948,0.5277586,1.059581,0.15334442,0.21808647,0.92155266,0.76820827,12.301702,8.060895,8.259736,8.027679,0.359622,1.6004745,13.890487,1.0525031,5.0155845,2.3451965,4.689537,2.941078,-7.355709,-1.9501646,0.040210493,1.6661408,1.2432224,0.79860735,6.8040795,0.91718495,6.679221,1.795544,24.157852,0.5426647,658.24384,0.3481125,1249.7092,0.21150647,-138.91838,-0.622106,1702.8264,0.16803941,927.38806,0.47878352,-134.74834,-0.622424,2836.1274,0.11123251,801.42645,0.5226639,-137.6157,-0.5795674,-16.648628,-0.6444087,26.908548,0.4516077,0.057845213,0.7236125,-0.026789948,-0.7118855,0.8461338,0.7665679,26.64143,0.5803275,11.373217,1.2953067,6.2796435,3.1922283,-8.523931,-2.14897,-2.0814843,8.662027,0.003841142,-0.002319683,0.049668428,2.2518766,1.2573345,0.29133332,0.29698184,0.51857144,0.72895086,-25.4852,1
24.32553,0.44472653,15.086772,18.933706,34.088257,19.001484,207.50526,171.56364,99.839386,49.155563,0.23417102,1.4770256,0.11300635,0.13220276,0.1694901,0.056483746,9.864733,8.522123,11.042723,9.197273,0.12798828,2.53581,14.186982,0.7257403,3.716125,1.7458181,13.756174,0.7348987,-0.4181797,-20.906984,0.06750206,1.3836032,1.6164178,0.7258916,1.3405067,4.3250794,6.7732267,5.2848873,17.194042,1.1580945,652.1523,0.40063703,1298.9137,0.21440163,-159.08656,-0.4618332,1639.3683,0.19368106,1089.1215,0.38038182,-158.5917,-0.4516331,2727.7783,0.13601807,799.7883,0.37972534,-159.46953,-0.43736467,-13.327772,-0.6115737,24.35489,0.50813025,0.002449248,19.409502,-0.012473231,-0.87677103,0.42456108,1.3504846,25.632122,0.58412415,5.608989,1.8508395,7.12538,2.2395825,-1.1022974,-10.203224,-9.798366,17.683468,-0.03457658,-0.003964304,0.038465608,0.81892633,1.738335,0.116842106,0.13123111,0.3690909,0.45202482,-33.37039,-1
23.824453,0.39849338,15.294874,17.812107,35.004414,19.70954,113.68727,117.51421,67.80337,55.947475,0.26944172,1.4205923,0.11945678,0.1426365,0.20425367,0.08479689,12.292501,9.638785,10.854078,10.041639,0.14166142,2.2377837,15.780784,0.5673221,3.081695,2.3548508,12.528155,0.82269835,-2.3303292,-3.9427679,0.048255604,1.4355968,1.403221,0.69307977,2.470849,2.4479394,6.4450727,4.4477186,12.622651,1.607614,564.18976,0.3542567,1244.4581,0.18148175,-144.33241,-0.5598631,1602.4681,0.17200236,925.7361,0.38053378,-142.08246,-0.5556439,2647.6,0.11633517,899.34564,0.5267846,-142.71127,-0.54792434,-14.266134,-0.60894656,21.617994,0.53551257,-0.002290347,-21.437143,-0.015111259,-0.9626676,0.35705087,1.3320681,22.29063,0.5139887,7.309127,1.2866772,17.84397,0.7753899,-1.89774,-5.3110194,-7.111598,14.154786,-0.016476786,-0.004442385,0.035742413,1.0007699,2.3956723,0.12677419,0.15742663,0.2680645,0.3859752,-30.868069,-1
31.880875,0.36517563,17.581722,32.708256,38.871166,21.289444,555.9262,614.0888,162.56258,115.277405,0.39626008,1.0964702,0.14713569,0.18305726,0.61309564,0.46595997,12.363049,9.897399,9.489353,8.079373,0.2837831,1.7806683,13.398542,1.0988128,5.537991,1.8861382,9.131391,1.256164,-10.926174,-1.1144712,0.087716304,1.5759134,1.670618,0.7300769,3.4926841,1.8207414,7.584702,2.567814,22.345444,0.6940305,722.1136,0.33526736,1198.179,0.28733343,-141.13402,-0.59274626,1718.4664,0.18506624,1007.1192,0.36462525,-137.975,-0.5872063,2907.0874,0.10060756,665.2521,0.54150873,-139.3863,-0.557049,-13.811877,-0.8935681,24.425106,0.5706016,0.026562732,1.5925523,-0.014491813,-1.0745463,0.6646883,0.98871726,24.027319,0.71204853,11.067547,1.0377094,7.755118,1.9627552,-7.9669647,-1.9040773,-1.4920708,6.002378,-0.003961044,-0.004471678,0.055806626,2.0850708,2.2632022,0.15296295,0.1714387,0.31391305,0.3107318,-27.377663,1
29.035706,0.3181985,16.323637,33.713722,35.623302,19.299665,602.1603,637.8547,73.015396,95.741776,0.3535501,0.95153004,0.15777689,0.18747552,0.5133467,0.35556978,10.6567745,8.48777,7.8345394,6.3589883,0.19269301,1.703748,11.486432,1.1693127,6.019775,1.5560714,11.760506,1.0436077,-8.747288,-1.5666116,0.062509924,1.4242243,1.8953373,0.625017,3.0925605,1.8467464,4.825931,2.474592,17.54919,1.0275836,763.5121,0.324342,1175.6129,0.22962388,-142.41985,-0.58244973,1780.9075,0.16567934,966.7773,0.46893957,-141.44173,-0.5684726,2874.5022,0.12202982,815.45,0.5846097,-142.87694,-0.54699385,-11.429947,-0.7432081,20.066711,0.55859715,0.026056865,1.5964149,-0.015808813,-0.987262,0.47067085,0.9318807,23.246742,0.61160356,8.964379,1.2916478,9.154228,1.6857177,-2.8728518,-5.8328204,-1.3680885,5.456312,-0.00880917,-0.004528774,0.054014973,2.0018198,1.9195613,0.16190475,0.1860266,0.36842105,0.42975223,-31.953762,1
29.459976,0.37427223,16.800165,31.046764,37.15094,20.350775,217.01091,151.35196,186.42757,149.74718,0.3328292,1.0667893,0.1544349,0.17678565,0.38465494,0.23022003,13.35306,9.673728,10.992038,8.627455,0.18728845,2.0491865,10.574199,1.2001677,5.62872,1.6052192,11.270709,0.9189116,-8.962397,-1.2489178,0.1020374,1.5898801,1.7415282,0.68350154,3.0923007,1.797826,1.8452383,10.9197445,16.056595,1.3282075,677.30524,0.44280457,1163.8174,0.28174594,-150.11044,-0.5434155,1743.7433,0.2011243,870.6505,0.49996036,-147.84296,-0.53594065,2831.341,0.12752871,870.98444,0.5587012,-148.30536,-0.52697617,-11.962153,-0.8297235,19.2456,0.6909873,0.034555625,1.24703,-0.018321635,-0.9008254,0.51193005,1.1135749,21.117147,0.7130541,11.6477,1.0167242,13.99354,1.1110007,-2.9767823,-4.6753387,-1.6299354,5.9514966,0.001157683,-0.004822674,0.05072326,1.5846539,1.5939597,0.17631578,0.17812504,0.406,0.56382084,-30.471611,1
22.416094,0.4390119,15.213669,16.241602,33.451057,18.237389,150.77449,99.35881,164.05669,144.16618,0.18869777,0.92815334,0.12941709,0.14372462,0.16829489,0.0388778,5.08772,3.313866,4.837019,6.25757,0.08219228,2.6528716,11.311877,0.74730426,4.945443,1.4522786,18.325241,0.48138955,-8.909116,-0.8644907,0.08154136,1.6274621,1.4231948,0.64738744,1.0682065,5.924778,-2.5850155,-11.864943,8.62396,3.2828505,659.9932,0.3975966,1275.3518,0.17160979,-164.95166,-0.42189485,1668.536,0.19241595,917.765,0.33122593,-163.22142,-0.42242584,2764.9182,0.12063125,673.39264,0.4970257,-163.46812,-0.41938964,-14.028578,-0.5772937,17.993343,0.57046646,-0.001118206,-36.465942,-0.012672426,-1.2018089,0.22818479,1.4994091,21.108969,0.48933262,10.5229225,0.91460294,18.466316,0.6307006,-5.71617,-1.8902687,-6.499848,12.885076,-0.024784515,-0.005134793,0.03373483,0.5459509,1.4652015,0.13312499,0.15287735,0.46555555,0.6399325,-35.89059,-1
28.348234,0.34112883,15.777481,32.998875,35.22703,19.44955,315.50082,295.9597,246.78188,239.94852,0.3367816,1.199242,0.13663134,0.16773935,0.4220785,0.28544715,11.265158,8.736921,7.8379345,5.897081,0.19866088,1.9815886,12.55796,0.9921331,5.1148205,1.7793844,14.389824,0.7189265,-8.547319,-1.2631248,0.072795585,1.8349413,1.7728654,0.67958295,3.471013,1.8960804,2.1312382,13.324963,15.35381,1.6553919,673.7334,0.37869805,1203.8315,0.2282082,-148.24994,-0.5373009,1741.5621,0.17681122,902.9261,0.4058847,-145.3513,-0.5398468,2833.1108,0.11755261,724.1858,0.50413287,-146.64874,-0.5225028,-14.73019,-0.7335592,21.768988,0.56748486,0.02295405,1.9607452,-0.014911729,-0.9974152,0.53632426,1.0507609,24.1445,0.6054409,10.823649,1.0610844,17.853523,0.82633674,-5.3353257,-2.2332122,-2.6829832,7.5717688,-0.007625268,-0.002933347,0.04547055,1.5468608,2.1937845,0.1325,0.17609774,0.31608695,0.40417105,-29.310884,1
33.09447,0.29953828,21.328049,35.504932,40.93316,19.60511,399.53482,386.57257,90.72947,53.957993,0.5343044,0.9850146,0.12923679,0.23581369,0.9605754,0.83133864,14.950414,9.148097,11.532071,7.479362,0.34117657,1.271891,18.149277,0.74729097,5.286791,2.18149,6.7792554,2.1839206,-0.981889,-14.2165,0.053548183,1.9279587,1.511572,0.77832884,5.987148,1.1123879,7.3012714,1.411377,22.6999,0.4915794,675.5452,0.31015348,1258.5211,0.2120168,-115.62771,-0.7839355,1722.7474,0.14196235,907.0646,0.39933887,-113.971596,-0.7570178,2762.3435,0.115913525,894.8836,0.5190537,-115.96639,-0.72068495,-14.918606,-0.66366994,24.576124,0.48405066,0.053501032,0.8390623,-0.023258569,-0.7057784,0.62110436,0.727401,26.270603,0.5307741,8.372032,1.6056656,5.8336377,3.2375817,0.7988439,21.57202,-5.459218,13.4555435,-0.007543727,-0.00451441,0.07100814,3.085905,2.0100503,0.23541665,0.21146274,0.30105263,0.44899765,-27.867893,1
36.31569,0.23875543,29.032242,37.370102,41.8468,12.81456,233.01247,118.571884,167.3234,170.13719,0.53659636,1.1295867,0.15705706,0.2277044,0.9350593,0.77800226,13.402443,11.078249,7.8838706,4.8735204,0.31074393,1.5105319,11.990432,1.0852193,2.7281258,4.447562,9.154058,1.4325525,-8.009573,-1.4442604,0.061112486,1.668259,1.4410719,0.7340723,6.0772843,1.1487992,8.830505,1.793135,18.102331,0.96948117,743.1165,0.3308778,1203.907,0.23334914,-131.93474,-0.6586747,1809.5178,0.16502681,909.0404,0.40999392,-124.13279,-0.6882455,2890.422,0.109837025,799.2391,0.60338897,-126.06417,-0.6608297,-12.638083,-1.0058209,21.387068,0.61842835,0.044102278,1.0093336,-0.015507662,-1.3353881,0.65091884,0.8356056,20.254179,0.72859854,5.2494593,2.968109,9.763985,1.8565338,-8.203059,-1.7852811,-1.2970906,7.7279434,-0.001530602,-0.002283286,0.04919656,1.8198363,1.5539306,0.27294117,0.30079824,0.39599997,0.3730022,-26.38323,1
33.469944,0.32269806,22.709675,35.061504,39.701374,16.9917,722.3914,903.3399,315.90045,376.49582,0.29714614,0.9098844,0.1054552,0.16262983,0.48742226,0.38196707,7.5524044,5.635774,5.329577,3.8808846,0.20886545,1.4827782,13.810862,1.0319709,10.973837,0.896384,18.163074,0.66162145,-4.643913,-2.6909878,0.07319596,1.8085288,1.6067744,0.6721127,6.1312823,0.98274887,5.0595927,5.9808707,18.456823,1.302547,659.84326,0.3199705,1221.9204,0.21605362,-136.07626,-0.61036515,1767.2808,0.16283773,880.8295,0.4067425,-130.27734,-0.6132953,2835.1235,0.11100523,799.6827,0.50894225,-130.47038,-0.6048482,-19.423582,-0.61894923,28.557499,0.46168658,0.026110275,2.0080032,-0.023396203,-0.7506543,0.43495405,0.8523053,25.110857,0.57955676,14.131918,0.8638274,17.01865,0.87312573,-7.418587,-2.1664417,-9.44271,17.763802,-0.04732732,-0.002936199,0.047393788,2.7713625,1.9334881,0.2044,0.20421712,0.3147826,0.35781786,-31.505383,-1
31.870253,0.30002913,20.2088,34.194927,38.11693,17.908129,614.9432,778.6459,309.00323,445.29944,0.64209664,0.95942175,0.16204843,0.37095475,1.1114359,0.94938743,16.146059,10.148636,15.019869,9.970881,0.6486998,1.411154,18.734997,0.86739415,8.438184,1.3890688,10.872737,1.2669581,-9.059663,-1.4336475,0.09410044,1.722153,1.5696479,0.7841887,5.3694053,1.1386837,4.026596,3.195869,24.071571,0.68550056,737.51654,0.30865568,1233.4844,0.23611417,-103.97657,-0.86603284,1782.3649,0.15310854,983.9237,0.3809393,-103.79792,-0.8090977,2924.1497,0.104197964,841.6466,0.52508706,-107.15726,-0.7557022,-17.429338,-0.6346842,27.912683,0.47026074,0.04135575,1.053705,-0.022785679,-0.6545835,1.097729,0.88651407,28.69794,0.5169487,12.288346,1.0890075,11.674799,1.4389893,-8.528875,-1.8383133,-2.4185224,7.5037436,-0.002845996,-0.004214442,0.077944554,3.00273,1.5539306,0.3535294,0.46006316,0.3257143,0.379129,-22.720322,1
31.61265,0.22774236,27.365719,32.309387,36.090725,8.725006,336.15082,284.09207,254.11774,550.3999,0.5053497,1.2132338,0.13807215,0.19515908,0.7962438,0.65817165,13.683326,10.222675,11.387224,8.884434,0.307979,1.7259688,13.748619,0.9569588,3.1530979,4.1693664,10.315983,1.2003535,-4.9651794,-2.1609917,0.05338927,1.7096674,1.5040735,0.6693677,4.280157,1.2109152,2.8995965,3.8115137,16.69251,0.8185533,614.3974,0.36110842,1225.2782,0.2079893,-132.516,-0.66501635,1642.5955,0.15218513,871.01605,0.34823743,-128.74222,-0.667191,2699.2454,0.10921501,903.9277,0.50001585,-130.61783,-0.6406452,-10.80124,-0.8695699,19.916353,0.54575104,0.042179752,0.92083126,-0.018040657,-0.9259018,0.68207955,0.9819011,23.999907,0.5949643,5.0318685,3.3384223,9.828887,1.7164296,-1.3445365,-9.016482,-2.7863133,8.486568,-0.008575107,-0.002870794,0.056039754,1.9182652,2.0100503,0.18833333,0.2500111,0.25296298,0.2850317,-28.854456,1
20.819147,0.5038627,15.332922,16.254177,25.287586,9.954664,204.13759,140.99683,546.8099,774.81805,0.17003727,0.68189687,0.12383637,0.13745423,0.16408744,0.040251076,4.9573107,5.9611135,1.6953167,1.1694738,0.059455004,1.8964143,7.495705,0.980572,9.370891,0.6757599,19.629904,0.41272023,-8.039802,-0.96519524,0.08312182,1.1306978,1.6491141,0.64210296,-0.72721523,-6.114374,18.950058,1.832989,21.760582,0.5180876,760.76764,0.3436913,1156.696,0.20563766,-167.31409,-0.39795703,1859.0254,0.1656152,850.0159,0.4484612,-166.87303,-0.3935248,2857.6577,0.124329805,680.834,0.56853926,-166.31512,-0.39811277,-11.977135,-0.7609297,15.169478,0.68290645,-0.020083064,-1.720188,-0.01069402,-1.1846324,0.14737935,1.4532018,15.930117,0.57263166,12.419598,0.68274903,21.547031,0.47037438,-2.7322838,-3.3438046,-5.521894,10.835977,-0.032811064,-0.004602966,0.038706064,0.6369427,2.010969,0.08181818,0.07773125,0.37434784,0.38901016,-42.22486,-1
36.233173,0.2021443,33.458336,38.514732,40.875465,7.4171295,708.49066,837.0524,141.72682,153.75462,0.54316366,1.0686214,0.1358285,0.2593195,0.98666304,0.85083455,10.802795,9.874124,8.0567045,7.487976,0.29137594,1.522004,15.4760065,0.9148489,7.37873,1.3727621,12.217775,1.1236585,-15.150258,-0.90088546,0.03457423,1.8678199,1.1912029,0.9815816,8.94279,0.743559,10.293325,1.2679899,22.49835,0.6022978,707.7143,0.3376816,1239.576,0.24779779,-120.3861,-0.73447853,1811.1315,0.17731361,903.70056,0.44856295,-114.85758,-0.73124975,2883.0698,0.11932255,874.9773,0.56315386,-116.97306,-0.6984672,-17.486563,-0.5438773,24.355663,0.44893867,0.054589525,0.64298356,-0.025286628,-0.6933041,0.5328705,0.9586872,26.491203,0.4012498,10.107591,1.2042243,11.292308,1.5527986,-18.992641,-0.85328656,-0.64610755,4.0905576,-0.007398529,-0.003699297,0.050745625,2.0850708,1.6750419,0.2885,0.357579,0.28649998,0.32069105,-24.507212,1
35.880146,0.18106708,32.897087,35.402924,40.71895,7.8218613,631.7284,651.5625,160.55513,302.17358,0.57298297,1.0517417,0.14282823,0.266552,0.96984935,0.8270211,15.208874,9.714823,12.788493,8.504363,0.41861284,1.4284546,16.261946,0.746547,4.7024226,2.3456397,5.9998317,2.80093,-8.371075,-1.7434148,0.052716784,1.4620607,1.6053505,0.6715919,6.5004745,0.8292787,6.3909826,1.7889432,21.610437,0.56051624,702.5917,0.29994956,1197.6512,0.2201911,-116.23401,-0.77494854,1737.225,0.15310222,909.26324,0.4979578,-113.0168,-0.7625179,2869.3525,0.11821127,854.45953,0.59180474,-116.86216,-0.7048098,-14.298088,-0.6966881,23.780617,0.4631605,0.055697214,0.798993,-0.022066494,-0.7731387,0.7854256,0.8470526,24.448666,0.48230505,9.131409,1.3888754,1.7112113,12.157246,-7.8027205,-2.2822993,-2.4709523,8.030064,-0.007762436,-0.003338441,0.060852636,3.4576888,1.3711152,0.35333332,0.34073776,0.40923077,0.7096311,-27.028067,1
36.069725,0.24973732,32.07429,34.280014,39.370144,7.2958527,670.7255,839.67865,72.36474,55.651546,0.48010996,1.2576839,0.08133939,0.1724364,0.8427178,0.7613784,15.741077,12.526943,12.438575,9.352378,0.3549416,1.6654472,17.104233,0.8848657,7.4062138,1.4793204,11.710553,1.2021177,-0.15196611,-93.18023,0.038919058,2.0113425,1.4139268,0.76819503,6.5831733,0.8186442,3.3737016,4.694971,19.693619,0.9282243,619.00397,0.35080785,1216.8787,0.2774826,-129.62872,-0.68293124,1673.7065,0.1724331,908.2499,0.446059,-123.1306,-0.691733,2770.482,0.11250307,889.1946,0.5016608,-122.444466,-0.6912227,-14.699109,-0.8824847,23.700106,0.67465794,0.048006956,0.8519386,-0.026084708,-0.6366615,0.7314182,0.9678405,25.230997,0.6908154,10.415706,1.2492687,13.21048,1.4448266,-3.2579944,-5.7880855,-9.574645,18.663588,-0.024657903,-0.004307644,0.047818836,2.3864512,1.4683154,0.29842106,0.28401747,0.48857144,1.0835118,-26.024532,-1
33.224094,0.20851712,31.625149,36.12714,37.723877,6.098728,340.1682,436.3792,154.04147,139.20033,0.53400123,1.0966343,0.1358417,0.2061056,0.9170272,0.7811855,17.86817,12.5363655,14.363524,9.150591,0.40057698,1.4169726,17.001066,0.6959427,5.373621,1.8265481,9.278797,1.235236,-9.105578,-1.388381,0.052868042,1.7386514,1.6383398,0.6907204,5.7186093,0.9558355,5.6663346,3.4343011,19.24766,1.0266614,691.83234,0.32311898,1262.2047,0.23334815,-120.64043,-0.741045,1732.4691,0.16101441,967.36847,0.37050408,-115.29268,-0.742548,2827.0337,0.109983556,841.7515,0.52613574,-118.02143,-0.7014615,-14.6951885,-0.605586,23.631372,0.45704997,0.041608345,1.1497204,-0.022480026,-0.65103793,0.7726049,0.8035413,25.25178,0.44521552,9.219287,1.2393426,8.468036,1.7512467,-8.025248,-1.9932951,-3.929485,10.034447,-0.004789618,-0.005009168,0.043397475,3.00273,1.8298262,0.255,0.24330023,0.35999998,0.5360348,-26.120678,1
31.921392,0.28497085,21.268154,34.96404,38.57559,17.307434,376.1934,473.5334,26.550808,41.655525,0.36290637,1.2412896,0.09737079,0.12186966,0.62653893,0.5291681,13.437501,9.18575,9.972082,6.8664904,0.21025696,1.6778904,14.104633,0.9289423,6.124541,1.6385249,11.295655,1.2270632,-7.992998,-1.4349649,0.04105715,1.8239722,1.4357274,0.83052987,4.9322414,1.382857,6.303654,1.9421299,23.165453,0.5522241,581.7548,0.39559302,1243.1484,0.22064106,-153.32114,-0.522184,1601.834,0.19432536,985.8052,0.44154423,-145.09695,-0.5565461,2718.4282,0.11986925,824.7303,0.4317424,-146.95767,-0.5304514,-14.208178,-0.6609821,24.268867,0.5019899,0.05714758,0.6270892,-0.025569972,-0.6617092,0.56822884,0.7480584,26.703884,0.55903465,10.851232,1.2998537,4.7440248,4.17831,-12.368783,-1.3435478,-7.073593,15.647217,-0.019278608,-0.004858031,0.04575778,1.8475751,1.0819166,0.28214285,0.2354988,0.6207143,1.279422,-30.452208,-1
31.714577,0.32967943,16.823854,33.20038,40.74815,23.924295,455.52774,401.01663,88.208595,62.79007,0.46947286,1.0453722,0.16899724,0.21650903,0.76559025,0.596593,14.274191,8.220915,9.366042,4.985176,0.3672744,1.8005975,14.710109,0.87998366,4.556773,1.866339,10.408705,1.2523783,-14.863439,-0.7054061,0.050650988,1.6035857,1.4478376,0.6841687,4.6922445,1.3211488,2.8524494,4.0891805,20.582823,0.759464,729.76154,0.30120817,1179.5818,0.24024291,-133.58514,-0.63659877,1773.5726,0.1847853,976.1208,0.40850005,-133.09161,-0.6052743,2922.8467,0.1006518,723.3168,0.60482544,-134.00145,-0.5867832,-13.108919,-0.86993897,22.993198,0.6476644,0.030294523,1.6625787,-0.019607296,-0.83445436,0.8365025,1.0147136,24.296095,0.6374901,9.245958,1.105902,8.408948,2.260443,-14.327724,-1.0326926,-2.3646526,6.280984,-0.000374409,-0.00520483,0.06246285,2.0018198,2.1023767,0.17999999,0.27766103,0.29904762,0.8483873,-25.490574,1
30.37253,0.3786134,15.919486,33.1698,40.568195,24.648708,226.1371,208.40022,231.97385,175.10947,0.47119468,1.1820095,0.14296709,0.19008839,0.7676656,0.6246985,15.718339,13.977072,11.7686405,8.166204,0.2912117,1.7581818,16.162657,0.6517215,1.2586735,8.052075,11.761076,1.1037661,-6.217129,-1.8273103,0.06519511,1.8352345,1.3731835,0.68391305,3.4051442,2.0031862,6.1854243,2.704181,16.798807,0.99907124,654.49835,0.36530483,1192.5123,0.22489247,-123.910095,-0.7084059,1688.9061,0.16037135,913.67413,0.43603185,-117.54542,-0.72869223,2754.8093,0.11262012,840.1535,0.43938443,-118.3465,-0.70910066,-11.746353,-0.8419831,19.635815,0.60205007,0.033646185,1.4844854,-0.017923685,-0.82734877,0.5632053,1.1517924,22.0646,0.5400048,3.7058814,3.5264153,12.656359,1.2692114,-6.714807,-2.0575154,-3.7456684,10.537094,-0.007369589,-0.004219146,0.05746525,1.9245573,2.6295438,0.16647059,0.27053195,0.22206895,0.29181215,-27.905712,1
33.342205,0.21174861,31.764187,34.954994,38.647346,6.8831596,507.41556,735.9723,131.26028,243.40263,0.5939233,0.99398786,0.16717014,0.3182231,0.94392323,0.77675307,17.828268,14.958126,10.04917,7.303594,0.44328344,1.48264,15.531938,0.9835175,8.436948,1.3550352,11.012896,1.1452476,-8.670916,-1.4258449,0.047869008,1.9085997,1.2896732,0.7563845,7.16251,0.8112073,6.616063,1.579435,21.95687,0.64160734,661.1979,0.39972967,1280.1769,0.22794068,-124.60186,-0.70190024,1691.278,0.1688771,997.0991,0.45475006,-119.86815,-0.69582963,2832.509,0.10263266,726.68494,0.5502555,-122.38777,-0.658655,-17.556232,-0.6004113,26.460453,0.44914797,0.0444924,0.8043749,-0.023769464,-0.63303846,0.85858524,0.8855538,26.936523,0.49263215,12.016657,1.0785632,13.413845,1.129567,-6.5728483,-2.2239504,-2.1371887,6.933208,0.003357791,-0.004632989,0.071909495,2.8356965,1.8456376,0.24636364,0.35988057,0.302,0.3548887,-23.724194,1
26.156313,0.44654185,15.839024,16.912348,40.151657,24.312634,26.142166,9.893613,61.69115,50.20707,0.16254202,0.80325186,0.10946389,0.126045,0.15596157,0.04649768,0.5647356,0.59073484,0.4301012,0.20244926,0.047761913,1.5639447,10.175583,0.6147783,7.7464676,0.69317555,18.022694,0.42812937,-1.4643575,-4.2036257,0.016435925,1.15387,0.90065515,0.75943327,4.585045,1.8646306,9.16708,1.8216583,16.116999,0.6914638,612.5381,0.4599185,1269.2479,0.19307014,-177.90115,-0.30480236,1773.022,0.1701082,825.12646,0.5445534,-172.97928,-0.33571318,2807.5212,0.117644444,763.84784,0.563091,-172.99759,-0.3355771,-17.793812,-0.48460913,23.765594,0.3882335,-0.001082724,-33.41,-0.012662936,-0.95442855,0.1313334,1.2042525,19.13351,0.43573046,13.245375,0.538733,27.224525,0.38793263,-1.573317,-4.080502,-9.823493,18.278002,-0.036703356,-0.003540092,0.032051582,0.36396724,1.4625229,0.095625,0.20672956,0.5317647,0.6581367,-36.06299,-1
35.919224,0.30412164,29.318142,37.0221,42.66021,13.342068,311.8291,261.627,206.22171,173.79814,0.4514043,0.99741906,0.14611585,0.22943032,0.7503061,0.6041903,12.152363,7.085953,9.670033,5.435138,0.35979852,1.4730072,15.934386,0.77230483,4.853694,2.3865576,11.680396,0.99177843,-7.37605,-2.0295138,0.05361828,1.6780397,1.5644474,0.6897137,6.160134,0.91955936,5.967718,2.6096172,18.163425,0.941872,772.4987,0.33368975,1181.862,0.2743071,-135.9484,-0.6169797,1856.3119,0.18229648,945.0604,0.381103,-128.15218,-0.64432985,2929.9507,0.10567402,839.7141,0.565873,-128.3537,-0.6309413,-15.639978,-0.7666055,24.693459,0.5472159,0.044518493,1.0310103,-0.019912278,-0.72439253,0.73738366,0.80410504,23.796633,0.5993601,11.139706,1.2252381,12.095404,1.2753688,-8.786167,-2.0995948,-3.7116382,10.525166,-0.001025611,-0.005224903,0.07135427,2.5477707,1.9213176,0.21333334,0.17024724,0.31631577,0.5064033,-27.398233,1
37.076702,0.22717135,32.920097,37.35521,40.91369,7.9935913,458.82666,451.59055,389.25345,1130.585,0.77818036,0.7170958,0.19778252,0.6677106,1.3206751,1.1228926,10.838295,7.1198587,7.880075,6.8203297,0.4633349,0.9444112,16.64659,0.95531124,8.546638,1.7746804,13.98492,1.0947514,-6.6231337,-2.5044758,0.03406792,1.703063,1.1935395,0.8016732,8.109917,0.7570738,9.270665,1.4142485,17.82487,0.73507154,668.1208,0.29867837,1169.7609,0.27660775,-79.05481,-1.0583346,1806.22,0.14139408,770.34155,0.5448978,-78.65722,-0.9678171,2845.107,0.11596532,875.01337,0.54957694,-77.30023,-0.98714995,-14.521097,-0.9440563,20.524727,0.66553074,0.057683066,0.7395979,-0.026128953,-0.7114596,0.6077641,0.7013634,21.966589,0.65729374,10.458529,1.5143731,16.34401,1.002812,-8.093615,-1.9895535,0.23094955,4.262526,-0.001769898,-0.00183337,0.094730526,2.6387625,1.9266056,0.35999998,0.34138373,0.179375,0.3150093,-24.982737,1
36.305,0.2989692,31.770994,35.128586,38.276386,6.505392,859.00433,1230.1101,268.34393,280.96622,0.6457152,0.89925104,0.17492017,0.41650763,1.0516726,0.8767524,10.564709,7.4403553,8.325257,6.485122,0.42439705,1.2320931,14.503144,1.3811449,10.160946,1.3834143,9.262747,1.3611249,-1.5870416,-9.693395,0.035500646,1.5656035,1.2298951,0.7539743,7.0930243,0.8379954,7.1328487,2.826221,20.045073,1.0422755,690.2481,0.35840023,1155.4856,0.2958516,-112.8254,-0.7880451,1725.0724,0.17639765,991.062,0.38309658,-107.17963,-0.7840862,2811.5063,0.11743337,792.26624,0.4657743,-105.867355,-0.78341645,-14.836509,-1.102196,26.24967,0.5882155,0.036167543,1.1420085,-0.020350099,-0.82006985,0.6837663,0.8104745,24.400393,0.79929405,11.240258,1.3644382,12.189361,1.0754839,-0.9047107,-18.446003,-0.101148985,4.579333,-0.003008474,-0.005024634,0.0861679,2.911738,1.9266056,0.27857143,0.32273072,0.25666666,0.33630344,-22.468843,1
32.38948,0.24915263,25.540617,35.965836,37.907112,12.366495,258.78082,196.91003,177.064,204.0135,0.6184059,0.80584687,0.17247607,0.4687797,1.0120022,0.8395262,12.412344,8.2381935,9.386291,5.5998554,0.45914897,1.1486932,24.419867,0.6113079,10.531935,0.9468646,12.274566,1.1650345,-6.0391145,-2.1829762,0.060530134,1.7608742,1.4058945,0.7239502,6.5831056,0.86568147,9.449207,1.5838641,24.394606,0.5649151,704.8167,0.35245246,1270.9354,0.21078663,-71.360275,-1.1313128,1743.3287,0.18191925,1011.8578,0.38450235,-72.79837,-0.9936576,2854.481,0.11506118,787.4365,0.5441202,-76.59293,-0.916955,-17.93488,-0.5312988,28.064064,0.44310758,0.037046596,1.0499601,-0.022113658,-0.68813163,0.57750607,0.95772046,29.225657,0.45692006,11.535747,0.8422658,12.5654335,1.2469492,-6.3085117,-2.2402563,-6.7539806,13.235867,-0.002171714,-0.008014019,0.13016312,3.7721324,2.3201857,0.308,0.29526708,0.114999995,0.13457197,-25.17409,1
29.150856,0.328324,16.191362,32.65782,37.516907,21.325544,390.49344,449.09595,141.77936,58.546246,0.24449217,0.90505695,0.11135115,0.139016,0.355519,0.24416785,6.045896,5.8208647,4.332821,3.8077328,0.13933024,1.576036,13.168901,0.96651113,11.084785,0.73535645,17.744007,0.5826688,-8.248986,-1.1365052,0.0844798,1.4246814,1.6106764,0.64346457,4.8701286,1.4110998,-0.45939842,-71.00924,17.315292,1.771172,679.3012,0.35807002,1245.2188,0.20751183,-145.76169,-0.5685718,1804.3986,0.1837671,945.47626,0.42111677,-144.50545,-0.54578704,2892.8584,0.10002515,788.9193,0.5397314,-145.62437,-0.5304636,-19.656864,-0.5217123,27.05472,0.43418515,0.023616435,1.6142106,-0.023243768,-0.5826014,0.36305213,0.73954576,27.36482,0.4391607,16.456558,0.61218417,17.45976,0.8042954,-9.397136,-1.2659397,-6.783524,12.647437,-0.0373234,-0.0038167,0.030702192,2.001668,1.1725293,0.27071428,0.2724876,0.6046154,1.0692745,-32.869137,-1
33.123966,0.30158147,26.579172,34.059315,38.72379,12.144617,324.28214,291.61197,239.69296,215.7724,0.3721638,0.9867519,0.16239262,0.18919182,0.53094536,0.36855274,11.393699,8.260568,9.200042,5.2555366,0.24305211,2.0735579,13.508222,0.9925905,6.544445,1.4749279,13.586876,0.58715665,-13.241974,-0.8747351,0.05841786,1.931129,1.2208463,0.667617,6.8272266,0.9325338,10.290529,1.0823057,25.33085,0.43882224,738.69257,0.2995506,1200.7709,0.24535401,-148.82901,-0.53016746,1866.9553,0.1638078,1019.3313,0.4200933,-147.6128,-0.51016223,2954.6343,0.09920594,785.142,0.489587,-146.84698,-0.5125607,-18.85466,-0.68533504,25.979994,0.5433464,0.026425572,1.5738713,-0.021847362,-0.763426,0.6275687,1.0933907,27.038914,0.5426615,15.021153,0.7707746,15.830635,0.7301318,-12.341538,-1.1729101,-1.5873679,5.200581,-0.003364936,-0.004541759,0.049148988,1.5468608,1.0064044,0.31727272,0.49149287,0.5107143,0.5548161,-26.179045,1
35.82148,0.18927737,31.990276,38.327644,40.103916,8.11364,302.009,250.47511,199.75214,221.22739,0.46517324,1.1023105,0.09361253,0.12774853,0.902825,0.80921245,14.467088,8.554508,10.216715,6.773935,0.2965054,1.4993017,18.460712,0.8198598,7.9075108,1.0952599,7.4813137,2.0538538,-6.7760425,-2.1460001,0.05305713,2.315625,1.2027522,0.8335011,8.808612,0.6389505,10.414399,1.1762723,27.702097,0.42780373,627.1577,0.3685246,1306.5267,0.21446447,-133.91328,-0.6637927,1628.3026,0.1785904,1001.8237,0.4306433,-126.62152,-0.6711259,2828.5232,0.109246306,864.46265,0.5094776,-130.18613,-0.62077075,-17.232178,-0.5162308,30.161444,0.38861117,0.05781056,0.6227114,-0.027581282,-0.60685873,0.6226832,0.79034424,30.693443,0.39824632,11.510388,0.825275,1.8572396,11.022417,-14.125587,-1.2223163,-7.224011,14.78738,-0.021512697,-0.004406004,0.055692155,2.1684737,1.0887773,0.38076922,0.3326227,0.47714287,0.59644693,-26.955105,-1
28.25225,0.34793735,16.046818,32.317806,38.213757,22.166939,264.1453,172.49379,159.69794,133.35995,0.27370825,1.0142536,0.13027248,0.15056072,0.37810826,0.24783579,10.171373,9.604434,7.642569,5.901315,0.1529815,1.7271315,16.31563,0.71199137,7.5672083,1.0347424,12.392315,0.7738327,-5.4052486,-1.8782476,0.049400184,1.8403229,1.4587187,0.7836807,3.6922312,1.88113,3.3420048,5.7827525,18.40557,0.8581339,628.5454,0.3727217,1293.5083,0.20062466,-142.94026,-0.56736076,1679.6355,0.20522137,1005.00806,0.36192045,-142.06828,-0.5508087,2739.992,0.12717196,879.5955,0.5006655,-143.55493,-0.5299104,-16.53376,-0.58268553,26.24472,0.5046513,0.020808568,1.9924734,-0.020836651,-0.7362594,0.3586024,0.9936376,26.741877,0.5127167,11.923226,0.85921293,11.903029,1.1473806,-4.5680747,-3.009525,-7.938162,15.354199,-0.01820417,-0.005906395,0.04798626,1.8198363,2.1937845,0.14416666,0.19252525,0.30391303,0.45377395,-33.52697,-1
28.541695,0.39355358,16.095581,31.341604,35.65517,19.55959,1114.6359,1047.8658,115.77261,92.38383,0.2997914,1.2133096,0.13441515,0.15166487,0.37096718,0.23655203,9.462361,7.216347,5.591242,5.4860973,0.14986262,1.9641787,11.637804,0.9563129,5.629034,1.6691676,13.683857,0.7431706,-4.6104302,-2.2510276,0.061571542,1.4632967,1.7633075,0.67448837,2.6216207,2.2104285,7.4206095,3.2505505,17.11063,0.8731725,649.0643,0.3676333,1183.3428,0.22190082,-155.04475,-0.4887955,1723.3398,0.16901341,845.50397,0.525042,-153.25063,-0.4831019,2767.054,0.109703876,812.4191,0.46813318,-152.47696,-0.48680294,-11.738477,-0.894972,17.545866,0.70682704,0.024094826,2.0181904,-0.019785507,-0.8481559,0.4139739,1.086187,19.078794,0.7446109,9.289426,1.2967621,18.384619,0.7547921,-1.2166516,-11.051578,-4.894712,10.512632,-0.012673145,-0.004885619,0.051978584,0.91743124,2.0938025,0.118,0.11489125,0.28724137,0.39705727,-34.028854,-1
32.13671,0.24399923,29.13205,32.893677,36.470905,7.3388557,411.31134,656.85376,85.27156,104.68262,0.39984238,1.1904013,0.14763403,0.16823465,0.619153,0.471519,14.579881,11.914821,10.145943,8.74257,0.31551024,1.9255207,14.033992,0.99011636,5.9909854,1.4896275,11.684931,0.78902215,-12.794821,-0.84196657,0.059271216,1.6205204,1.3656883,0.6767821,6.067963,0.86375797,5.538442,2.492091,24.577324,0.5816282,673.6905,0.36167663,1242.2985,0.23514308,-147.86887,-0.5499473,1734.4294,0.20174031,1047.1068,0.44891462,-147.49278,-0.5242461,2844.517,0.12480776,778.1932,0.50467753,-149.03128,-0.50236815,-19.323786,-0.53593296,29.463976,0.42680785,0.04922062,1.0271609,-0.025083575,-0.5647794,0.9070951,0.8607464,29.968985,0.45252305,14.07866,0.78089166,15.055171,0.9243042,-9.311962,-1.656368,-1.8751942,5.9412746,0.002391203,-0.005192368,0.047786076,1.6936105,1.0819166,0.2792857,0.33469528,0.6676923,0.9063973,-26.667542,1
32.16754,0.3199861,19.57953,34.95276,39.824055,20.244524,258.06058,167.85959,172.49487,101.12703,0.5550315,1.0961497,0.11471854,0.2618139,1.0055779,0.89085937,15.311796,11.527054,13.94716,8.625719,0.39063284,1.4502137,17.625687,0.96192485,9.064937,1.1781566,4.610107,3.3254254,-1.8333386,-8.954962,0.06179006,1.9434036,1.466335,0.76708406,4.9143014,1.3801903,5.2946525,4.0518003,21.677137,1.0671155,633.019,0.37113935,1294.604,0.23527834,-112.92248,-0.7836347,1640.8676,0.20086679,1037.8861,0.34390894,-105.857864,-0.7972193,2778.6235,0.1322055,873.0872,0.47238004,-109.350006,-0.7416847,-14.7386055,-0.7856415,26.45647,0.5369629,0.032826312,1.3998976,-0.022823771,-0.7344949,0.65026635,0.9796625,25.823092,0.6577325,11.545562,1.0352359,1.9793124,9.291425,-9.209723,-1.8674192,-7.3667955,15.904482,-0.026892932,-0.003534694,0.09800069,2.6688907,2.4308467,0.20793104,0.23035772,0.18392856,0.2567703,-26.486206,-1
32.249313,0.37285802,16.458633,34.67731,38.402378,21.943745,467.22678,509.54193,146.5551,144.97624,0.41753915,0.9283897,0.15304296,0.20481318,0.6871258,0.53408283,10.161063,7.170831,7.716253,5.442503,0.25357035,1.6393794,12.211436,1.1806908,6.6285944,1.5545218,8.838876,1.32894,-7.442329,-1.7192571,0.064247675,2.0374496,1.610277,0.59789896,3.2583065,2.0155697,5.981777,2.4581313,21.06733,0.8325965,692.0795,0.35004765,1106.097,0.32889846,-138.31825,-0.5996041,1755.1917,0.18690042,929.3332,0.37356246,-129.61804,-0.6386351,2888.657,0.10731029,767.51764,0.62594473,-131.542,-0.61146015,-10.374472,-1.2553102,19.26587,0.73105437,0.031479653,1.3528281,-0.017814863,-1.0405315,0.5391492,0.9944567,18.009563,1.0148025,12.242942,0.96831274,9.480421,1.6269233,-7.6306243,-2.2298965,-3.4112678,9.756084,0.000649656,-0.004881275,0.065483764,2.5477707,3.1107047,0.115882345,0.17334287,0.19999999,0.32527903,-29.21398,1
31.451183,0.26531184,21.337309,33.790176,35.330177,13.992868,403.0942,464.03107,284.9059,403.13605,0.26824012,1.4623058,0.09344223,0.10251094,0.32421237,0.23077014,10.812563,8.440183,12.172924,8.171169,0.15803702,2.290545,13.731235,0.90593773,4.958698,1.531416,14.772408,0.79393137,-6.7064314,-1.5555278,0.057175428,1.9118589,1.6304876,0.77073497,4.9867306,1.120318,1.4360307,11.274818,21.706099,0.8124354,582.0851,0.35315526,1279.2335,0.23668894,-163.07915,-0.45473123,1617.1304,0.15824455,929.85297,0.34747255,-159.68231,-0.46237248,2702.2395,0.11535483,972.2667,0.4791844,-160.9383,-0.4430508,-15.548234,-0.6510937,26.377855,0.42821175,0.040932223,0.8613585,-0.022672113,-0.589493,0.60798365,0.9075727,30.152252,0.49118993,8.492796,1.3452696,11.932502,1.6306741,-1.595695,-9.102888,-6.6988316,13.566099,-0.02587637,-0.004415914,0.024413135,1.0919018,0.82417583,0.26777777,0.3930162,0.75363636,0.8639578,-30.833832,-1
28.096779,0.4408017,15.099905,31.435204,35.218697,20.118792,300.95135,228.84007,109.266815,121.49972,0.2836803,1.2206111,0.11333486,0.13377507,0.38604712,0.27271226,9.344497,4.301188,8.3663225,5.3107414,0.19526017,1.9850715,14.745569,0.78439593,5.0865655,1.7274408,12.140805,0.82788295,-4.6693683,-2.3653634,0.056647174,1.5662298,1.5085548,0.7104988,2.897573,2.2988906,-5.3503275,-5.911848,15.798957,1.9876014,599.1928,0.33130887,1225.6887,0.18230957,-159.65077,-0.46877277,1648.0432,0.18802533,974.79834,0.47304294,-159.36594,-0.45014602,2716.9216,0.12918645,843.1204,0.45017216,-160.40672,-0.43337047,-17.507898,-0.65997785,27.445559,0.5174566,0.041616578,1.2530348,-0.025451668,-0.67329973,0.6560929,0.7923847,27.160805,0.58487886,13.534929,0.78390014,7.909792,2.063508,-6.8505063,-2.30952,-7.7841415,15.353903,-0.02113394,-0.005256704,0.042575434,1.1676397,1.5939597,0.13736843,0.13645288,0.4933333,0.76172316,-30.989342,-1
36.315792,0.23221686,32.55613,36.491962,39.201164,6.645035,315.30594,256.99542,164.48683,181.53235,0.67261976,0.80175334,0.18967023,0.5057649,1.0836334,0.8939632,11.666448,7.273418,8.331414,5.3899417,0.4727726,1.1504868,18.231108,0.98797566,12.214993,1.0445668,13.137173,1.1070303,-9.841261,-1.4483113,0.033741154,1.7106919,1.1967692,0.7972839,8.645275,0.62510574,7.387275,1.9573178,23.187813,0.68180597,711.67957,0.32147026,1159.2258,0.30667445,-93.101135,-0.9336779,1779.9227,0.17161159,1017.44305,0.44959262,-92.64205,-0.84332764,2931.9128,0.09482423,803.1799,0.61516196,-95.21208,-0.78754675,-18.052237,-0.8066544,27.364939,0.5481179,0.035260364,1.1288403,-0.022274662,-0.695904,0.64576524,0.8361636,26.017208,0.6400009,16.815008,0.7157005,12.782922,1.2892661,-9.687423,-1.5598526,0.96118677,3.3813305,-0.001231999,-0.004951489,0.15445425,3.0792918,1.9334881,0.3268,0.4050947,0.20095237,0.27498752,-22.957098,1
31.378391,0.25599894,21.920153,34.016636,36.961044,15.040892,208.5332,181.05667,218.87373,505.6583,0.5851784,0.95170873,0.124506384,0.36769593,1.0233774,0.89887106,14.337156,9.952299,11.420117,7.2887936,0.45223582,1.2677516,20.801308,0.7268392,7.900707,1.4457536,10.873369,1.4487467,-0.6253705,-20.631235,0.059629034,1.5907942,1.5537027,0.7161282,4.874315,1.3274398,1.7963172,12.549206,17.762918,1.2761757,606.82495,0.40515414,1261.4059,0.20465845,-96.847115,-0.9367299,1653.4862,0.19619791,955.4035,0.3775254,-93.62981,-0.8924916,2715.0823,0.13408287,912.7901,0.46058762,-96.41659,-0.8451973,-16.59258,-0.5780169,26.648264,0.46886796,0.040223524,0.975736,-0.021501178,-0.69414604,0.69870764,0.878971,28.401833,0.46541613,10.467019,1.1283137,10.95225,1.6699862,-0.41999933,-32.291306,-5.3384304,11.985203,-0.014245057,-0.005045386,0.07260052,3.366697,1.5582035,0.38117644,0.3050146,0.25375,0.42176524,-25.709433,-1
30.680845,0.31567022,19.82613,33.145523,37.789665,17.963535,791.5422,671.2187,145.815,154.40839,0.35807157,1.2643664,0.1411675,0.1623813,0.44077882,0.29961133,14.856581,10.677231,12.820313,8.695958,0.22116846,2.1314952,10.321675,1.0755324,3.2708755,2.4866064,9.025313,1.2802695,-8.962455,-1.0991491,0.06602579,1.8819083,1.5210786,0.6702638,3.8474734,1.6892347,4.948617,3.105545,16.918755,0.91948074,629.40405,0.37211904,1225.3737,0.23841217,-162.4445,-0.45567366,1714.7252,0.1580891,850.0473,0.41087914,-160.73866,-0.45083344,2726.466,0.12435908,872.36597,0.41630605,-160.47041,-0.450272,-13.204568,-0.7372229,20.213484,0.53958523,0.042665817,0.89886373,-0.02651586,-0.5882498,0.79371387,0.86611396,23.906199,0.5733558,8.032746,1.4817128,15.008157,1.2236669,-2.4697096,-4.568316,-1.8472326,6.5716186,0.004176428,-0.00485791,0.048928384,1.5725518,1.0760401,0.20666665,0.14586142,0.8076923,1.1284922,-29.25052,1
33.528877,0.2728752,30.74364,33.91876,37.584244,6.840603,399.78998,461.24915,141.66806,212.51056,0.71722984,0.98747265,0.17145908,0.45851555,1.1608076,0.98934853,17.002592,11.330081,12.499241,9.631071,0.5519095,1.2365284,15.433115,1.04443,6.2503686,2.1780112,12.749007,1.1953554,-2.1222687,-6.877752,0.04774958,1.6550395,1.5910584,0.6980328,5.3815637,1.0067827,5.5425935,3.0156372,17.583164,0.9958444,619.2675,0.41450658,1209.056,0.26800704,-109.85789,-0.8267115,1689.922,0.1731728,896.65173,0.46445423,-106.18898,-0.8008676,2713.194,0.12288328,894.30475,0.4939574,-106.14236,-0.7893065,-12.869581,-0.8433613,22.909977,0.5206304,0.046763357,0.9452213,-0.02037916,-0.72710496,0.9461187,0.7524728,23.88611,0.656054,9.212704,1.5888059,15.110893,1.2316958,-0.021915505,-732.91565,-0.45332223,6.178682,-0.001821695,-0.003429211,0.08053408,3.00273,1.8298262,0.2895,0.42304224,0.31133333,0.51889455,-24.137001,1
30.330097,0.35297284,15.558169,36.492264,39.110092,23.551922,207.68915,216.08972,107.83749,109.36064,0.4563454,1.0733707,0.12055209,0.16732281,0.8124573,0.69190526,8.902674,5.329763,8.185924,4.7450814,0.28054085,1.5038114,19.208307,0.67987436,7.7368712,1.3490057,14.613179,0.86614674,-0.93658286,-12.117001,0.039233144,2.2254267,1.1983694,0.92695576,6.768596,1.0690428,10.36663,3.0047474,17.271832,1.2312546,618.61505,0.35812852,1333.4362,0.2121907,-115.177765,-0.74534166,1640.3394,0.17351079,1016.3158,0.3973892,-108.451454,-0.75685257,2717.894,0.12118221,879.4183,0.45540357,-110.6874,-0.7233993,-18.733355,-0.54616183,27.150398,0.49028528,0.018017784,2.694936,-0.021123128,-0.8318485,0.46751252,0.99741477,26.969522,0.45687622,10.931655,1.1202048,12.91088,1.216265,-2.381129,-5.602512,-9.80593,17.199715,-0.0370745,-0.003751389,0.06255565,2.001668,2.3470244,0.21607143,0.25205353,0.18103449,0.22445865,-26.659472,-1
28.721605,0.2528965,20.183075,32.30517,33.871773,13.688698,591.85657,863.3391,96.98991,42.914528,0.22304602,0.9813167,0.12465723,0.14268109,0.20349532,0.078838095,9.754094,5.830947,7.749454,6.37725,0.09637978,2.1032982,12.826749,0.79237854,2.9418306,2.734916,9.626095,0.7467389,-9.006089,-0.8969141,0.047061097,1.4056357,1.5581514,0.7401794,5.1023574,1.0287101,3.2962239,6.280488,18.481083,1.03291,775.2336,0.31244597,1180.3044,0.24548069,-167.55334,-0.40621328,1839.2046,0.1682666,1082.6901,0.36036968,-167.38205,-0.39054975,2904.7527,0.099971056,752.5106,0.55487335,-168.06367,-0.38058814,-17.46085,-0.6221172,28.503363,0.46494836,0.009157604,4.2634645,-0.017483372,-0.7760152,0.37278613,0.9089909,27.44172,0.4640592,12.767987,0.9432056,12.953536,0.9094443,-3.6250198,-3.6790283,-4.2416754,11.025641,-0.003245872,-0.004116636,0.030566584,1.1828935,1.0054845,0.17727272,0.22551319,0.578,0.7329865,-35.705593,1
30.385443,0.37195554,16.303791,33.812836,39.495937,23.192146,595.56744,678.4073,131.72736,71.3593,0.42276928,0.988725,0.12953253,0.19707155,0.7399376,0.6104051,10.586748,6.136711,9.964307,6.752958,0.32122633,1.3868792,15.855072,0.8546309,8.061348,1.2924653,10.804857,1.4524448,-2.5968952,-4.514202,0.08176661,1.6923295,1.7598515,0.7016588,4.356926,1.422472,6.1988397,3.7225823,19.183964,0.8223385,671.3224,0.3665421,1263.8961,0.25100243,-120.888664,-0.7372502,1727.5071,0.18029903,965.5025,0.44596058,-117.57061,-0.7168067,2822.5999,0.1294263,803.0161,0.44643673,-119.036316,-0.6915478,-15.752456,-0.6554607,25.465853,0.47159106,0.02446583,2.3139555,-0.015041585,-1.0814309,0.60385394,0.8314659,23.83669,0.56060016,11.04508,1.0800849,9.514815,2.0848536,-2.2437015,-5.8751426,-6.5752177,13.956597,-0.02197593,-0.00381356,0.0623008,2.7297544,1.9213176,0.24095237,0.2463815,0.2595238,0.41499826,-29.275331,-1
31.04966,0.3846639,17.69083,32.233192,40.592247,22.901417,590.9844,1326.6138,164.37195,84.36797,0.36106873,1.3071456,0.14386788,0.16538012,0.4695894,0.32572153,18.925644,16.919876,10.539719,11.004813,0.23939878,2.2956507,12.058757,0.9622311,4.2179556,1.9744849,10.100846,1.0660126,-10.050688,-1.2362885,0.06612901,1.7972891,1.6108924,0.7509859,4.350108,1.5792605,6.2445107,3.6390038,20.85774,0.8348434,650.9737,0.36808386,1212.5834,0.20613179,-160.14928,-0.47721052,1704.7471,0.18996176,906.7454,0.3063662,-156.76953,-0.47855103,2822.1445,0.11093386,765.0718,0.5759384,-157.32393,-0.46391487,-15.11531,-0.7071104,24.453142,0.5215184,0.049921714,1.0065216,-0.023615165,-0.76317453,0.8437019,1.0090542,24.092253,0.6483174,10.801368,0.9660169,6.2054386,3.0555434,-12.742468,-1.4536556,-3.5406744,9.690158,-0.004416733,-0.004658131,0.040472485,1.3344454,1.2562815,0.18866666,0.20056142,0.5475,0.83744025,-27.767387,1
33.374,0.27432966,22.470984,34.13425,40.461044,17.99006,310.5817,256.82593,98.221725,70.3976,0.5332503,0.9627005,0.1529869,0.29680896,0.85196054,0.69897366,13.256702,9.198849,8.296144,6.052252,0.37705448,1.4132518,19.083746,0.82568216,8.761102,1.1204333,11.867053,1.2693429,-10.262994,-1.2437083,0.0511654,1.7263107,1.2432106,0.74195814,6.86049,0.86830425,6.112927,2.1248827,22.586147,0.6308108,757.0681,0.34508482,1194.458,0.2487367,-95.42328,-0.93299854,1811.8788,0.19115575,991.84344,0.4581534,-93.706894,-0.877699,2935.3826,0.11987551,730.14417,0.5170656,-96.24105,-0.8325874,-16.300077,-0.6707212,25.643856,0.5155136,0.03750801,1.2179065,-0.017631803,-0.95029193,0.5682886,1.0396986,26.498219,0.54328847,11.146382,0.9786706,10.856598,1.5964425,-11.405509,-1.2905699,-3.0970497,8.447572,-0.014207418,-0.003607444,0.06635888,2.7713625,1.3921114,0.4377778,0.587741,0.26055554,0.27655563,-25.775925,1
31.424177,0.22807398,24.625809,33.869102,35.904667,11.278858,533.2598,759.1067,375.5279,584.8614,0.42316726,0.95208365,0.12912036,0.1956503,0.7234869,0.59436655,10.763455,7.4098983,9.17238,6.187911,0.27135116,1.4019047,18.064396,0.76769114,6.329239,1.7733284,13.921716,0.91818327,-4.3715253,-2.4699678,0.060495764,1.93603,1.395794,0.7299796,6.2036743,0.88082623,7.0319667,2.246848,24.13014,0.5149724,635.77527,0.3560241,1249.318,0.23386014,-126.88246,-0.702259,1733.6603,0.17295426,935.9524,0.49924323,-128.01419,-0.6520257,2759.4302,0.117393695,938.8604,0.47598577,-129.6378,-0.62928516,-18.079271,-0.5326549,25.952251,0.44976422,0.04714784,0.8475884,-0.026660483,-0.5078517,0.5593243,0.7601168,29.987247,0.4146473,12.689141,0.94724137,17.804113,0.9351333,-1.2320267,-9.738157,-4.6377,11.514829,-0.006486834,-0.005915105,0.062141646,2.6447463,1.5793253,0.25636363,0.24791025,0.37238094,0.58557177,-28.77788,-1
34.66859,0.25521085,31.73355,34.95217,40.869736,9.136187,541.7165,613.0922,166.86633,173.15453,0.6594127,0.7246393,0.23484358,0.5148156,1.0704722,0.8356286,12.282429,6.502475,10.459075,6.908144,0.5332491,1.0855197,19.078583,0.93455875,11.082173,0.97599024,8.28367,1.77222,-10.354864,-1.3122739,0.047845617,1.6779262,1.4265995,0.75339586,7.3317695,0.8318605,7.484714,1.5391484,24.78781,0.5524033,734.49493,0.29475826,1217.787,0.26869738,-89.07437,-0.9530775,1790.3322,0.17840931,1026.5686,0.3864206,-89.097336,-0.86069447,2935.0854,0.10837529,796.4631,0.54075795,-92.16263,-0.8078811,-17.05866,-0.69969106,26.076624,0.5507528,0.04631848,0.99324846,-0.021390026,-0.80037975,0.7432602,0.8080016,26.719198,0.58255124,14.288054,0.69966775,8.909648,1.8780668,-13.132301,-0.98482555,-0.77698404,6.527329,0.000995598,-0.001769508,0.13326606,4.276615,2.6678934,0.23827587,0.26333496,0.14434783,0.27109802,-23.172165,1
32.85239,0.274305,29.514938,35.759518,38.964546,9.449608,420.32883,656.3709,96.710686,85.44684,0.6110924,0.92638576,0.13953844,0.37073293,1.0712214,0.93168294,13.295416,9.037383,9.460433,6.3256025,0.50779736,1.2496028,19.928797,0.7375846,9.554934,1.2005006,9.491696,1.7559022,-3.8834836,-3.7435544,0.044212714,1.8889713,1.4311906,0.77155334,6.2717376,1.0040212,5.1421723,5.0533953,19.010588,1.2475896,626.13,0.3544315,1296.9862,0.23141663,-107.23304,-0.81688786,1674.6371,0.1858684,991.4246,0.40282732,-99.913475,-0.82010126,2788.6453,0.12667747,880.602,0.46104863,-103.17464,-0.7682456,-17.652647,-0.6028193,27.475224,0.47974065,0.039083038,1.1228482,-0.022842836,-0.7177457,0.8146571,0.8289272,27.315006,0.5050928,12.908542,0.93740493,8.069757,2.423014,-7.899617,-2.0924082,-8.219703,15.723941,-0.028310478,-0.004477966,0.07957829,3.3361135,1.7587941,0.3152381,0.33958822,0.2505263,0.32381725,-24.234951,-1
33.579136,0.29209474,24.86845,36.137665,40.623295,15.754845,450.71606,720.68463,148.60332,145.30014,0.54268014,0.77446234,0.17176872,0.45897236,0.8539747,0.682206,9.15466,7.539795,8.151613,5.0693345,0.42100912,1.2056786,23.283997,0.5755741,10.241634,1.2010657,12.032799,1.121199,-4.0673413,-3.1094382,0.049634866,1.6366352,1.2940705,0.7133345,6.906458,0.94858444,7.9428782,2.624266,20.58613,0.8443057,691.46857,0.33167246,1312.2196,0.2346425,-74.78166,-1.0563476,1746.5284,0.16855086,967.36163,0.3739539,-73.58897,-0.9668905,2871.097,0.10614601,824.0107,0.48573312,-77.77227,-0.8819517,-19.51242,-0.5752423,28.854557,0.46144196,0.039082315,1.2396351,-0.017799933,-0.8672342,0.5432144,0.963747,28.109467,0.41591322,12.426991,1.0085467,12.588749,1.1716305,-4.938945,-2.5345294,-4.494614,10.654731,-0.012063659,-0.003995324,0.08377234,2.5477707,2.1957915,0.32791668,0.35929304,0.1073913,0.106412545,-25.770323,-1
30.744047,0.3062326,16.491278,35.39769,37.86546,21.374182,386.1706,559.92487,312.53293,749.4752,0.29715073,0.8107643,0.13549314,0.15893252,0.49220818,0.35671502,4.20385,3.3152244,3.2220109,2.112438,0.12487303,1.2921097,15.395904,0.9598594,11.735238,0.8123317,18.626549,0.63239044,-8.523427,-1.3116376,0.030129539,2.5099428,1.1412137,1.0168055,7.559562,1.0006398,8.461504,2.0528824,23.525736,0.5707372,654.8058,0.37746736,1320.5994,0.26750058,-133.61594,-0.6190511,1728.5837,0.17389724,1047.4219,0.35473213,-129.33556,-0.60757697,2883.4531,0.10342948,725.3466,0.478376,-131.59273,-0.57653964,-21.716606,-0.554725,31.051527,0.43608937,0.014260964,2.873636,-0.015465405,-1.0264289,0.23042184,0.85366243,28.422445,0.46386588,16.601063,0.67746013,17.596628,0.8805307,-7.666133,-1.9908123,-6.6188893,13.467391,-0.038088758,-0.003257675,0.04572038,1.8198363,1.8281536,0.221,0.31162316,0.27272728,0.37124094,-30.00386,-1
35.79361,0.23914467,33.703594,36.591145,39.953682,6.2500877,566.75494,775.3475,187.05824,242.76427,0.71849084,0.92291236,0.15842336,0.39281932,1.2997601,1.1413367,13.511467,9.08661,9.758543,6.3627596,0.48017907,1.2951658,17.409931,0.8881646,6.9516325,1.9092932,13.045154,1.2257416,-6.612294,-2.5112467,0.03401472,1.6864864,1.135506,0.85759944,7.663429,0.8305854,11.751441,1.3310285,21.293583,0.6342359,691.1495,0.33850232,1202.121,0.25399107,-103.851494,-0.8565419,1778.1085,0.16875921,943.3954,0.531453,-101.253975,-0.8124891,2807.7397,0.12086105,854.78894,0.4474858,-101.48416,-0.79760873,-15.598959,-0.74282146,24.742792,0.54984903,0.055854674,0.7211242,-0.022716375,-0.71490175,0.7849472,0.86100745,25.154627,0.5709696,9.007966,1.6771073,13.906904,1.3753927,-8.939283,-2.0027833,-2.294499,7.601232,-0.007879254,-0.005417575,0.058080506,2.456779,2.2914758,0.2428,0.34203532,0.1959091,0.2859062,-23.22525,1
34.74767,0.22582461,32.021614,34.77381,41.05472,9.033108,804.203,1041.9956,88.03908,100.137764,0.38398203,1.1576012,0.10505533,0.13642204,0.6601274,0.55507207,11.139453,7.7014093,9.667962,5.108101,0.27551007,1.6940955,14.653499,0.9614034,7.3926716,1.1946828,13.654286,0.9961614,-5.8124723,-2.0210743,0.028537085,1.1312715,1.3913094,0.7679081,6.640964,0.83808625,7.788583,2.0352254,23.009228,0.65520835,699.7731,0.29661134,1255.6744,0.21088825,-142.29913,-0.58252954,1739.204,0.16739453,923.7987,0.38457984,-139.79298,-0.57354236,2823.9905,0.10718624,904.7076,0.5196424,-141.39665,-0.55046874,-16.549809,-0.57648987,26.89959,0.45210132,0.051793497,0.95235026,-0.02533583,-0.6567346,0.68801403,0.8237021,29.232748,0.4782645,8.590439,1.4273553,7.9985275,2.140406,-8.00549,-1.6489462,-6.6923656,13.347389,-0.028589183,-0.004577953,0.043368865,2.2518766,1.4249791,0.2382353,0.35354063,0.5,0.647683,-28.93724,-1
31.700325,0.26532692,25.855337,34.1854,37.105995,11.250658,451.14142,550.019,85.78862,69.40345,0.39831647,1.24431,0.10277099,0.12525709,0.69010985,0.58733886,13.10644,6.430647,10.69739,7.109727,0.27170038,1.5861897,16.668419,0.74808514,5.214333,1.9021463,13.020713,0.94955367,-5.309977,-2.0873487,0.054102108,1.7605425,1.7294134,0.75561154,5.346409,1.0735443,0.91347617,20.884169,17.418848,1.031701,539.49023,0.40177965,1237.9971,0.19293308,-143.32858,-0.59808975,1609.5321,0.18065219,954.08765,0.5122586,-137.29253,-0.60469943,2615.116,0.119099304,949.955,0.51422554,-138.07343,-0.5936554,-16.076887,-0.5604447,24.321993,0.4475032,0.049682327,0.7697986,-0.025694173,-0.5654082,0.67292947,0.72416407,27.607273,0.4609492,9.327462,1.4761431,14.500449,1.2532175,-5.4366493,-2.584975,-6.4883747,13.349426,-0.014239358,-0.005248983,0.03980092,2.5404158,1.1600928,0.304,0.29590088,0.61923075,0.76440483,-28.772573,-1
33.119423,0.32950246,22.476067,33.120026,40.675056,18.19899,352.95563,444.2012,148.5656,151.52359,0.44822395,0.9108214,0.15061006,0.2638546,0.74402446,0.5934144,14.601305,10.261505,10.072296,8.022291,0.3535432,1.5886322,14.462804,1.0821658,8.343656,1.3069768,9.891042,1.2197984,-5.606121,-2.508415,0.07014986,1.3144324,1.7621318,0.5986384,4.0829115,1.4494442,6.0985346,2.2615016,21.872974,0.71808845,730.72723,0.32608393,1165.3855,0.28304338,-123.59226,-0.71582526,1773.6199,0.17328808,967.01495,0.4074914,-119.52254,-0.7083561,2889.6255,0.11892298,822.91693,0.5622339,-121.02952,-0.6789143,-14.113057,-0.8992332,25.021475,0.6002955,0.031007245,1.513246,-0.018581985,-0.81798786,0.67849886,1.003594,23.382925,0.7417336,12.459871,0.92355615,9.548307,1.595782,-1.9446508,-8.161154,-2.981726,8.739612,-0.006643493,-0.005889978,0.07299223,3.1451037,2.0803444,0.21275862,0.2982581,0.255,0.5978921,-27.999346,1
29.86878,0.3596946,15.728776,33.791405,38.539295,22.81052,422.93845,485.49783,81.67493,79.07743,0.29868904,0.9676168,0.086344644,0.14903738,0.521404,0.43505937,7.570499,4.4000473,4.430931,3.7358134,0.15171449,1.5437863,16.099092,0.97672206,10.653238,0.9336543,6.456632,2.0556407,1.9201286,7.8305116,0.050391443,1.6068493,1.3948417,0.7134004,5.586796,1.1281308,6.439055,4.040557,21.519562,0.8891631,712.50305,0.3339982,1252.4055,0.24767095,-122.80067,-0.71804374,1738.2115,0.1956681,1043.148,0.41204375,-121.56229,-0.68556535,2899.3381,0.118520536,757.09656,0.47748816,-123.482666,-0.6538356,-18.08898,-0.53801787,30.00864,0.40327314,0.008852588,6.3425393,-0.018956592,-0.88376164,0.2742659,1.0183077,25.661398,0.5920406,15.612141,0.61894965,6.951937,2.381691,-5.3928194,-2.9084013,-8.750833,17.706467,-0.028824974,-0.003296099,0.03926323,2.4634335,1.7014695,0.26227272,0.40236723,0.3195238,0.46598053,-32.344788,-1
31.59318,0.3200873,19.853645,32.613163,36.20492,16.351276,575.0415,565.1746,66.86566,122.033066,0.43658793,1.067004,0.15905648,0.20955582,0.65371656,0.49466008,13.273213,10.08139,10.422767,8.933868,0.28345972,1.7300289,13.889023,1.1005912,5.5285816,1.8292052,12.003381,0.863439,-10.190386,-1.2707015,0.0458199,1.6904554,1.436866,0.7472693,5.127702,1.0848382,6.3397226,2.0880315,23.158434,0.7375819,682.4746,0.3306441,1203.9025,0.22369482,-135.71259,-0.6433686,1735.4592,0.17516598,992.53015,0.4455839,-134.05655,-0.61956227,2860.9988,0.11401684,854.1364,0.5902299,-135.10167,-0.59889376,-15.298851,-0.7966375,23.401731,0.6155574,0.032191142,1.4253786,-0.021083985,-0.6314499,0.6389451,0.92429733,26.140902,0.64774126,12.164556,0.95529306,11.706612,1.2407622,-10.2486925,-1.4673798,-0.15689169,3.4514906,-0.00842176,-0.004263273,0.063734226,1.8198363,1.6453383,0.22444445,0.21891707,0.3622222,0.5855534,-27.376242,1
32.06561,0.27325746,24.625689,34.458466,37.96289,13.337202,312.30423,169.44629,131.31966,165.9671,0.44502947,1.1859416,0.12962835,0.14996843,0.8236443,0.6940159,14.261112,9.478381,10.688316,5.754582,0.27092564,1.5468498,15.34789,0.8809108,5.707044,1.5081804,14.547939,0.82047015,-4.745996,-1.9355402,0.035024364,1.8304374,1.2488575,0.74950093,6.1167235,1.0552514,8.768192,3.3273582,19.67362,1.1420329,591.7975,0.31478754,1280.8241,0.16997294,-143.16681,-0.58059895,1634.6809,0.17118798,926.694,0.4054998,-138.29501,-0.5891163,2678.0757,0.11143532,830.6415,0.41887006,-139.76282,-0.56610674,-15.4182625,-0.67432755,24.036667,0.5063017,0.043313544,1.0852281,-0.023529701,-0.69524014,0.6450167,0.74064183,27.741821,0.52080727,7.9654455,1.5112904,12.232149,1.415109,-3.55501,-3.3527296,-7.067894,15.376109,-0.024869267,-0.003825463,0.06349559,2.2518766,1.8456376,0.18181817,0.3759066,0.35476187,0.44366032,-27.67337,-1
35.5346,0.30454051,28.367792,36.48033,39.62964,11.261847,905.1528,1147.957,175.61775,140.9744,0.38943377,0.876845,0.11368149,0.24115688,0.6802243,0.5665428,9.961373,5.9300466,6.588242,3.7163498,0.26674876,1.3159869,14.4663,1.0887022,9.753333,0.9755349,13.346238,1.2368145,-8.598453,-1.366824,0.0630777,2.0079367,1.7238104,0.68660414,5.9823685,1.0774734,7.113184,2.9333308,20.866404,1.0546914,667.28723,0.37496164,1203.234,0.2394984,-128.67123,-0.67735803,1730.8765,0.1783898,939.7077,0.4104333,-122.21879,-0.6774596,2866.618,0.11854757,794.17914,0.50680727,-121.4195,-0.668323,-15.202941,-0.8822662,25.324106,0.5909538,0.03748146,0.99688596,-0.020708175,-0.74151736,0.50529623,0.7670487,24.601618,0.68083966,12.222267,0.9458659,10.888427,1.8111176,-11.649914,-1.1951437,-8.44417,16.31893,-0.04383164,-0.001927939,0.054379433,3.0937216,1.9213176,0.23428571,0.2431455,0.34625,0.69018906,-30.026693,-1
30.621399,0.2719653,20.03374,33.88794,37.1548,17.121061,553.41077,703.4149,275.19058,524.5924,0.37969702,1.0912802,0.10373005,0.15470721,0.6663986,0.56266856,11.517242,8.189529,7.0504036,5.3182063,0.21597765,1.5047832,15.059011,0.96575856,7.9926867,1.2251447,16.707027,0.7151636,-1.8870536,-6.1656322,0.053282257,1.8867913,1.3300534,0.70995927,6.102656,1.0401928,5.6669226,2.895222,22.728462,0.58712566,659.27734,0.3322084,1251.9913,0.22629043,-137.91095,-0.61779624,1756.7625,0.15643059,949.44073,0.5002766,-135.15886,-0.6114304,2773.2888,0.11136554,918.9319,0.5995813,-136.98474,-0.5858138,-18.146988,-0.55560416,27.639164,0.4224332,0.03519392,1.1454312,-0.025823068,-0.5326661,0.50198203,0.7557144,28.958427,0.46890086,11.257319,1.0360148,18.251286,0.9020112,0.109995194,122.43763,-6.3208923,14.440774,-0.025416464,-0.00487786,0.045514077,1.8475751,1.4683154,0.24578947,0.24433187,0.4142105,0.7114796,-29.029446,-1
29.11642,0.28192413,20.248816,33.505203,34.62888,14.380064,396.01517,563.99054,113.58823,98.02735,0.39414376,1.1175998,0.14646034,0.18474837,0.54407555,0.3976152,13.138263,11.515815,10.690598,8.059049,0.23403211,1.8616959,10.736703,1.2310913,7.651241,1.5925105,9.837811,1.0965232,-8.043693,-1.4013107,0.039960537,1.4332378,1.5707772,0.7006615,3.8337708,1.5814967,7.413723,3.2988431,19.650349,0.7166216,725.29987,0.30737245,1232.2976,0.2467604,-149.9447,-0.5237904,1770.5198,0.17261428,961.3053,0.4769397,-148.71309,-0.5173866,2808.07,0.11050297,809.2926,0.5340292,-149.87428,-0.5010963,-13.403212,-0.77819,21.482826,0.57600325,0.020766014,2.2656074,-0.016153373,-0.9782065,0.6521344,0.9339165,22.61941,0.6402491,11.481837,1.3404715,13.206269,1.1615732,-3.0159729,-4.9186254,-2.7845788,8.080544,-0.004604424,-0.005582518,0.058590397,1.7288444,1.6453383,0.16666666,0.18873851,0.37099996,0.37012026,-29.66465,1
30.692768,0.33569583,16.201363,33.879612,38.25944,22.058079,427.04855,687.67975,167.063,215.98627,0.31794754,0.8280665,0.12954774,0.16269378,0.5395214,0.40997365,6.3670764,5.566648,4.741454,3.3502731,0.17855574,1.4858307,14.910963,0.9553792,12.633728,0.713259,18.752216,0.61336774,-6.788965,-1.6853033,0.07016886,1.8917768,1.3258611,0.78681576,6.892631,0.96284425,7.909393,2.0946336,23.440649,0.634808,668.26404,0.36958396,1252.2516,0.20779903,-126.390564,-0.68191826,1770.8772,0.1544227,910.3396,0.41647696,-123.414795,-0.65719825,2899.2717,0.098304994,710.6801,0.52906317,-125.17869,-0.63180155,-20.877121,-0.52795726,27.628801,0.41978848,0.015009177,2.9191635,-0.018429749,-0.6660671,0.30720207,0.87546587,25.537832,0.46805516,17.110294,0.5846956,19.27486,0.7756857,-5.453375,-2.2787855,-5.89216,11.780753,-0.033378296,-0.003600924,0.04285358,2.3094687,1.7982799,0.24695651,0.3103355,0.28913042,0.5070367,-29.92939,-1
32.73603,0.31579027,20.657566,35.908455,40.47561,19.818043,853.4537,1111.0463,147.4334,116.10554,0.34173125,1.2437462,0.09102972,0.11583198,0.59718025,0.50615054,12.962323,8.852505,10.99169,6.463241,0.20863938,1.6754068,14.493269,0.88365537,5.6483684,1.5196677,12.998891,1.1748191,-4.442831,-2.3478367,0.0607381,1.5546122,1.4086066,0.749735,4.920155,1.3809173,6.8944497,3.0864062,19.407667,1.0918615,675.3073,0.36395925,1211.8632,0.2552546,-145.55658,-0.56110173,1681.4863,0.20374735,918.3522,0.36451703,-141.07166,-0.57121086,2782.6758,0.1177086,808.5566,0.5082606,-142.69966,-0.5468653,-13.28937,-0.87958276,23.225565,0.5828727,0.03402729,1.518558,-0.022400422,-0.8433608,0.5265568,0.80924726,23.95906,0.6929746,7.997294,1.6283273,4.520229,4.5857286,-7.565758,-2.0497613,-10.611409,18.960781,-0.039451968,-0.004329254,0.049084537,2.3864512,1.7788091,0.17826086,0.20090342,0.3458333,0.47977355,-30.272905,-1
36.46278,0.2615371,32.505875,37.39356,41.240852,8.734978,344.751,308.6079,177.19789,200.9226,0.669642,0.83607936,0.16761878,0.5234001,1.0872821,0.9196633,12.804427,8.793329,11.051834,6.960768,0.49345756,1.1844637,16.058256,1.2533005,11.187693,0.99258214,5.6152706,2.3728986,-6.304041,-2.3332727,0.04244732,2.136678,1.3654037,0.790175,7.997139,0.7792184,8.252211,1.8242475,22.785492,0.6506844,702.10876,0.33375448,1229.9233,0.3004621,-101.49116,-0.8774987,1741.993,0.18375899,1010.0313,0.37181437,-95.834335,-0.8556378,2878.0208,0.13138664,866.3561,0.5489821,-98.55311,-0.7999601,-16.084095,-0.7265845,28.183987,0.49880332,0.051346354,0.9096425,-0.022978704,-0.6629627,0.74118567,0.81668943,25.89938,0.6767641,11.278049,1.0022107,4.4902163,3.454308,-8.945387,-1.8325384,-2.3243535,8.693688,-0.013063869,-0.004863747,0.11180338,3.7721324,2.0865533,0.28333333,0.2519406,0.1884,0.44993937,-24.185383,-1
32.880997,0.29908445,24.276245,34.427258,40.055607,15.779362,642.7726,714.9344,257.77795,229.25252,0.37654188,1.2105439,0.14532685,0.1594374,0.50796956,0.3626427,10.827866,6.2435684,10.909786,8.204136,0.28199735,2.0233355,13.401224,0.91125554,5.3137383,1.6622491,11.026393,0.9484403,-10.69944,-1.1065421,0.05428645,1.8664564,1.4140986,0.83596116,6.147564,1.1691214,6.737607,3.5710232,21.068972,0.9439148,717.8505,0.3399491,1240.1731,0.24610475,-158.37819,-0.46909568,1782.7098,0.18510164,980.12854,0.38643357,-153.8832,-0.47845846,2925.3362,0.099457264,792.42566,0.50678235,-154.81888,-0.46529004,-18.231163,-0.66907525,28.316837,0.5115486,0.02507103,1.9125297,-0.022771694,-0.751429,0.90520465,0.87394947,25.792763,0.60237813,13.73373,0.869435,10.158439,1.7359909,-9.431084,-1.9301152,-3.8074234,9.74699,-0.007339116,-0.005621079,0.04321417,1.6680567,1.3411568,0.19624999,0.27296692,0.64615387,0.9259552,-25.458624,1
33.298027,0.2647694,26.352547,36.585876,40.36455,14.012005,457.39157,741.6468,44.223076,73.13174,0.2669895,0.88319856,0.14475837,0.16208011,0.32051197,0.1757536,6.8774495,6.8388724,4.5585594,3.8959584,0.13427754,1.8794684,11.756475,0.80589134,6.2837214,1.2971722,16.326414,0.5934019,-13.048888,-0.6904177,0.038179297,2.274096,1.3765386,0.7540125,8.071487,0.8034997,6.3758087,1.8520776,14.685107,0.88967013,692.29834,0.36615852,1276.3813,0.2004259,-163.36005,-0.42456093,1821.872,0.14109218,857.53345,0.5256778,-156.90149,-0.4510434,2960.819,0.08505781,661.9268,0.88240355,-157.20581,-0.44518653,-19.869316,-0.5581683,25.633158,0.485146,0.02116318,1.6318834,-0.016281443,-0.7726943,0.41001865,0.87205243,23.436956,0.4482944,15.821152,0.55532753,23.133316,0.58740044,-6.81728,-1.4536612,-2.2779856,5.9584494,-0.007955933,-0.005422223,0.034871984,1.000834,1.1725293,0.21642856,0.31187466,0.65692306,0.93577915,-29.978363,1
25.79478,0.386454,15.635694,22.854069,37.71843,22.082737,320.30325,577.9365,141.2615,92.01307,0.3280494,0.963296,0.16582134,0.20157738,0.39885807,0.23303673,11.045619,7.5042872,7.8100557,4.71679,0.20379427,1.9918351,13.13135,0.7998077,4.9595065,1.7361008,13.312264,0.7220295,-9.896066,-0.9829784,0.09348256,1.5088563,1.7005639,0.7228417,2.9472773,2.5263047,6.745555,2.7797735,19.521334,0.6876816,626.5421,0.36498296,1255.4441,0.20306562,-148.80077,-0.5361028,1728.0803,0.16566323,894.9893,0.40106735,-144.79082,-0.54253817,2806.8599,0.12141128,908.8795,0.58380854,-145.68202,-0.5305189,-16.144415,-0.67701846,23.076725,0.62756115,0.018947855,1.9040227,-0.016929185,-0.81224984,0.54819596,1.0604731,23.652456,0.49651447,11.368492,0.89475137,18.883745,0.6913047,-5.5772142,-2.0467033,-2.89377,7.5414524,-0.001149588,-0.004919783,0.044228774,1.3648772,1.9195613,0.1547619,0.24900983,0.3143478,0.5426171,-27.351328,1
31.943926,0.40554717,15.944273,34.35378,41.22028,25.276007,525.39185,531.33344,158.26527,149.13814,0.29567435,1.0730245,0.12382223,0.15064684,0.40194857,0.27812636,9.943215,7.5394163,6.969101,5.1136656,0.18621458,1.9724431,13.654968,0.7115056,4.0356545,2.3970888,13.476874,0.70804405,-0.47006276,-23.755318,0.07591713,1.6396818,1.8963486,0.64255303,3.8645465,1.7040364,4.3605533,6.0444226,12.362609,1.6917956,680.17883,0.37267002,1215.7772,0.2726562,-151.28268,-0.51725423,1711.7389,0.15479502,913.8024,0.3794035,-144.919,-0.54479694,2743.1345,0.11475155,867.67755,0.45082435,-145.84691,-0.53090173,-12.902009,-0.9294933,20.304665,0.6878497,0.023113908,2.1773038,-0.017595252,-0.93377304,0.48605818,1.1058927,20.714329,0.65378237,6.647856,2.0236297,14.361681,0.92918634,3.850064,3.672766,-7.1672983,14.934937,-0.02258754,-0.004722368,0.052174192,1.8348625,2.3470244,0.12392857,0.13278176,0.29148147,0.47977388,-31.180443,-1
31.047144,0.31586546,19.985264,32.755936,34.96506,14.979797,303.17532,216.04872,-221.90991,280.99197,0.39282984,1.226089,0.12181142,0.1484428,0.68544215,0.5636307,13.516316,7.3733125,13.363011,7.774469,0.27574906,1.8655617,14.397976,0.96348965,4.4244976,2.0569155,17.375233,0.6101012,-6.468982,-1.5296876,0.06461364,1.9475259,1.4774631,0.7450027,4.806146,1.1640327,-0.1617513,-122.23808,17.688927,1.1860453,582.93756,0.3949552,1266.8042,0.24842528,-151.18372,-0.541506,1611.8267,0.20544586,929.3353,0.4545938,-146.90637,-0.5500375,2750.5503,0.111945756,806.21423,0.42701492,-148.45271,-0.527182,-14.67564,-0.7575331,25.70633,0.5340708,0.034568217,1.1720027,-0.023153774,-0.6163312,0.8141722,0.8222122,28.0974,0.6244892,9.881916,1.2790743,16.16998,0.9433125,-4.608899,-2.9728475,-5.9045362,12.684626,-0.0218203,-0.004386107,0.04537423,1.9245573,1.0819166,0.26785713,0.4359256,0.63357145,1.1549435,-28.5553,-1
28.157612,0.3372224,16.56433,32.076553,37.307903,20.743574,432.42346,543.9125,98.450455,65.15071,0.28232473,1.0436746,0.112862974,0.13426886,0.46277404,0.34991106,8.071713,4.6479373,7.319539,3.94402,0.17949106,1.639349,12.365772,1.0871115,10.145531,0.678353,19.884531,0.49935868,-7.2011175,-1.2721559,0.06909827,1.5263369,1.5856655,0.69417757,3.9222386,1.7412424,7.7935014,2.9266324,22.38595,0.71942353,617.8154,0.36804664,1268.6768,0.2326036,-146.86395,-0.55035263,1662.3434,0.18933569,909.59827,0.41677824,-142.1435,-0.56162107,2751.1826,0.113410644,758.22955,0.51947504,-144.35846,-0.53027785,-16.278595,-0.56073505,24.809696,0.4482731,0.023774384,1.8561707,-0.019112537,-0.7306589,0.4575889,0.8185874,27.20386,0.48999786,10.661187,1.0052229,16.062016,0.922083,-6.7270727,-1.9515792,-10.258194,18.21991,-0.05202805,-0.004336483,0.04269226,1.8348625,1.4237857,0.21470588,0.24840948,0.43222222,0.7461349,-31.179165,-1
33.91869,0.3221978,21.99786,35.471714,40.778847,18.780987,230.31529,258.55405,137.71016,116.13506,0.41697487,1.1323011,0.14689592,0.18545823,0.69853365,0.55163777,16.138659,11.936081,12.956766,13.059991,0.27493134,1.8432529,11.219818,1.0229864,4.091009,2.4381402,9.714046,1.075632,-4.523066,-2.6530318,0.048309132,1.2915095,1.4296291,0.62081873,4.746936,1.2460756,6.610852,2.7336385,14.376932,1.2715398,729.94604,0.33939993,1112.5787,0.31786638,-149.85625,-0.5272689,1789.736,0.15250367,913.106,0.343068,-140.10466,-0.5939233,2838.4805,0.107576214,792.8202,0.44554764,-141.37692,-0.57430464,-11.636966,-1.1710094,20.355017,0.62734115,0.037085194,1.394386,-0.015615112,-1.0644766,0.701755,0.9159856,19.24755,0.7747064,5.2888002,2.8440602,15.305714,0.86924964,2.8081865,5.088278,-3.3291314,8.875644,-0.000258153,-0.004398902,0.057444748,1.5396459,1.3910356,0.23222221,0.21072772,0.41599998,0.5473244,-28.172049,1
23.383629,0.35440737,15.615831,20.141771,32.812702,17.19687,303.53055,338.58722,155.38486,111.095604,0.20959236,0.9712994,0.12726867,0.1459843,0.18070367,0.053434998,7.6941257,7.4406886,5.914428,4.609733,0.0908138,2.1401405,14.049579,0.55626607,4.0739217,1.4655052,10.579308,0.7813487,-4.238173,-1.9229108,0.10164327,1.6022215,1.75401,0.61696655,0.47528338,12.370689,5.251712,4.566142,19.671003,1.0146781,634.259,0.37475818,1252.1383,0.18851744,-165.67146,-0.4207054,1669.4797,0.21102972,971.6395,0.34888333,-165.62396,-0.4088365,2707.2185,0.12283016,874.76416,0.41394588,-166.72075,-0.3935437,-13.652012,-0.5804693,22.773178,0.48491347,0.018521775,2.0637796,-0.01625,-0.9593848,0.32686675,1.0782461,24.252825,0.4656587,9.334944,0.9721865,10.107364,1.4387832,-2.9063718,-3.7282465,-7.305573,15.391814,-0.013012141,-0.005558516,0.034980785,1.0777521,1.7001547,0.10045455,0.15128171,0.39192307,0.5057136,-36.16912,-1
32.9492,0.25684062,30.532454,34.63286,38.171486,7.6390324,572.4978,668.05206,122.45654,97.144394,0.5271353,1.1802986,0.1446666,0.19214292,0.940349,0.7956824,18.161303,9.276171,16.194492,10.139652,0.4129877,1.6870048,14.313755,0.9697642,3.5386932,2.4760175,9.223481,1.1732298,-9.125877,-1.2089957,0.041099034,1.5926868,1.4730678,0.687641,5.6958117,0.97727966,5.7693253,3.0637205,20.301523,0.890405,682.681,0.38553208,1210.2195,0.23273817,-143.00505,-0.5836739,1708.4805,0.18903156,992.1969,0.37411994,-137.3205,-0.59775484,2789.2239,0.12785947,890.93475,0.5458879,-139.50865,-0.5655543,-13.88797,-0.7153868,23.52765,0.4995041,0.048806105,0.7688185,-0.022931844,-0.71439874,1.0295534,0.8006318,27.464775,0.4978186,6.719385,1.6017281,10.264171,1.5489458,-8.6723385,-1.5761317,-2.0712373,7.2212424,-0.000724335,-0.004327191,0.06695166,2.4186823,1.5912899,0.21789473,0.24243455,0.40944442,0.6302951,-25.19792,1
33.752037,0.23362759,29.196306,36.116886,39.36193,10.165625,400.1429,510.61963,78.12144,52.138573,0.548147,1.0121758,0.14985189,0.25582823,0.95377016,0.80391824,14.524722,14.28918,10.0261345,6.185683,0.3810391,1.4004152,16.402153,0.77416295,7.5855513,1.5553153,9.650753,1.4500383,-8.348687,-1.5265664,0.057635557,1.8868387,1.4726067,0.79056966,6.8737044,0.84091395,6.6176744,2.259987,20.463867,0.7420026,672.7496,0.3425285,1252.5155,0.22846358,-114.05627,-0.7839589,1751.9894,0.16918668,962.42456,0.47860125,-111.652504,-0.74948347,2824.9934,0.118414916,828.9286,0.51684296,-113.23422,-0.7257702,-16.932184,-0.5847816,26.106625,0.46470723,0.049130145,0.8552701,-0.02137213,-0.7177863,0.68772715,0.85473883,24.710896,0.46766624,12.713486,1.0496101,10.424313,1.7326207,-7.1507697,-2.1677794,-3.1400678,9.101721,-0.002083572,-0.003254723,0.0596064,2.3352795,1.927913,0.2573913,0.2461392,0.23956521,0.35040942,-25.564432,1
32.66097,0.2411251,31.216167,33.85191,37.294147,6.07798,336.75934,550.80615,61.145454,23.693727,0.59865993,0.9640147,0.16439646,0.31617752,1.0365002,0.87210375,11.646226,8.085466,8.772836,5.8850965,0.41109037,1.3229685,17.291939,0.8546976,6.421934,1.7123468,11.359889,1.1818175,-10.124127,-1.1757445,0.044561204,1.5841445,1.4405849,0.8086841,6.452906,0.8930846,5.045805,1.8376379,22.72567,0.5853501,682.0531,0.33169052,1217.5009,0.21532097,-118.165474,-0.75899684,1764.599,0.17252539,992.69293,0.45183057,-118.21942,-0.71143425,2848.9158,0.117365316,875.891,0.4626051,-120.235054,-0.679488,-16.004883,-0.66948265,25.582886,0.5125424,0.04764957,0.76862407,-0.023798898,-0.6731291,0.7896892,0.73203915,27.412363,0.54822934,12.046994,1.08336,11.643773,1.499809,-8.247344,-1.6786568,-2.538967,8.087052,-0.002711596,-0.004359165,0.06382247,2.456779,1.3711152,0.342,0.41712028,0.39,0.6340685,-24.137163,1
26.490267,0.4189338,15.488238,23.802843,37.470066,21.981827,440.88516,683.8073,128.98955,141.0716,0.25345156,1.02546,0.11086713,0.13416111,0.34562132,0.23475419,7.0597973,4.9385104,5.4987144,4.1048756,0.14731249,2.0013165,12.766551,0.9805324,10.192805,0.83490556,17.303793,0.5712496,-1.5067489,-7.6721807,0.066574514,1.5196159,1.6036763,0.7978162,3.5194309,1.7496556,9.775746,2.3805337,21.032866,0.86105853,670.21545,0.34785008,1184.4243,0.2251844,-136.98471,-0.60931945,1768.9021,0.16873671,891.23676,0.43848422,-136.53561,-0.58676034,2809.9277,0.10992404,765.60406,0.44030526,-136.87033,-0.58130175,-17.155207,-0.6766485,25.656141,0.532083,0.000802045,67.67394,-0.020876309,-0.90242153,0.33432308,1.2595874,22.376574,0.6569727,14.273416,0.76602024,17.880802,0.72910863,-1.2279637,-12.59372,-9.47612,17.550491,-0.040085804,-0.003958395,0.037869953,1.6166282,1.8547142,0.18833333,0.20531815,0.35909092,0.4357742,-31.733608,-1
26.227175,0.39173892,15.799951,26.403292,35.720966,19.921017,292.51367,316.74286,108.02537,114.87251,0.3505179,1.2139431,0.11195995,0.14425504,0.48404023,0.37208027,11.592241,8.7539425,9.429107,6.7511024,0.26272675,1.6621345,15.937816,0.92620647,9.501842,0.9582126,14.558404,0.76982665,-0.004161222,-2804.561,0.071151026,1.9013159,1.5785819,0.6946226,3.4381208,1.928664,1.4594566,19.97662,22.042955,1.3128605,687.05145,0.35852963,1248.908,0.23551616,-128.47911,-0.69135803,1732.8254,0.17990558,968.2134,0.34821543,-128.48524,-0.66228956,2828.7168,0.11098419,853.3079,0.44988218,-131.90262,-0.61296636,-17.99098,-0.5870755,29.772379,0.41966403,0.0235846,2.0279198,-0.022466222,-0.72875196,0.6040025,0.8733323,28.559958,0.5321378,14.143695,0.82222027,12.026903,1.3186327,-0.3807392,-39.203686,-7.9018846,16.247692,-0.034449168,-0.003855246,0.032285355,1.7514596,1.7602683,0.21904762,0.26988363,0.343,0.5141021,-26.439976,-1
37.848816,0.22845072,33.116234,37.500244,41.872208,8.755974,469.49704,437.38416,103.37282,96.69551,0.55459017,0.8048579,0.13998678,0.4343686,0.9729495,0.83296275,11.546937,7.1975307,9.119424,6.617046,0.36126986,1.2294357,18.997515,0.79874724,7.6949973,1.5817524,7.9179006,1.9750799,-8.249566,-1.7906606,0.03996715,2.1179912,1.1951164,0.84514487,9.296378,0.5508497,5.3644705,2.300648,22.27602,0.7089503,695.05585,0.34048137,1252.4114,0.24863443,-104.57586,-0.85052866,1717.5579,0.17824993,1037.4838,0.41716754,-100.218185,-0.8149786,2902.2307,0.10941158,760.454,0.56022865,-101.54766,-0.7763361,-17.529873,-0.7432643,29.029615,0.44614717,0.046729762,0.91576505,-0.021511482,-0.75557494,0.55793405,0.83591586,26.522799,0.5372174,12.572541,0.9825482,7.1902514,2.711323,-9.6537895,-1.7595488,-2.1321943,9.018,-0.005554508,-0.002661646,0.06034767,3.1693077,1.4237857,0.4135294,0.36483586,0.3228571,0.45141727,-25.220043,1
32.93899,0.26627976,28.309746,34.357903,38.09859,9.788845,266.70773,287.20142,433.13556,995.05725,0.5762738,0.96453416,0.109063596,0.34997782,1.0496699,0.94060624,12.552676,8.808074,10.273992,5.3034534,0.41832525,1.239214,22.429434,0.6839298,5.911338,1.7049259,6.500178,2.8735955,-5.218501,-2.442566,0.04674645,2.088185,1.3802865,0.6776147,5.8125772,1.0159159,3.4127326,4.3234053,23.332317,0.7041346,610.9391,0.4058081,1308.8025,0.22867608,-99.67264,-0.9181622,1598.263,0.20331535,1015.3623,0.29613304,-95.731514,-0.88736653,2718.0742,0.13150868,871.9785,0.41784832,-100.82707,-0.79860294,-14.703723,-0.6171795,26.65987,0.42325774,0.052732754,0.9002491,-0.021487512,-0.72169137,0.66403735,0.825655,30.142862,0.48614234,7.894355,1.4271525,1.13386,18.681087,-5.6530676,-2.5949783,-6.345466,11.738182,-0.015281933,-0.006931097,0.07913274,3.8365304,1.927913,0.29304346,0.33535746,0.22190475,0.36752218,-26.684753,-1
25.565191,0.38866752,15.665429,20.173964,37.149612,21.484184,183.54369,195.12556,187.92699,255.69798,0.30045965,1.1436045,0.12270123,0.14432956,0.39774835,0.27504712,8.861447,7.473148,6.847565,5.924154,0.19289833,1.9682564,13.844035,0.9590758,8.7873,1.0919912,12.06356,0.9796729,-0.43261638,-23.134514,0.05265799,1.5251906,1.7249475,0.7165506,3.3925924,2.1884754,11.640889,2.3645241,21.764673,0.8239779,642.50226,0.4035202,1266.5891,0.19347095,-145.96204,-0.5612902,1683.0593,0.20081559,906.63904,0.34644663,-144.92622,-0.5475654,2825.935,0.13541384,787.8387,0.5730163,-146.17873,-0.530541,-17.654406,-0.46666104,25.938543,0.45863315,0.008032307,6.301136,-0.018094882,-0.75667745,0.4823823,1.0657053,26.256062,0.53390574,13.833406,0.64572597,13.108872,1.2223706,-2.2571855,-5.966351,-7.660903,15.293214,-0.026227621,-0.004495213,0.055146854,2.0850708,1.4249791,0.21529411,0.29313955,0.56142855,1.0377301,-28.552217,-1
35.08883,0.16902503,32.759174,35.687805,39.42106,6.6618843,487.68536,738.93994,89.95441,85.228966,0.6917129,1.0075815,0.09575243,0.36934504,1.3750379,1.2792854,17.616121,9.366912,15.092932,9.459206,0.50990254,1.2513192,18.497925,0.76995105,7.6866026,1.4346453,11.357461,1.3981017,0.042455994,293.24496,0.032968067,1.8673581,1.2246728,0.7716845,8.1557865,0.64661485,9.674246,1.3812624,21.877823,0.5023114,579.23773,0.34691748,1255.9299,0.21179251,-117.22581,-0.782651,1677.7412,0.1452238,848.9749,0.4628229,-111.27026,-0.77159065,2693.271,0.100165345,977.4888,0.4886323,-112.72807,-0.7492109,-15.746532,-0.5012807,24.693283,0.43790743,0.064396575,0.4807922,-0.029173411,-0.49942192,0.9245921,0.686085,26.859123,0.49513724,9.513322,1.4173017,10.85421,1.9176754,-4.7822924,-2.8228216,-8.373915,15.841767,-0.023517318,-0.004937308,0.076565854,3.366697,1.0978957,0.45916668,0.46924514,0.516,0.5829614,-24.046602,-1
33.852028,0.23692706,29.651363,37.77442,39.300636,9.649273,284.02524,161.90186,263.46396,273.54236,0.30481228,1.4394885,0.1294455,0.14425194,0.2190482,0.08960271,16.221806,14.94234,15.944011,14.316771,0.14446162,2.4703825,9.925761,0.9950123,3.821023,2.1794996,6.5660505,1.4290056,-6.5587473,-1.5252212,0.026667973,0.8350001,1.4284269,0.5885833,4.634123,1.3470615,6.214016,2.331186,16.159868,0.6355769,659.9262,0.36158502,1210.0634,0.2316662,-175.62698,-0.3514451,1712.2803,0.16197637,967.2946,0.429675,-169.71161,-0.38602358,2741.9453,0.122803904,874.0073,0.38769898,-169.95992,-0.38244313,-11.657236,-0.71376896,20.089008,0.5632875,0.045091085,0.9363363,-0.022690866,-0.6515584,0.67541593,0.92012835,21.241035,0.639353,2.7457273,4.8737187,5.0468426,3.1286666,-8.97601,-1.7266715,-4.400476,11.5291,-0.0053274,-0.004804193,0.03431159,0.92378753,1.2364761,0.12875,0.15491429,0.5844444,0.7785972,-32.043976,1
26.28752,0.38030365,15.839741,27.578756,35.168423,19.328682,576.98145,507.00858,377.48373,506.24866,0.22143951,0.92618173,0.1490088,0.16689767,0.19655791,0.047549114,5.3831325,5.4107428,4.0561647,3.3813047,0.091250695,2.8866217,11.16939,0.6980375,2.5708756,1.8889748,11.3030615,0.652924,-11.839443,-0.70923233,0.090538755,1.52454,1.5940081,0.7229984,1.5630602,4.396686,4.0426464,4.079592,19.733147,0.7136721,748.6495,0.31177232,1196.9537,0.21886657,-174.38892,-0.34707606,1713.8943,0.1836371,1136.423,0.383462,-174.24716,-0.33846602,2841.107,0.1328656,741.09924,0.46293792,-175.04846,-0.32586688,-11.82357,-0.7973455,21.6487,0.613412,0.010080775,3.6390884,-0.010434739,-1.1576045,0.39010134,1.4846034,22.704119,0.5745789,6.555002,1.2197987,7.6936064,1.6174538,-8.809231,-1.5527235,-4.11331,9.915648,-0.006882658,-0.005385269,0.037512485,0.6672227,1.7602683,0.07619047,0.09214255,0.49299997,0.57962143,-34.05137,1
34.561375,0.27803424,28.189827,35.485672,38.948734,10.758907,400.53665,419.16766,174.02953,149.05865,0.70522654,0.912853,0.15786074,0.51106095,1.1257762,0.9679154,15.003232,8.766016,13.73248,9.134807,0.57997626,1.2297215,17.20803,0.85733825,4.2519364,2.9970162,14.263257,0.90757275,1.0951039,13.145708,0.055541757,1.4928503,1.7141644,0.6508147,4.781639,1.1610425,8.319599,1.772212,17.53986,0.91722286,637.0356,0.40063807,1165.1907,0.29019725,-104.54039,-0.85771877,1681.416,0.16747785,926.1015,0.42170215,-97.865135,-0.87164205,2720.9321,0.12796088,894.50793,0.5052737,-98.36188,-0.8462615,-12.080559,-0.996418,21.785229,0.5853573,0.0477653,0.77496624,-0.022756005,-0.7558324,0.89314646,0.84724516,23.86973,0.61309284,5.7405195,2.4444318,16.908651,0.84782326,2.8968506,5.49837,-2.474472,9.620801,-0.002078567,-0.005738739,0.14077279,3.6951501,2.3201857,0.24399999,0.35439715,0.20625,0.3504736,-25.305378,1
27.720411,0.3550283,15.5886545,32.1943,37.18548,21.596825,113.646774,56.246185,90.68099,59.68516,0.20449172,1.2855738,0.09092043,0.11021329,0.20545791,0.11453748,5.695467,7.344691,4.52307,5.3061028,0.096877895,1.9674243,14.281166,0.7092418,5.7918005,1.1919343,17.548306,0.5247259,-1.1417145,-8.134902,0.0490341,2.3573642,1.5111098,0.78066164,5.040178,1.340791,6.195963,5.001197,14.900831,1.2302837,604.3674,0.41909835,1275.1527,0.20127013,-163.24243,-0.44149303,1670.6053,0.17075248,928.3474,0.40316406,-159.99432,-0.44538963,2725.6914,0.1206923,814.2107,0.36954936,-160.19582,-0.44292873,-18.018423,-0.48885736,26.640734,0.47464615,0.011444558,3.6840596,-0.02217669,-0.6381769,0.32808974,0.8821356,27.242537,0.4751516,11.13375,0.9784797,18.819324,0.8042491,1.3152608,8.170778,-11.255056,19.48804,-0.039836265,-0.004298755,0.025976827,0.9099181,1.0968922,0.20416665,0.33693367,0.585,0.4612367,-34.629826,-1
31.52588,0.2504118,21.32118,34.456226,37.859215,16.538034,388.4062,280.47836,207.98427,430.84024,0.53002673,1.0507119,0.13221757,0.22961152,0.94614124,0.81392366,12.904852,7.89885,9.69065,6.6280766,0.39867342,1.3697512,19.93623,0.7137313,5.4071116,2.076329,11.471804,1.1735774,-3.9527752,-3.1218278,0.03934642,1.3526739,1.5787536,0.78992903,5.8120613,1.1007804,9.212998,1.7963285,23.931479,0.5961387,561.35046,0.37001887,1282.609,0.20424946,-119.21391,-0.75640035,1605.6866,0.18321462,897.8194,0.37179407,-116.275505,-0.72582936,2687.4272,0.10659607,805.42633,0.39255562,-119.19134,-0.6831376,-17.170805,-0.54508287,26.334423,0.4153929,0.051416084,0.7605647,-0.02400328,-0.6213038,0.75636,0.794919,29.450514,0.43090034,10.1559725,1.2164342,12.49968,1.3538815,-3.8868303,-3.7252614,-4.4344673,10.760336,-0.006123413,-0.004518122,0.064333044,2.8207462,2.3787742,0.19192308,0.16181707,0.23434782,0.36701885,-25.222849,-1
27.032223,0.38840163,16.423481,27.973,35.442226,19.018745,255.06934,250.60867,269.0471,223.80424,0.22460507,0.8883562,0.119612806,0.14834096,0.23880975,0.119196944,7.3774405,6.7045937,5.1394367,3.8407626,0.100703076,1.9607213,12.621795,0.8652403,4.64413,1.5727777,9.494775,0.874322,-2.8644655,-3.1603315,0.1292356,1.443754,1.9844654,0.72582597,1.89141,3.2119143,2.7778554,5.7204547,19.905458,0.847639,581.266,0.38658997,1288.759,0.22664477,-164.22206,-0.43557873,1602.9348,0.17684811,964.3937,0.30788374,-162.26039,-0.434437,2701.358,0.114482395,833.86926,0.4211875,-162.89473,-0.42022458,-14.025342,-0.8403392,23.942116,0.57573694,0.023250459,1.5984111,-0.015729945,-0.869364,0.32876518,0.9743991,22.332253,0.7147616,11.1413765,0.8069754,11.567099,1.151442,-1.5253017,-9.478082,-5.8014436,13.169818,-0.008932876,-0.005679531,0.03784968,1.3648772,1.8281536,0.108500004,0.112351015,0.4368421,0.55753267,-35.248283,1
