./voice\matsuhashi\condition3\c00.wav,0 days,0 days 00:00:11,28.68694,0.35500497,23.514673,25.886139,28.745277,5.230604,610.1685,710.3488,76.42921,161.26779,0.2857425,1.472464,0.03855683,0.098754324,0.46189103,0.42333418,3.9618974,3.3170547,4.254175,3.2748833,0.11306938,1.8624743,9.564641,2.029716,3.0857322,5.315266,12.148195,1.7007642,2.0801022,6.680583,0.043647937,1.6058884,1.4560767,0.88057977,2.4573495,2.0911791,1.135678,7.3400083,13.2027025,1.004079,502.87457,0.3534336,1107.7854,0.3262547,-155.38312,-0.5273239,1545.5768,0.18797733,873.4618,0.39591292,-153.24072,-0.52382874,2584.6323,0.06403918,811.1217,0.5085999,-152.97935,-0.52320105,-8.141857,-1.4572762,15.99061,0.5730689,0.050429817,0.61528605,-0.024387855,-1.0874135,0.35745934,0.7735924,33.279427,0.5180413,-10.097254,-1.6366404,27.845266,0.92419,-7.4509034,-2.7360592,-5.123491,13.730885,-0.000777436,-0.001755497,0.02868072,1.0919018,1.2808784,0.18928571,0.19410837,0.7245454,0.82551765,-33.030186,0.899999976,1,0
./voice\matsuhashi\condition3\c01.wav,0 days,0 days 00:00:12,28.736748,0.42434904,20.308044,23.26496,44.946407,24.638363,667.7025,781.3638,223.2757,229.81128,0.26782712,1.2880551,0.03942489,0.0681782,0.53898036,0.49955547,6.869919,4.2625656,6.815429,4.876964,0.13806534,1.666735,12.519165,1.5354921,-3.70182,-5.1955724,15.216581,1.1057895,6.0406075,1.9032884,0.056457046,1.6667436,1.6414557,0.6735753,0.0519669,96.53291,3.261171,3.8546786,15.613987,1.3772026,586.1821,0.42132515,1159.6799,0.32423297,-143.503,-0.6125235,1577.2198,0.1857738,1027.7632,0.28988022,-137.63971,-0.6472496,2588.527,0.08616384,955.68494,0.4174194,-138.81306,-0.62771827,-6.2956076,-2.5338266,17.934757,0.7518235,0.020270118,1.5839163,-0.007521277,-3.365171,0.36560583,0.70961624,32.185684,0.5614701,-15.778531,-1.5808581,22.804615,0.9104462,3.6810377,4.2059517,-6.609415,16.120049,-0.01693564,0.002214128,0.027719747,1.9182652,1.5075377,0.2111111,0.14914158,0.5528571,0.74364376,-34.022217,-0.300000012,1,0
./voice\matsuhashi\condition3\c02.wav,0 days,0 days 00:00:11,24.850393,0.3446152,20.232817,23.530277,24.779318,4.546501,733.45337,1060.0715,135.16147,128.70265,0.3892147,1.1132554,0.046107072,0.2049963,0.70336723,0.6572602,9.642012,5.589859,7.2299647,4.428342,0.22091591,1.2127903,25.444588,0.7690814,0.62712467,29.725477,19.673174,1.0099273,-2.7708132,-8.136577,0.038475707,1.6811743,1.5755137,0.8767375,2.392939,2.1170614,10.234831,1.3674371,26.69614,0.6020006,485.14722,0.36446735,1244.4409,0.21080685,-93.606705,-1.0185436,1521.6848,0.18777162,1000.7185,0.36730844,-97.68844,-0.91110444,2609.1187,0.07630054,791.8407,0.4837221,-98.036026,-0.8873884,-17.635725,-0.81421113,24.837677,0.57611173,0.022157298,2.6056688,-0.025966082,-0.9816275,0.3550144,0.7590739,38.15233,0.3730667,1.5024375,15.1105585,25.231766,0.89973974,-7.101018,-3.785558,-7.737822,16.23861,-0.007157035,-0.003637407,0.042519983,2.365787,2.010969,0.275,0.3210742,0.20857143,0.40924188,-30.648605,-0.600000024,1,0
./voice\matsuhashi\condition3\c03.wav,0 days,0 days 00:00:11,25.853676,0.35509378,20.830975,24.196774,26.126278,5.2953033,312.70618,220.21815,151.33269,141.97037,0.59592927,1.1435511,0.047377396,0.21890187,1.2806375,1.2332602,11.131022,7.713192,9.84934,6.745708,0.3643726,1.3044102,19.09726,1.0784386,-2.04847,-8.519449,21.786686,0.9660822,3.7848818,2.798045,0.040463112,1.8429136,1.2504408,1.0006887,2.8336365,1.697517,4.0604334,2.3698883,19.664911,0.9059756,498.94458,0.3549989,1175.7577,0.26789457,-115.58505,-0.83443797,1565.8877,0.16124085,865.21436,0.37858135,-117.80098,-0.7654274,2586.56,0.07489723,877.14014,0.34807846,-117.44709,-0.76977414,-11.278503,-1.1559094,19.041227,0.73065233,0.0414383,0.65677345,-0.017825434,-0.86456805,0.7305535,0.6371649,36.124218,0.42566797,-8.311938,-2.3206718,35.73311,0.5811559,1.4945278,8.913471,-6.589106,15.615298,-0.004616813,-0.000678538,0.06497004,2.365787,1.736746,0.25105262,0.25667703,0.35625,0.6023067,-24.845392,-0.200000003,1,0
./voice\matsuhashi\condition3\c04.wav,0 days,0 days 00:00:14,27.266953,0.3948427,20.94133,23.34462,28.545074,7.6037445,803.1653,995.2701,246.7553,229.26518,0.3765488,1.2753181,0.05171345,0.098841876,0.7098828,0.6581693,7.2180777,4.493683,7.5462923,5.7643905,0.21293499,1.7243073,14.900732,1.4106358,1.4134144,14.642068,15.432344,1.1736896,-0.57627505,-25.784563,0.035593156,1.5398872,1.6182908,0.8746025,1.9381216,2.5730503,5.4225,3.0800354,19.757082,1.1155608,553.9083,0.35534438,1181.0924,0.3151744,-131.9614,-0.68828696,1561.8386,0.18613505,957.8299,0.333502,-126.28762,-0.71949494,2647.2947,0.07653534,780.1583,0.4699141,-128.33276,-0.6867188,-10.190744,-1.5139223,21.140627,0.5756224,0.022351846,1.6723628,-0.015543925,-1.9178995,0.4844508,0.9054063,34.718956,0.4806436,-6.7646627,-3.7461765,24.598991,0.84230083,-3.0041177,-6.666382,-4.947577,13.459985,-0.002512103,-0.000148066,0.038465623,1.8584703,1.5064563,0.25190476,0.2651975,0.4544444,0.5991867,-29.704262,-0.300000012,1,0
./voice\matsuhashi\condition3\c05.wav,0 days,0 days 00:00:10,26.881681,0.36460817,21.752647,24.67054,27.153337,5.40069,518.7348,599.10443,135.23967,109.182945,0.4983354,1.2487686,0.049995586,0.1664533,1.0159411,0.96594554,12.538916,7.2188587,9.793153,6.912659,0.37483385,1.5515478,20.024582,1.0766367,1.1140789,16.267288,17.884638,1.1843363,1.8267398,7.522283,0.05507834,2.1103468,1.6617844,0.8904634,2.1557791,2.4729848,6.3727856,3.3546648,22.887491,1.1004112,532.955,0.33896494,1232.0028,0.29622993,-113.03702,-0.83473015,1581.9291,0.16439316,979.48975,0.36326504,-113.52011,-0.78754157,2615.041,0.076467544,908.745,0.36479238,-114.69926,-0.7645461,-12.812131,-1.1247463,23.314594,0.5929452,0.028143855,1.1017244,-0.01837657,-1.0817618,0.71931326,0.9227484,37.37191,0.41424245,-5.4272356,-3.820671,27.927048,0.8537999,2.9492545,5.699871,-6.7372193,15.659263,-0.000169193,-0.005419787,0.05471163,2.6026027,1.711984,0.27058822,0.19761728,0.32733333,0.5710863,-26.374908,0.300000012,1,0
./voice\matsuhashi\condition3\c06.wav,0 days,0 days 00:00:14,25.893913,0.45657632,20.073578,21.502008,25.757135,5.6835575,771.3613,1259.1025,170.62756,206.76935,0.4272308,1.224471,0.05235987,0.15914677,0.74989533,0.69753546,13.11832,9.364819,9.427365,6.521774,0.3025276,1.5111341,18.200985,1.1666318,0.45185062,41.45242,16.686052,1.2784766,3.9378362,3.378176,0.038445204,2.0503898,1.8013451,0.80066276,1.6092116,2.7565713,8.522471,1.7846566,24.752874,0.8333354,548.71454,0.37360463,1203.8275,0.2686141,-120.888824,-0.7827122,1587.587,0.1673793,951.84406,0.39135623,-119.51499,-0.75204617,2640.6113,0.08279009,896.60925,0.33197874,-120.58094,-0.7277615,-12.620815,-1.213648,23.020151,0.7047458,0.029960772,1.2180833,-0.017609801,-1.1448281,0.60682267,0.83235675,36.200928,0.4325456,-4.2966657,-5.164693,28.067398,0.8384151,4.376347,3.8174126,-5.110537,14.313256,-0.002045281,-0.000502121,0.057993054,2.5732667,1.8651364,0.23038462,0.2014845,0.3322727,0.63658124,-27.960064,-0.100000001,1,0
./voice\matsuhashi\condition3\c07.wav,0 days,0 days 00:00:11,28.101944,0.4007313,21.883833,24.257446,27.296577,5.4127445,587.5621,398.5625,106.00187,88.55928,0.4991991,1.3143227,0.041760482,0.1373413,0.94822764,0.90646714,12.237056,8.8286085,10.1413555,6.979171,0.32895222,1.5767345,20.224077,1.0568033,-2.4020488,-7.6267734,18.953184,0.9561198,3.2184966,4.5170035,0.038760047,1.312307,1.4410008,0.8594693,2.4801126,1.9546319,6.6513557,1.5016993,23.654566,0.8123041,569.40955,0.3637761,1193.9532,0.36134088,-113.33037,-0.8519322,1595.7748,0.18342988,1054.1111,0.32763973,-111.309296,-0.83544886,2632.321,0.08656908,921.8266,0.39467183,-113.07242,-0.8007982,-12.154005,-1.3129514,22.48719,0.6497588,0.033582002,0.9016643,-0.018915914,-1.2296047,0.6707811,0.8645509,37.499336,0.4854079,-7.9684496,-2.8366778,27.349955,0.77201664,0.21122605,88.836784,-8.205999,18.011833,-0.01343019,-0.000962803,0.022716878,2.365787,1.1882999,0.39384615,0.25992718,0.4608333,0.8635726,-25.966763,-0.5,1,0
./voice\matsuhashi\condition3\c08.wav,0 days,0 days 00:00:11,25.071728,0.4307048,19.251562,22.509022,24.160868,4.9093056,1309.4445,1571.2139,171.45572,118.8143,0.31195566,1.5811856,0.03832449,0.08614788,0.42699173,0.38866723,11.267737,9.021958,10.177873,12.523046,0.19311073,2.2294283,11.463105,1.4999174,1.5658058,9.157527,15.612667,1.0723447,1.0950382,12.702373,0.07245747,1.6384792,1.9356585,0.8283714,0.7468192,6.196664,4.573208,4.805979,15.189785,1.395154,558.7555,0.40805125,1215.9395,0.28099465,-153.00957,-0.5464139,1578.0598,0.17795464,918.6614,0.39174515,-151.5632,-0.5365226,2623.4768,0.079831585,831.70026,0.34067714,-151.42358,-0.5370587,-10.816825,-1.1795372,17.478502,0.8358406,0.045065697,0.77143115,-0.02106049,-1.0699412,0.62583345,0.9861106,32.249405,0.5510079,-5.830679,-3.0096598,25.806017,0.70743644,-2.872195,-7.2166615,-6.0616717,14.095744,-0.001477419,-0.004133305,0.041234847,1.2738854,1.4625229,0.168125,0.23788701,0.56642854,1.0168693,-29.405834,-0.100000001,1,0
./voice\matsuhashi\condition3\c09.wav,0 days,0 days 00:00:13,25.153973,0.39958504,19.120068,21.699965,26.83422,7.7141533,469.63815,853.7914,328.33655,891.45337,0.45593423,1.1855348,0.041618653,0.19381614,0.82853055,0.7869119,11.02351,7.772412,8.071021,7.158719,0.30875042,1.4410971,22.916315,0.9781767,-2.6221173,-7.4121175,14.720966,1.3883816,0.12617384,126.27484,0.06316514,1.7598122,1.8670402,0.8161828,1.0101051,4.9172955,5.910385,2.773533,25.690844,0.8691213,569.76117,0.3255513,1298.7874,0.29534194,-110.330986,-0.8780244,1548.5933,0.15952048,996.08734,0.29490444,-110.700066,-0.82945466,2676.7446,0.08643948,986.522,0.45816824,-114.16026,-0.7691676,-12.812618,-1.0644308,25.974457,0.63610744,0.031658176,0.93740433,-0.018992718,-1.1756309,0.54680014,0.86702746,39.73811,0.45143318,-3.5076673,-6.4093766,15.560076,1.5616854,-3.4178083,-5.2123256,-5.2087874,15.034876,-0.009771553,7.77E-05,0.08130332,2.5404158,1.9334881,0.2384,0.35224628,0.28681818,0.4027675,-27.609402,0.5,1,0
./voice\matsuhashi\condition3\c10.wav,0 days,0 days 00:00:12,25.390278,0.36626944,21.019869,23.356369,25.297516,4.277647,904.9004,1182.1482,213.31339,213.67992,0.5933617,1.1839337,0.04281463,0.23753227,1.1203111,1.0774965,13.784735,10.269149,8.994689,6.208025,0.34090734,1.3133979,24.149996,0.85764664,-6.542444,-2.5423713,22.141401,0.8979693,2.0414443,7.533788,0.032940812,1.7571478,1.516883,0.9307268,2.5502424,1.7575823,5.113596,1.9851506,21.214115,0.7080052,538.5044,0.37475836,1283.4335,0.2924909,-104.15002,-0.9393259,1563.4542,0.17834404,975.12396,0.3290792,-104.854294,-0.8809959,2588.4158,0.07499471,924.9774,0.3738614,-106.07141,-0.8527917,-12.043433,-0.939842,20.50956,0.5335505,0.039142307,0.8383405,-0.021941656,-1.0406251,0.6224675,0.74027514,40.383537,0.3749221,-10.369412,-1.6426911,29.219236,0.77403647,-0.8948973,-20.901546,-6.142136,15.116703,-0.007253184,0.00013421,0.041941833,2.2518766,1.6764461,0.2945,0.33522347,0.34625,0.6316236,-25.836405,-0.100000001,1,0
./voice\matsuhashi\condition3\c11.wav,0 days,0 days 00:00:11,25.46924,0.3087239,21.726074,23.403526,26.356325,4.630251,663.1284,858.9172,49.86429,226.74452,0.4148146,1.2006842,0.037863947,0.18026721,0.81287885,0.7750149,8.523948,6.416479,7.2456093,5.3119984,0.23270397,1.4147125,22.686863,0.9481628,-0.6964525,-26.227432,20.018461,0.95217353,0.030494887,418.49768,0.03250699,1.8214461,1.6260433,0.89692205,2.9110374,1.4816496,7.0682235,1.293136,25.887423,0.626283,549.4756,0.33400634,1275.1074,0.23556915,-110.1755,-0.86283946,1568.0905,0.16842012,979.18695,0.3544811,-113.258446,-0.78262013,2618.7505,0.08273026,920.5248,0.39144072,-114.13538,-0.76594585,-14.565791,-0.9519426,22.99953,0.6418872,0.03313885,1.1307011,-0.023178063,-1.1038674,0.4296263,0.8235031,39.49582,0.40539464,-4.10717,-5.3796177,27.287716,0.8027256,-3.8001928,-3.8661141,-8.915379,18.381367,-0.015668854,-0.001720661,0.044971887,2.911738,1.8298262,0.253,0.19867308,0.30277777,0.4502568,-29.91172,0.300000012,1,0
./voice\matsuhashi\condition3\c12.wav,0 days,0 days 00:00:12,25.29255,0.45847592,19.006601,21.746311,24.32475,5.3181496,764.60156,1095.2148,227.24963,262.87418,0.35703132,1.08064,0.038853545,0.18141009,0.6772646,0.63841105,10.318368,5.4845743,6.79665,4.7771864,0.23130745,1.3150889,21.380983,0.97776395,-4.439785,-4.3598466,21.462236,0.75107694,3.2722924,4.466498,0.06679531,1.3310046,1.9360421,0.64600307,0.026343236,173.55371,7.212867,1.627717,21.926653,0.8405051,552.2406,0.34913972,1229.1438,0.30390793,-116.81213,-0.8150433,1560.9803,0.18675674,1026.8837,0.2615054,-115.700836,-0.78639925,2606.1145,0.07887829,941.461,0.41948736,-117.11749,-0.7592639,-11.453593,-1.3443738,20.947187,0.68402517,0.030653868,1.2207018,-0.024816774,-1.0762912,0.41340578,0.6760678,36.45873,0.49027145,-7.8391795,-2.9816158,25.104404,0.70991474,-2.0839775,-7.330205,-6.9767203,16.19173,-0.013092305,-0.002752897,0.06620345,2.9190993,2.514669,0.17433332,0.13445404,0.22481482,0.29779896,-31.77625,0.899999976,1,0
./voice\matsuhashi\condition3\c13.wav,0 days,0 days 00:00:12,25.137812,0.3747376,20.695969,22.39347,25.115644,4.419676,366.8687,499.4243,261.1652,315.9916,0.5190199,1.2529083,0.045287393,0.19757187,0.9623572,0.91706985,12.507167,8.315067,12.645069,9.777875,0.39384785,1.4603074,24.280542,0.7987841,-6.068997,-2.8049643,16.283283,1.0417341,1.2258921,10.040632,0.06520968,1.9640871,1.7739198,0.77370214,0.8989354,5.640898,4.7179174,4.1859603,23.171572,1.041616,572.8161,0.31839323,1299.5455,0.22200719,-124.01203,-0.7599353,1618.4504,0.18191284,1024.9657,0.29826504,-126.094246,-0.6998945,2653.2266,0.089538746,884.40546,0.29415283,-126.7466,-0.6838933,-14.800716,-0.8717152,23.910307,0.5283574,0.035987906,0.8635877,-0.024045903,-0.9781513,0.8037212,0.75469834,40.216595,0.40802968,-5.647903,-3.6581297,20.809967,1.064319,-4.695353,-3.0991435,-5.9166627,14.058948,-0.000705034,-0.000908107,0.10939258,3.085905,1.8425461,0.2109091,0.3234039,0.30636364,0.21889275,-25.902084,-0.600000024,1,0
./voice\matsuhashi\condition3\c14.wav,0 days,0 days 00:00:12,24.44857,0.3765696,19.301706,22.466522,25.547747,6.2460403,302.1389,314.25824,383.93567,476.25974,0.36009583,1.2149128,0.04186804,0.1314741,0.6921127,0.65024465,8.311177,6.031622,6.695827,5.454711,0.25623724,1.6440531,21.935232,0.92420423,-2.0601819,-7.684314,16.995232,1.1828666,2.5516858,5.171241,0.044948533,1.731418,1.8553543,0.73172235,0.5230688,9.4631815,5.935317,2.9967685,24.279284,1.0374258,544.4638,0.32287923,1250.3612,0.265984,-121.0305,-0.76566833,1572.8209,0.16987117,974.40924,0.3819279,-122.25059,-0.7214646,2641.0752,0.07857508,956.9078,0.37024492,-124.52174,-0.685895,-12.822103,-1.0440543,24.863699,0.62411064,0.026836105,1.0566813,-0.0203619,-1.0614066,0.47668257,1.0086997,38.00334,0.4350565,-2.6710212,-7.390943,23.399775,1.0979952,-1.573917,-10.404784,-7.617583,17.253548,-0.00912586,-0.001571625,0.09100403,3.085905,2.1775546,0.19038461,0.20995386,0.26791665,0.4081154,-30.444155,0.300000012,1,0
./voice\matsuhashi\condition3\c15.wav,0 days,0 days 00:00:11,28.648336,0.46767882,20.43842,22.956602,39.09164,18.653221,805.3685,1096.3611,191.8448,241.55368,0.49440238,1.2534943,0.042357046,0.1917891,0.94855595,0.9061989,12.995436,7.5763783,10.540689,7.677472,0.36487594,1.5137713,21.15722,0.9610436,-5.536948,-3.4948783,19.803867,0.941135,5.197701,2.7603285,0.04717263,1.7646077,1.778042,0.7135946,1.9280515,2.4555724,10.023776,1.6348736,23.06149,0.9454719,552.65283,0.34652337,1163.7903,0.36683497,-112.505974,-0.85966486,1607.5171,0.1641807,1009.39734,0.41493264,-106.17041,-0.88069034,2636.0186,0.0747801,914.4811,0.314487,-108.15533,-0.84077924,-9.9976425,-1.6955004,23.373379,0.6349051,0.029543027,1.246404,-0.013419709,-1.6556745,0.6508948,0.91914445,34.88558,0.52150285,-9.679168,-2.552171,26.56791,0.8292423,3.2800372,5.2947884,-7.080678,16.730122,-0.012045604,0.000684517,0.07904679,2.8207462,1.6453383,0.2988889,0.24200296,0.3433333,0.43145752,-25.95729,-0.800000012,1,0
./voice\matsuhashi\condition3\c16.wav,0 days,0 days 00:00:11,31.02428,0.4600711,20.577625,24.747627,50.014244,29.436619,543.9843,763.3771,446.95883,1157.5203,0.49954104,1.3034707,0.041101955,0.1918255,0.975283,0.9341811,15.326051,7.9970264,10.045105,6.4124794,0.3349403,1.5226325,18.04097,1.1103178,-7.475354,-2.7613459,22.264942,0.7710369,0.21711911,71.99809,0.040791284,1.4329526,1.5718274,0.69691783,1.8993144,2.3364413,3.5418262,3.8503468,13.261313,1.8355709,578.4603,0.36070386,1093.2382,0.42648804,-129.49774,-0.7104053,1634.3107,0.20184624,1014.0756,0.36140415,-121.65445,-0.75284755,2665.1355,0.08009153,951.4894,0.42466414,-119.73122,-0.7729954,-6.046162,-3.1084948,14.572981,1.1968021,0.02890134,1.2376393,-0.013980864,-1.7198329,0.6207058,0.89549625,31.667284,0.6537848,-14.405446,-1.7347276,33.02706,0.49471438,-4.3261533,-4.2440853,-6.6719832,16.245754,-0.011883598,-0.0004504,0.120551415,2.7297544,2.110092,0.18869565,0.1862748,0.2995,0.48341987,-26.795017,-0.699999988,1,0
./voice\matsuhashi\condition3\c17.wav,0 days,0 days 00:00:13,28.394394,0.43898717,21.00971,23.129456,34.17286,13.163149,358.032,426.2555,337.22183,255.42694,0.43616694,1.1850154,0.040926456,0.18145818,0.85047376,0.8095473,13.180087,8.328614,11.197044,8.54601,0.28464672,1.418304,20.383707,1.0307927,-6.092947,-3.268519,20.531096,0.8832495,3.9006946,2.9465222,0.043287043,1.7455525,1.7966542,0.67969763,1.4201607,3.342248,6.3609667,1.9014826,19.91368,1.1244202,571.46844,0.31044525,1188.6467,0.36356452,-120.613716,-0.77462274,1614.4406,0.16639897,1011.45654,0.30094752,-113.88016,-0.80970544,2642.4688,0.08345885,946.534,0.35412106,-114.666504,-0.78794515,-9.584598,-1.721414,20.308233,0.7772598,0.022184962,1.3653774,-0.017551191,-1.2553122,0.5354207,0.7919842,35.990913,0.5308622,-11.9698515,-1.9737586,27.963913,0.7019122,2.0747285,6.6562753,-6.93754,16.661242,-0.014409716,-0.000561179,0.06891192,2.848345,2.0092735,0.2226923,0.288118,0.3275,0.49732158,-28.614481,0.899999976,1,0
./voice\matsuhashi\condition3\c18.wav,0 days,0 days 00:00:11,27.629679,0.44283083,19.900734,22.81028,34.552017,14.651283,460.8457,355.6713,253.18878,258.88223,0.5728096,1.1608891,0.04295563,0.24026859,1.1573752,1.1144196,13.854787,8.953617,11.72835,8.135571,0.43753248,1.371024,21.421423,0.943302,-8.348425,-2.2875648,22.116219,0.90886277,-0.8388965,-19.41636,0.051618576,1.3521543,1.7191675,0.7680994,0.7687027,5.726062,5.685427,2.3636227,19.138653,1.0618168,591.4608,0.38404384,1217.8387,0.32659858,-115.76627,-0.8223918,1602.9623,0.20043433,1010.27496,0.34894145,-112.51569,-0.80424446,2634.2173,0.079605766,893.6093,0.37196943,-113.51306,-0.78204954,-10.131503,-1.4930849,19.244148,0.81281716,0.037462737,0.93354464,-0.019686835,-1.2641269,0.79132116,0.77784216,36.871838,0.444445,-11.33727,-1.9429822,26.079107,0.9005193,-7.771488,-2.3601353,-4.226884,13.133146,-0.006120193,0.001911811,0.11943191,2.5477707,2.1043003,0.21826085,0.23382735,0.23434782,0.67378765,-25.561024,-0.100000001,1,0
./voice\matsuhashi\condition3\c19.wav,0 days,0 days 00:00:12,28.149923,0.44871494,20.350029,24.018597,31.363472,11.013443,718.92926,1286.5375,155.8063,133.00647,0.52360684,1.1708875,0.04166448,0.2160824,1.037112,0.9954475,13.17532,8.938774,11.006879,7.5329237,0.34093964,1.4167396,20.98505,0.9386097,-10.135932,-1.883061,24.75131,0.82392,1.573223,8.673713,0.048182696,1.735716,1.8494751,0.78910404,1.5666469,3.019754,4.814858,1.9910249,17.640888,0.90417576,568.90753,0.3865888,1182.0159,0.33005723,-118.60121,-0.8024263,1618.4006,0.16249159,956.7105,0.3435548,-115.60674,-0.78217053,2592.2092,0.07243758,985.4134,0.44768333,-114.86247,-0.7852191,-8.064245,-1.5915308,16.73837,0.71699315,0.037106168,0.76656187,-0.018105937,-1.1286244,0.6523855,0.8361934,35.16971,0.5043624,-15.593392,-1.2785852,31.866499,0.7141509,-1.8698571,-7.890248,-4.6849866,13.403442,-0.005085588,-0.000998612,0.07963941,2.8356965,2.596315,0.16548388,0.1715177,0.21678571,0.43943188,-27.593164,0.100000001,1,0
./voice\matsuhashi\condition3\c20.wav,0 days,0 days 00:00:11,27.103868,0.43494198,20.322294,22.918648,26.79557,6.473276,143.95062,99.87456,650.7982,1191.8407,0.31516552,1.2907218,0.03856076,0.09398866,0.5873382,0.54877746,8.626294,5.809462,5.6742177,4.206086,0.1727362,1.5178477,17.332022,1.142004,-3.701242,-5.0776463,19.984632,0.7858505,4.6334357,2.7935212,0.038044512,1.9287981,1.6936303,0.69898516,1.0785829,5.0350003,0.83296347,26.41647,16.751755,1.7288963,553.8336,0.33302698,1132.8127,0.33863628,-138.75111,-0.6438203,1604.2975,0.18068612,1027.084,0.34991646,-135.28543,-0.6470776,2626.7107,0.076861344,862.0189,0.36814013,-135.92917,-0.6341916,-11.588057,-1.3627529,20.350208,0.64834017,0.03128347,1.0695289,-0.021328142,-1.0665101,0.40231323,0.69596094,36.08088,0.5256452,-7.3633537,-3.230662,28.256254,0.6000511,-1.5469868,-11.506712,-7.1973405,16.447058,-0.014304292,0.00035812,0.046096914,2.6387625,1.6483517,0.20222221,0.24309476,0.3811111,0.48669964,-32.31795,0.899999976,1,0
./voice\matsuhashi\condition3\c21.wav,0 days,0 days 00:00:12,25.70116,0.4326843,19.94043,22.83388,26.255035,6.3146057,463.21042,724.6518,100.565254,105.15871,0.6795098,1.1128418,0.043998692,0.39773822,1.2126448,1.1686461,14.678647,9.946937,10.571068,6.3838124,0.51656324,1.2413892,26.34721,0.73384196,-10.718586,-1.7723173,24.873817,0.7480939,2.4191344,5.799451,0.05249118,1.7828108,1.6682642,0.7534751,1.0131129,4.6065617,8.062132,1.7038782,20.408834,0.677953,547.67883,0.33721235,1262.6005,0.27638188,-108.86475,-0.86561733,1571.7549,0.15388972,1016.7466,0.31906214,-107.89886,-0.83392847,2599.2588,0.06890042,904.45056,0.3236989,-107.85874,-0.82280093,-10.762051,-1.2163672,19.601912,0.5937716,0.025179299,1.2699562,-0.01925756,-0.9727799,0.83021426,0.80374336,38.034813,0.43189025,-12.394699,-1.6164834,29.958418,0.65807855,0.24315052,64.34011,-5.175095,13.697343,-0.005485255,-0.002808198,0.18096736,3.085905,2.8499582,0.17147058,0.21113327,0.19142856,0.28736132,-25.08686,-0.300000012,1,0
./voice\matsuhashi\condition3\c22.wav,0 days,0 days 00:00:11,24.587543,0.38568014,20.133,22.345676,24.01593,3.8829308,324.45312,289.57498,229.15892,335.68607,0.6098911,1.163752,0.04191435,0.2183261,1.2441343,1.20222,15.596937,7.366818,11.026206,7.1804543,0.4405604,1.3851929,23.682074,0.90181994,-4.205236,-3.7281024,21.208523,0.9717844,-0.89913976,-15.557858,0.040809467,1.8528138,1.6182799,0.8624754,1.0495305,4.814012,5.724399,1.8296676,21.402449,0.7771453,539.1552,0.3558702,1247.3359,0.2881095,-110.37185,-0.8675495,1555.8566,0.18635772,990.5222,0.3638425,-111.112915,-0.81728977,2601.887,0.08076501,883.66864,0.41911587,-111.75138,-0.80059385,-11.697256,-1.0996759,20.112936,0.67475927,0.034620352,0.93394256,-0.022004372,-0.92499864,0.7803073,0.77628297,40.335335,0.38327977,-8.16903,-2.2179275,29.52868,0.75149465,-6.8348536,-2.283963,-7.549541,16.844011,-0.013742267,-0.00154154,0.12936436,2.5477707,2.1937845,0.21208334,0.23459148,0.25428572,0.3924595,-25.402107,0.800000012,1,0
./voice\matsuhashi\condition3\c23.wav,0 days,0 days 00:00:11,25.836758,0.39159846,20.472095,22.898006,25.924866,5.45277,1411.6302,1409.6354,144.98474,111.76042,0.44463748,1.404924,0.038929112,0.14066224,0.8062153,0.7672862,10.426463,9.314546,8.492781,5.487148,0.2675759,1.6230938,19.971205,1.023512,-5.0100565,-3.809544,20.757345,0.856662,1.9569651,7.3731976,0.043483414,1.6135278,1.6698858,0.8584795,1.0969743,4.7814727,3.8733735,4.844287,18.149426,1.2279444,528.2852,0.3502171,1222.536,0.26619136,-122.982994,-0.7603537,1547.5814,0.16941999,948.9176,0.36931765,-123.32733,-0.71953154,2607.964,0.07186883,909.7751,0.38361967,-123.30612,-0.7137589,-11.141826,-1.1363579,19.717897,0.6583977,0.03562634,0.93792087,-0.018924015,-1.0428925,0.56475824,0.8926485,37.836205,0.42066106,-10.483875,-2.0113153,29.32026,0.72835624,-4.5983353,-3.6534002,-7.929688,17.291542,-0.017452694,0.000163647,0.047369454,1.8198363,2.014652,0.20136364,0.20427912,0.25913045,0.38635322,-27.92987,-0.100000001,1,0
./voice\matsuhashi\condition3\c24.wav,0 days,0 days 00:00:11,28.833961,0.43454358,20.018906,24.138966,36.82544,16.806534,712.57764,1196.4379,267.03015,297.38574,0.5094304,1.0919392,0.064394094,0.27837947,0.92837334,0.8639792,13.32739,8.873843,11.321345,7.8156676,0.3547082,1.3969845,21.221235,0.92892355,-7.5617557,-2.8837225,17.098238,1.25494,-1.9732369,-7.3340507,0.053979997,1.2098334,1.9200853,0.64722085,0.20277981,22.50345,2.5490952,6.298498,14.561178,1.3572203,579.03625,0.3914542,1168.0011,0.35346624,-113.11341,-0.83642507,1614.1746,0.18868302,975.3115,0.3455592,-107.34142,-0.84664583,2619.548,0.086122826,940.2021,0.40765196,-107.89838,-0.8329555,-7.7666454,-1.8389416,16.379444,0.78899074,0.040148836,0.7999401,-0.01763584,-1.3442562,0.58526206,0.94648004,32.626987,0.53188777,-13.43502,-1.6152835,25.344143,0.9390184,-3.1318877,-5.094124,-4.2185993,12.99556,0.009116256,-0.00384653,0.1365786,3.1847134,3.213958,0.14542857,0.14203304,0.16766666,0.2855017,-28.382782,0.200000003,1,0
./voice\matsuhashi\condition3\c25.wav,0 days,0 days 00:00:12,26.540869,0.43289483,20.713657,22.825508,25.001772,4.2881145,579.3774,649.76135,136.24825,153.84203,0.5660026,1.1082518,0.046722505,0.24752706,1.151008,1.1042855,11.352044,8.712864,9.644649,4.8940463,0.31866306,1.2512103,23.78909,0.90328646,-7.3126364,-2.6752777,23.742289,0.8486148,3.3851714,4.12873,0.028947376,1.4423053,1.6245564,0.78614914,1.9871923,2.3048668,6.3363833,2.7120745,18.68333,0.95207375,531.4518,0.33174852,1164.5967,0.33905268,-105.18701,-0.9103698,1586.8999,0.16156451,983.2687,0.34608993,-104.224945,-0.8722463,2571.996,0.0751843,977.6651,0.3700722,-104.11586,-0.87036943,-10.102958,-1.3124961,18.21359,0.7080436,0.031915724,1.0452793,-0.024304694,-0.836173,0.5288097,0.75779325,37.850647,0.4627573,-12.1741295,-1.6116651,32.28409,0.6415326,2.074827,7.211039,-6.2135816,15.368781,-0.008403948,-0.002093019,0.08973116,2.8356965,2.1775546,0.23192307,0.18588702,0.24227272,0.24317841,-27.605381,0.899999976,1,0