./voice\kopewo\condition1\c00.wav,0 days,0 days 00:00:12,35.542305,0.22070614,34.40535,36.40541,36.94492,2.5395699,373.27173,399.7272,120.922264,150.70488,0.5930616,1.1600037,0.059554256,0.25485197,1.1458018,1.0862476,13.701451,12.986527,8.319283,7.460823,0.371721,1.5354465,19.637207,0.95693034,4.061163,2.99671,4.273571,3.2680595,-5.6206303,-2.7903397,0.03495529,1.8662015,1.1399494,0.93435806,8.199252,0.8067471,10.314499,1.7717729,27.44971,0.6324642,628.28986,0.31450674,1299.112,0.22409634,-120.018364,-0.7645269,1695.6104,0.17375563,1037.3767,0.3558345,-115.08082,-0.75257564,2814.985,0.13766636,982.83673,0.4247276,-118.24591,-0.6989055,-19.880594,-0.699917,32.145943,0.4629961,0.080408804,0.38482687,-0.024105487,-0.5281746,0.7263657,0.886354,32.939693,0.48588127,7.7110553,1.7222115,9.381929,1.8200883,-11.663568,-1.577818,-3.055259,11.988871,0.023648445,-0.0003358774,0.027604638,1.5846539,1.1735122,0.41285712,0.4592763,0.53090906,0.76303756,-22.157242
./voice\kopewo\condition1\c01.wav,0 days,0 days 00:00:12,39.52479,0.2672304,32.799587,35.244473,50.61903,17.819443,302.54834,376.81265,84.3149,56.33467,0.796689,0.9792342,0.08405819,0.47831526,1.5292434,1.4451852,16.447063,10.760184,11.756267,9.648888,0.5721156,1.3865412,11.659863,2.0219476,-1.7853553,-8.234842,5.4821258,2.7774704,-5.1992297,-2.6860754,0.045360707,1.610472,1.3839129,0.7233795,4.4225626,1.6896492,4.349278,5.55872,17.564608,1.5355256,753.5444,0.36887783,1076.3998,0.4014005,-120.28639,-0.75207776,1802.6041,0.17706677,992.05457,0.3947903,-111.13566,-0.80813175,2852.2827,0.12934007,857.7809,0.48682073,-113.12472,-0.76747954,-9.105686,-2.1307263,21.372608,0.85487163,0.0675875,0.42938775,-0.016495911,-1.2709559,0.8930205,0.9609728,21.806646,1.2367351,-2.3546555,-7.3404384,10.640677,1.5202837,-5.6938796,-2.5246909,0.59190494,8.65243,0.03676329,-0.00054290396,0.24976136,2.7522936,2.4369748,0.18965517,0.17303544,0.20392856,0.2386321,-20.980873
./voice\kopewo\condition1\c02_00.wav,0 days,0 days 00:00:11,36.734627,0.14477618,34.301834,35.894333,37.40441,3.1025772,266.59723,225.49004,83.21698,111.37963,0.47832346,1.4848641,0.037986714,0.10151426,0.8900969,0.8521102,17.869255,11.909907,10.388101,9.026319,0.32035977,1.7246771,13.127197,1.3796322,5.929697,2.152541,4.414945,2.839898,-3.8648922,-3.946322,0.042648733,2.2677386,1.353502,0.90116763,7.5187397,0.9241841,9.907341,1.065684,24.0294,0.56309354,659.5893,0.3501522,1282.6497,0.32886237,-144.61139,-0.5731926,1702.2501,0.16381623,1036.6038,0.40879008,-140.54456,-0.5797585,2806.775,0.12226696,1058.7982,0.46579584,-143.5079,-0.5393137,-18.127108,-0.81124055,30.751663,0.50556207,0.072032504,0.45408043,-0.018239079,-0.74287015,0.8503117,0.7090092,30.215534,0.5588452,4.4271393,3.6460712,10.687687,1.5671902,-9.602748,-2.3188915,-4.4887557,13.2246,0.025114466,-0.0023138116,0.0428714,1.5468608,1.0054845,0.3381818,0.21708055,0.701,0.7967991,-22.330723
./voice\kopewo\condition1\c02_01.wav,0 days,0 days 00:00:11,34.83295,0.17292279,32.670856,35.46234,36.89088,4.220024,756.5753,978.0172,449.7664,964.407,0.5485106,1.3409327,0.037067734,0.09198638,1.2633212,1.2262534,17.040369,10.090325,13.048553,10.387235,0.3671554,1.6703695,17.177107,1.0704559,5.798173,1.7380729,2.0468264,5.808686,-4.1443377,-2.948734,0.026950682,2.0504293,1.178637,0.9807513,8.118629,0.7541832,9.823077,1.7895174,27.22733,0.7088928,665.67834,0.31325108,1285.5992,0.20958304,-138.95613,-0.6172304,1725.207,0.17571327,1019.2633,0.36307505,-136.92682,-0.59298253,2801.7637,0.13621895,958.8616,0.46122178,-139.50203,-0.5574206,-19.567577,-0.625926,31.692188,0.46012342,0.08094496,0.3410272,-0.024024837,-0.6350938,0.88670933,0.77280325,34.221622,0.49129495,7.425037,1.8263042,7.4729047,2.1993165,-11.250847,-1.3807983,-5.4534802,14.813444,0.025557293,-0.0033367185,0.06523212,1.8198363,1.3711152,0.26133332,0.2805677,0.4778571,0.6547211,-20.999094
./voice\kopewo\condition1\c03.wav,0 days,0 days 00:00:12,35.203903,0.17765865,32.965313,35.08528,36.127296,3.1619835,949.5479,1440.8168,78.45902,93.6243,0.612439,1.2024091,0.039896887,0.15461847,1.379629,1.3397322,16.054022,13.580529,10.00284,7.252805,0.4094137,1.5063691,13.126996,1.5232481,5.629409,1.7734966,4.2297006,3.1796079,-4.3661904,-2.9115689,0.025608454,1.5352623,1.2004879,0.9130904,7.3451233,0.9077669,11.328633,1.6889194,23.601614,0.9251331,674.19885,0.3728041,1266.2115,0.19579719,-133.8529,-0.6525772,1733.5078,0.17548105,941.97705,0.35242704,-132.23209,-0.63291186,2804.0107,0.1261387,1043.8984,0.41755396,-134.25052,-0.6052674,-16.16778,-0.87390554,26.374302,0.6132293,0.08370833,0.32465133,-0.021382462,-0.6489996,0.94811386,0.6894061,30.464104,0.64426553,6.124058,1.8314418,9.216349,1.941172,-5.624696,-2.8202004,-2.7146406,10.925015,0.023721538,-0.0010341081,0.05757473,2.1684737,1.3411568,0.28375,0.28030953,0.50357145,0.66445047,-21.198977
./voice\kopewo\condition1\c04.wav,0 days,0 days 00:00:12,36.496777,0.24989177,34.540676,35.969864,37.471226,2.9305496,417.78802,656.62115,264.1381,380.43866,0.7202958,1.0343527,0.07166633,0.36773023,1.4692465,1.3975801,15.050737,10.254362,9.011594,6.112925,0.48630378,1.4450533,18.516449,1.2437756,6.047403,1.9526933,2.183694,6.491965,-6.002948,-2.5457375,0.042566527,1.8545053,1.347269,0.9825279,7.790411,0.86778337,13.119168,1.1844511,28.124989,0.5976634,633.9918,0.3479023,1266.0859,0.26786688,-106.47758,-0.8773132,1643.7634,0.17972192,1049.6996,0.33722293,-102.25625,-0.8389515,2763.7598,0.13152158,1005.51587,0.43176073,-106.44593,-0.7605577,-17.127157,-0.8191001,29.960257,0.51195306,0.087125145,0.36502674,-0.022730427,-0.74444944,0.8081871,0.9396174,31.426908,0.64489675,5.891061,2.0768404,5.3359246,3.1050496,-9.6617365,-1.8610895,-2.1551967,11.064106,0.026135737,-0.0017856053,0.08442329,2.7522936,2.0938025,0.25719997,0.36592367,0.19879998,0.24349652,-20.57108
./voice\kopewo\condition1\c05.wav,0 days,0 days 00:00:11,33.5012,0.27970883,23.42524,34.095127,35.79318,12.367939,305.13977,426.77237,179.57883,283.58813,0.4834155,1.2179091,0.036616802,0.1612491,0.9265735,0.8899567,11.851026,9.643713,6.9639482,5.0276647,0.32794943,1.6111393,18.973675,1.1277057,6.0419025,2.0751297,5.5204453,2.2525299,0.9121006,12.337497,0.036244743,1.8292851,1.2855831,0.9699427,6.2637277,1.1186949,5.046699,5.056488,24.998089,1.135105,650.4579,0.35553995,1276.8768,0.2885834,-116.36772,-0.8098565,1708.9564,0.17888248,1054.2462,0.28234679,-114.52424,-0.7787901,2800.6133,0.13175295,1036.6636,0.3908055,-118.80588,-0.7106275,-19.8719,-0.7708206,33.34697,0.46130523,0.070655756,0.4823535,-0.020554835,-0.8433105,0.6576376,0.91590875,34.957855,0.5702247,8.739728,1.6993197,10.368953,1.4881904,1.5384349,9.631077,-4.367208,14.260992,0.012518706,-0.00095247,0.022845022,1.7288444,1.0054845,0.47363636,0.35798103,0.4583333,0.5522203,-22.078285
./voice\kopewo\condition1\c06.wav,0 days,0 days 00:00:12,34.327007,0.2688959,31.413061,33.62982,36.05392,4.6408596,597.35986,916.2395,130.44426,79.05939,0.64473975,1.2981049,0.03743064,0.2008131,1.3175882,1.2801576,18.525452,10.220125,13.113959,9.0025835,0.5386169,1.6201274,16.63732,1.1706161,3.2747674,3.902745,3.4231217,3.907791,-3.9488494,-3.0377822,0.06329881,1.8158264,1.4212197,0.7545562,4.4429874,1.5699551,6.541054,2.1554093,24.036898,0.72489184,645.5851,0.37528473,1224.8722,0.23795472,-120.86547,-0.77629244,1680.095,0.16394709,1001.06525,0.3181771,-119.1269,-0.7417182,2727.8855,0.13854854,960.55927,0.35750622,-121.25992,-0.70020276,-14.368339,-0.9517351,25.887314,0.59177035,0.07884117,0.39536756,-0.022064783,-0.9973864,1.1169683,0.90648025,29.476583,0.6989893,2.5580935,6.0445294,7.2162557,2.4115894,-7.9101167,-1.8405501,-4.393247,14.333263,0.022067254,-0.000835478,0.05972415,2.3352795,1.5912899,0.27842104,0.34945467,0.41466665,0.5980731,-20.611185
./voice\kopewo\condition1\c07.wav,0 days,0 days 00:00:11,35.317223,0.25296542,32.06361,33.768345,36.260643,4.197033,348.40405,579.72327,194.8515,239.06404,0.8457975,1.0990704,0.07629472,0.42210734,1.6210212,1.5447264,17.914845,10.35205,13.110631,8.806317,0.6027335,1.2963511,12.831625,1.6468654,5.2152686,2.6603794,6.0101357,2.7577758,-4.064584,-3.2734137,0.041936185,1.650801,1.427714,0.8021206,5.1286907,1.2794173,8.577728,1.3826953,19.204453,0.86064065,606.58545,0.4296015,1190.3583,0.25762618,-113.98638,-0.82881784,1679.5935,0.17350692,897.314,0.43842924,-109.84076,-0.80699104,2698.9958,0.13721918,1009.0422,0.44560793,-109.46371,-0.79511625,-10.6421175,-1.2994844,20.532854,0.79039866,0.08108793,0.40649465,-0.020087766,-0.77804965,1.0526463,0.76353544,23.092577,0.936376,3.851943,3.7567725,12.525372,1.4680164,-5.1678095,-3.1144617,-1.3892323,9.26122,0.033238657,-0.0013883811,0.12187347,2.8207462,2.287283,0.2128,0.18411994,0.21166666,0.19552635,-20.62591
./voice\kopewo\condition1\c08.wav,0 days,0 days 00:00:14,36.34067,0.29754898,31.78601,34.71411,36.57269,4.7866783,684.9082,1181.7839,98.08333,87.20756,0.60080487,1.2956964,0.038023308,0.14145334,1.1773224,1.139299,16.747625,11.716204,11.334378,11.879851,0.39066687,1.6020957,13.464599,1.435812,5.2687674,2.0013964,-0.2575913,-55.184196,-1.6823558,-6.231786,0.039632257,1.7029766,1.5321571,0.82895,4.5475264,1.524834,8.225246,2.0965364,22.697983,0.93056387,669.0379,0.3742044,1187.4098,0.2767098,-132.67662,-0.6786286,1698.799,0.18398042,940.9172,0.38999042,-128.89278,-0.6731006,2806.8618,0.14472182,919.2794,0.44232467,-129.34526,-0.6522682,-11.919305,-1.1878936,25.079336,0.6291963,0.07942104,0.34541097,-0.018507697,-0.8047724,0.8769567,0.8092323,25.211843,0.93200433,5.76922,2.2927594,1.7957904,11.177886,-4.483913,-2.9886749,-4.6430235,14.593097,0.022540918,-0.0015227095,0.056745984,1.6440315,1.4347203,0.276,0.37442487,0.56785715,0.73377866,-23.051107
./voice\kopewo\condition1\c09.wav,0 days,0 days 00:00:11,33.952682,0.21251497,32.094936,34.248352,35.80485,3.7099152,393.26028,211.91376,56.53545,38.769222,0.8496578,1.2277871,0.07529663,0.2925844,1.802803,1.7275064,20.781515,13.984449,12.516899,9.058559,0.53343403,1.481735,14.728354,1.5507568,6.748411,1.8811411,2.9052684,5.211878,-6.8043013,-2.2150366,0.038434885,2.180583,1.1570487,0.9341457,7.380331,0.8303044,8.319377,1.8020711,25.472057,0.6625599,599.5619,0.39567202,1308.479,0.22547802,-118.708374,-0.8032927,1633.4504,0.19140956,981.6883,0.3589863,-119.74961,-0.7369984,2696.498,0.13066307,1026.2522,0.38950366,-122.35783,-0.6906767,-15.266392,-0.83645475,26.126558,0.5624757,0.08776468,0.30946636,-0.02634285,-0.5313502,1.0915142,0.7541464,31.971622,0.64891523,4.761434,2.859585,7.123635,2.7472603,-12.400585,-1.4652966,-1.4450624,8.794684,0.03006075,-0.0035809837,0.079800695,1.9108281,1.463861,0.29999998,0.27805126,0.47916666,0.8408077,-19.282269
./voice\kopewo\condition1\c10.wav,0 days,0 days 00:00:13,34.176674,0.21359093,32.298393,35.320904,36.656982,4.358589,664.42896,873.9514,341.08405,619.2856,0.8463742,1.0530074,0.051977605,0.5121986,1.5713106,1.519333,20.647076,10.490331,14.701681,9.581384,0.7337711,1.260704,21.862097,0.97942305,4.6311536,2.3453662,2.966921,5.4939065,-5.4203753,-2.9317243,0.045059226,2.09503,1.4460088,0.8258826,6.540372,1.0443558,8.170957,2.307484,25.176584,0.83767253,657.1552,0.33659574,1343.9335,0.23501538,-99.41734,-0.9242075,1674.8008,0.16068688,1035.6315,0.3009516,-97.50483,-0.8658899,2772.6147,0.11599382,1007.3727,0.39795572,-101.980125,-0.78717285,-17.789057,-0.63693726,29.85705,0.48306152,0.08289406,0.36757556,-0.022524612,-0.622128,1.1521645,0.83650076,33.792454,0.50344247,5.1683598,2.307036,5.6088696,3.4717045,-8.408598,-2.1652286,-3.7676847,13.916832,0.026207475,-0.0019469844,0.14949933,3.3102386,2.550232,0.2190909,0.23769556,0.19076923,0.3723514,-19.364775
./voice\kopewo\condition1\c11.wav,0 days,0 days 00:00:14,34.80291,0.23611842,32.36927,34.698597,36.371693,4.0024223,636.43976,1026.5717,100.8328,129.72598,0.70698607,1.1788306,0.06413481,0.28111294,1.3869293,1.3227944,17.591782,11.882466,11.413569,8.053099,0.5542705,1.3474983,13.878307,1.6114216,7.5680246,1.7944624,1.9911618,7.334583,-6.7067113,-1.9668229,0.050757956,2.271478,1.4670154,0.78004014,5.967255,1.0488858,7.875723,2.989754,23.070261,1.0502437,680.9629,0.38660994,1252.1788,0.27135217,-122.10914,-0.75458384,1708.3724,0.19723968,1022.9435,0.3272889,-118.74971,-0.7302734,2796.4,0.13949941,896.8932,0.41223043,-122.326584,-0.67714834,-16.624226,-0.7829033,28.176598,0.5040934,0.085636936,0.34470814,-0.021296613,-0.6661985,1.0737882,0.6686016,30.384617,0.63857037,5.3927402,2.6187797,6.7277956,2.6088607,-7.9627743,-2.1053665,-0.7726306,8.034761,0.027479474,-0.0035698465,0.11644797,2.287348,1.7934003,0.24559999,0.17964588,0.3457143,0.51709414,-21.18854
./voice\kopewo\condition1\c12.wav,0 days,0 days 00:00:10,40.01376,0.22609027,35.30386,37.802673,41.842358,6.538498,314.91937,270.283,68.26091,48.331425,0.7492301,1.1421875,0.03703343,0.23322387,1.5625944,1.525561,14.220751,8.055766,11.156733,12.007998,0.59259266,1.3997352,9.984117,2.5585515,6.413327,1.9238707,7.702993,1.9993044,-7.236922,-2.1632645,0.04681795,2.083395,1.348751,0.81161314,8.355092,0.75187,6.935002,2.0139918,18.148876,1.517375,823.91614,0.42115086,1229.8042,0.28374887,-124.92385,-0.710042,1871.3867,0.17307365,956.0709,0.37188026,-118.1691,-0.7185796,3009.2932,0.11455388,854.5385,0.44835514,-118.211136,-0.72104007,-12.295222,-1.8702734,23.563961,1.0581775,0.078709304,0.42300144,-0.020189488,-0.81945354,1.0097951,0.7915573,21.194548,1.4401382,6.3704877,2.441622,11.424891,1.5189185,-13.01171,-1.3864114,-1.7947867,10.579265,0.018095577,-0.002251954,0.22122163,1.901902,1.7102616,0.2717647,0.2377897,0.2917647,0.6567857,-21.56342
./voice\kopewo\condition1\c13.wav,0 days,0 days 00:00:13,35.82437,0.29248813,33.892735,35.57496,36.651546,2.758812,127.27138,93.95034,131.00389,82.66474,0.54558414,1.4883578,0.03696896,0.11282913,1.0412841,1.0043151,19.094532,14.430514,12.456046,12.473104,0.36015344,1.8047371,9.9224825,2.107031,7.3230486,1.5330721,0.23919965,44.504795,-0.016810996,-781.89923,0.036333002,1.7773184,1.4921024,0.86710924,6.2858973,1.1234782,10.2258415,1.8898847,26.812994,0.753422,610.14923,0.43083823,1242.3822,0.22479123,-153.42744,-0.52802277,1614.8843,0.1888706,971.346,0.33067212,-147.61989,-0.54108346,2686.8132,0.15052469,995.8,0.3881969,-148.43745,-0.51359797,-14.298131,-0.9636377,28.08025,0.53458947,0.08220923,0.41761348,-0.017543888,-0.8351719,0.97865087,0.8449804,29.363485,0.7601424,6.158618,2.3288026,1.5230477,9.741112,-1.6371046,-12.174007,-2.3470142,11.517672,0.0233,-0.0028976155,0.07865641,1.8475751,1.7014695,0.1690909,0.16002582,0.45578948,0.7316838,-21.39659
./voice\kopewo\condition1\c14.wav,0 days,0 days 00:00:11,37.707836,0.2533703,33.864246,35.880013,37.0277,3.1634521,911.74976,820.64557,104.805435,107.28905,0.6599706,1.2287138,0.040031753,0.2226698,1.369235,1.3292032,16.29582,11.172905,10.203551,8.325775,0.41776592,1.4844002,14.171801,1.5408691,3.48262,3.6856833,3.1911256,4.3618035,-5.0361543,-2.8374305,0.049676646,1.8960103,1.4233001,0.81343865,6.368051,1.0912396,11.038493,1.2889289,24.434551,0.71530896,606.39655,0.4326746,1214.4506,0.30585724,-123.590225,-0.7475638,1639.9783,0.20191763,1012.1714,0.3932177,-118.31991,-0.7399915,2718.3557,0.14220656,1014.3277,0.4905118,-119.48446,-0.70779413,-12.152468,-1.2892327,25.07533,0.65203834,0.088537216,0.3798348,-0.021257687,-0.84783375,0.84121096,0.8179583,25.412373,0.9549672,3.45114,4.432632,6.22082,2.6986828,-9.317936,-1.8656553,-3.0873935,12.587269,0.023645736,-0.0032601925,0.043992452,2.1838036,1.738335,0.25578946,0.21089572,0.28,0.39298853,-22.105066
./voice\kopewo\condition1\c15.wav,0 days,0 days 00:00:12,35.94743,0.2348071,33.59578,34.755108,36.19524,2.5994606,373.80554,516.48334,57.35484,48.107006,0.3911513,1.5812209,0.03548316,0.0695954,0.6559533,0.6204701,13.911618,10.312012,8.172435,7.1667747,0.20102417,1.8746912,11.50475,1.5478901,4.2713656,2.1264918,4.634604,2.9209328,-0.76930064,-15.254435,0.026084345,1.4578598,1.3608879,0.9530063,6.8299117,1.0004004,9.796172,1.4216454,20.453735,0.7032534,590.7607,0.33855078,1230.6497,0.29830924,-155.03532,-0.51487476,1663.3214,0.15633793,975.39813,0.45478216,-151.20822,-0.5199558,2684.3257,0.120470546,963.517,0.32886183,-152.0846,-0.50567937,-14.470328,-0.9454021,24.962719,0.57332176,0.08173369,0.36703137,-0.021644015,-0.634443,0.6577389,0.6806891,29.830585,0.6775283,1.2028353,10.619698,13.59098,1.3950927,-1.3034437,-12.97022,-4.3267097,13.975102,0.02088341,-0.002589701,0.026535569,1.5012511,1.1725293,0.22714284,0.23749973,0.65153843,0.8865564,-24.22753
./voice\kopewo\condition1\c16.wav,0 days,0 days 00:00:11,38.657818,0.25060853,32.944923,35.66153,44.36122,11.416298,469.34827,841.5579,246.26172,291.7061,0.61738074,1.420061,0.03569723,0.070888735,1.3297052,1.294008,18.546934,13.129366,11.008627,9.629049,0.36741918,1.6961615,11.244498,1.8729907,1.890491,4.767546,-2.792323,-3.1543317,-1.0921605,-7.9155083,0.049630273,1.7815685,1.3811383,0.7985847,5.1281404,1.4505845,5.723115,1.8703562,25.861675,0.7028253,799.644,0.30564153,1205.4545,0.28965676,-147.45453,-0.5729278,1771.056,0.18828876,1076.9957,0.25728217,-141.68639,-0.5966764,2866.4348,0.12776417,996.47595,0.35346058,-145.81064,-0.5395474,-10.761461,-1.4799922,28.855503,0.6141313,0.07779488,0.3121205,-0.015721545,-0.9850594,0.87421495,0.8107833,28.423103,0.92731816,-0.8872524,-14.443025,-8.590604,-1.335151,-4.327755,-2.7629242,-3.9655585,14.184124,0.022369854,-0.0005586465,0.12730293,1.1828935,1.0968922,0.28583333,0.4180801,0.55846155,1.0437126,-24.75464
./voice\kopewo\condition1\c17.wav,0 days,0 days 00:00:11,34.233986,0.23785679,32.25778,35.09088,37.36927,5.111492,978.4055,1230.4598,337.28003,583.8856,0.643909,1.3314319,0.0368194,0.18638839,1.2750041,1.2381847,19.323898,14.363108,13.528636,7.6299877,0.49940312,1.4931471,19.047838,0.9498968,3.2313585,3.1031065,2.4682684,5.4374804,-3.1030796,-5.3482704,0.05243497,1.8978018,1.5600162,0.8568903,6.064036,1.1939387,9.8592205,1.8305321,27.061483,0.6957823,613.0321,0.3628512,1297.8984,0.20556137,-132.35226,-0.67985785,1600.204,0.18578148,1046.6866,0.28164786,-124.15408,-0.70417076,2710.8506,0.13689415,1022.22614,0.37016875,-128.24954,-0.6400875,-17.004745,-0.71849334,29.231907,0.42817596,0.08192041,0.36103848,-0.021799596,-0.73270255,1.0511053,0.79187715,33.721054,0.44666222,4.240434,3.0126789,4.0826755,4.361193,-9.847667,-2.290893,-4.988396,15.236856,0.022823563,-0.0026301795,0.08616967,1.8198363,1.6544118,0.2488889,0.22067796,0.33444443,0.66270673,-20.631851
./voice\kopewo\condition1\c18.wav,0 days,0 days 00:00:12,33.97228,0.21515147,33.01577,34.642956,36.214085,3.1983147,584.27686,737.21014,145.21648,160.85474,0.5340215,1.2824275,0.03555534,0.13775206,1.0850136,1.0494583,18.196793,10.697829,7.506459,5.712711,0.38167134,1.4547956,18.186169,1.0985316,6.611423,1.476495,3.2342002,3.5061378,-2.6881852,-4.107009,0.052927464,1.739148,1.3201779,0.87085783,7.077655,0.85775024,8.4030485,1.3654397,30.165749,0.54210687,727.15826,0.27085066,1249.9343,0.25210992,-127.4765,-0.70462954,1757.6019,0.14172119,975.9754,0.3293006,-128.10161,-0.6541529,2903.982,0.10797783,954.2933,0.38973486,-131.36842,-0.6067504,-19.012197,-0.67019594,32.435696,0.4758169,0.07832281,0.37971243,-0.023945024,-0.60665524,0.81878746,0.6960125,33.968967,0.56724364,8.872954,1.4428759,6.854206,2.221653,-5.813941,-2.4800887,-5.7773814,15.694718,0.021318302,-0.0035905896,0.04968656,1.8348625,1.4261745,0.28705883,0.26150614,0.4778571,0.5743963,-22.6635
./voice\kopewo\condition1\c19.wav,0 days,0 days 00:00:11,36.29634,0.22375453,33.326347,34.85632,36.298042,2.971695,598.12274,998.2236,170.32225,148.45044,0.71682954,1.2297379,0.03607659,0.18368192,1.5157875,1.4797109,17.62131,9.360277,11.160196,7.872195,0.44663265,1.4109781,14.931978,1.4906701,4.440256,2.5629973,3.3391333,4.171967,-4.4626465,-2.8864002,0.04074226,2.1291711,1.2922754,0.9027445,6.963256,1.0272897,9.809104,1.403405,25.492308,0.7428409,690.48425,0.3566474,1220.8832,0.29044032,-127.177284,-0.7099077,1710.464,0.16874355,916.4382,0.32843238,-123.258026,-0.70301515,2882.3564,0.12944566,975.03656,0.42077795,-126.84209,-0.6492629,-14.282896,-1.0774095,28.544708,0.6247597,0.0782351,0.37514067,-0.018402804,-0.88593304,0.8961493,0.7263309,30.080008,0.81125224,4.8804407,3.005086,6.5494223,2.8352585,-8.292113,-1.975324,-3.8250341,13.505317,0.021708922,-0.001673792,0.10029055,2.1838036,1.4625229,0.29,0.32103348,0.39799997,0.70803195,-20.935848
./voice\kopewo\condition1\c20.wav,0 days,0 days 00:00:14,33.68607,0.20177557,32.592735,34.568832,36.274765,3.6820297,490.14383,789.1085,231.62123,352.68826,0.6553186,1.2614123,0.036496487,0.19153607,1.4146345,1.378138,20.339033,11.340294,15.335852,10.120286,0.53707695,1.5752245,14.323803,1.3356683,6.9273877,1.6724583,7.0989795,1.9655435,-3.8332582,-2.9033177,0.04848731,1.8670478,1.5030237,0.8154619,6.4859815,0.94920635,8.766915,2.3209977,21.926586,0.9302994,610.45776,0.35307217,1288.6685,0.20704925,-130.84396,-0.6815182,1665.584,0.17715001,969.7675,0.38828903,-127.90733,-0.66159165,2739.1172,0.13743521,858.037,0.40620092,-129.93488,-0.6296802,-17.573053,-0.69144845,27.56149,0.51614606,0.07988344,0.33774078,-0.022505134,-0.5435191,1.1655818,0.8308286,30.480118,0.5602179,7.265553,2.0218835,13.52607,1.2911677,-6.2100353,-2.1214182,-4.0779085,13.303201,0.025021775,-0.0025090617,0.091661446,2.287348,1.5781924,0.25545454,0.2576066,0.37476188,0.8762725,-20.734678
./voice\kopewo\condition1\c21.wav,0 days,0 days 00:00:11,34.55692,0.2065172,32.9157,34.72487,35.92912,3.01342,713.10156,1345.7671,261.9101,334.18802,0.81870186,1.1056716,0.07228892,0.41885266,1.5984824,1.5261935,19.616554,10.421478,13.932132,9.547023,0.6104296,1.345856,17.57825,1.257981,3.955385,3.2020369,3.5768204,4.319828,-5.7201486,-2.5251844,0.028245453,1.5818517,1.2982941,0.8905346,7.0759892,0.9098283,8.85533,2.1360133,25.90959,0.7680605,666.3559,0.35173208,1315.9503,0.22651258,-118.141335,-0.77606326,1680.0217,0.16831377,982.5564,0.36209324,-115.10753,-0.7411734,2823.7976,0.1198307,946.69464,0.48915702,-118.96457,-0.67979896,-15.407527,-0.79694074,28.90389,0.5193352,0.08253195,0.3444557,-0.019621678,-0.7344665,1.0694566,0.7983534,32.31354,0.63638663,6.6347213,1.888554,7.2800627,2.589923,-8.510298,-1.9171991,-1.3686764,10.791998,0.03273607,0.00040332542,0.18345825,2.911738,2.010969,0.22954546,0.20166302,0.25333333,0.45382327,-20.069365
./voice\kopewo\condition1\c22.wav,0 days,0 days 00:00:12,36.47835,0.19864056,33.838787,35.407608,37.285534,3.4467468,209.50783,135.529,132.31877,108.04697,0.80119336,1.0758011,0.052010104,0.40301815,1.6138597,1.5618496,18.099472,11.821027,13.377716,9.5496235,0.6137408,1.3802468,16.396755,1.503841,6.542972,2.0476809,4.03469,3.417164,-4.183174,-3.6661851,0.0359391,1.9132553,1.154787,0.9219014,7.506028,0.9231411,11.9577055,1.229773,27.487925,0.68974715,640.05457,0.35859036,1265.0557,0.25818008,-107.09021,-0.8567196,1707.5844,0.17711027,1014.40027,0.34069577,-102.391495,-0.83685887,2799.0425,0.12109479,984.07654,0.4533444,-106.307106,-0.7694514,-17.271011,-0.89595044,29.77049,0.5737847,0.08415273,0.3384301,-0.02314599,-0.74061424,1.0287014,0.870513,30.408234,0.72634685,7.7489357,1.9214705,6.6344495,2.474399,-7.0687895,-2.603118,-0.72482795,10.087193,0.011968756,0.0006399351,0.08697924,2.7522936,1.5075377,0.36499998,0.31021947,0.310625,0.268176,-19.433943
./voice\kopewo\condition1\c23.wav,0 days,0 days 00:00:11,34.969044,0.21714976,32.82831,34.416843,36.067783,3.2394753,775.2722,1112.3014,328.38263,529.45764,0.8082874,1.1414534,0.05907707,0.35464033,1.5974535,1.5383765,21.165257,10.519658,17.32231,12.817671,0.59839666,1.3557203,14.390172,1.5112963,3.9737263,3.008373,5.4204044,2.9865162,-3.61383,-3.172911,0.040079236,1.961386,1.3440057,0.8706939,6.4956894,1.0072446,10.212102,1.1566132,21.608776,0.7220783,626.0797,0.37797797,1170.204,0.26907358,-120.419525,-0.7583493,1706.7139,0.1691821,914.01794,0.41451308,-117.88645,-0.722365,2744.5166,0.1289688,948.1809,0.4481282,-119.78935,-0.69296235,-13.814228,-0.94971496,24.411978,0.63214046,0.08219417,0.3344904,-0.021406982,-0.6579666,1.1259607,0.7783675,27.7943,0.7674453,3.915464,3.453905,11.7304325,1.700954,-4.707655,-2.7989662,-1.6511889,10.56576,0.02267616,9.526568e-05,0.13505338,3.0937216,2.2956843,0.1952,0.1756387,0.24727271,0.42578465,-20.82676
./voice\kopewo\condition1\c24.wav,0 days,0 days 00:00:12,35.72294,0.16597567,34.752007,36.032177,37.669437,2.9174309,748.4515,889.8735,326.6174,640.15717,0.6427743,1.3581314,0.038667828,0.126509,1.4745941,1.4359263,15.876389,8.740522,11.572575,7.202178,0.43716675,1.5191916,16.55189,1.0829762,5.987055,1.5953448,3.5656238,4.755152,-7.1965,-2.093976,0.041208632,2.1262836,1.2665894,0.941794,7.9042654,0.8547899,11.56544,1.0738299,26.050787,0.539175,600.7687,0.32214928,1318.4326,0.24981476,-135.7013,-0.64833844,1636.2806,0.18132775,936.939,0.48172283,-129.07805,-0.6605452,2736.6216,0.13023844,913.21643,0.41416034,-132.08301,-0.61656845,-16.461754,-0.62237537,28.39519,0.46348453,0.08931343,0.34282792,-0.023108268,-0.5986491,1.0244557,0.68441784,31.422138,0.50183487,5.462911,2.1479466,6.6433434,3.6607845,-15.972286,-1.1353602,-5.059907,14.052353,0.021801298,-0.0035258704,0.040844128,2.4186823,1.4237857,0.27411765,0.22244783,0.431875,0.43998888,-20.85299
