21,./voice\tgtgtg\condition2\c04.wav,0 days,0 days 00:00:11,29.681698,0.24967326,21.906548,28.18428,36.567593,14.661045,159.94627,80.80488,374.97296,648.44366,0.44029915,1.5219325,0.07093412,0.085735805,0.87139416,0.80046004,10.83267,6.0347404,12.296182,6.559407,0.35030985,2.0643663,18.577295,0.54140943,4.6317573,1.9776204,-5.485454,-1.790338,-11.766642,-0.95933217,0.1549182,1.3504077,2.3019512,0.6991661,-1.3481438,-4.1042814,1.1387533,12.685934,17.464369,0.80306953,561.1388,0.42327437,1202.2878,0.15855707,-158.71492,-0.5171583,1552.2261,0.22904623,942.8679,0.3488246,-154.6855,-0.5353041,2687.7097,0.10655915,653.42786,0.4712378,-157.05971,-0.49907088,-10.322818,-0.9475998,23.996904,0.4844664,0.08912402,0.4114899,-0.022893872,-0.8129215,1.3618623,0.65621185,23.531118,0.55196863,1.7667879,7.5088916,-10.830433,-1.6321591,-25.42936,-0.58746874,-9.549791,19.110876,0.031809483,-0.011236467,0.051173102,1.5468608,1.0064044,0.21727271,0.25176075,0.91999996,1.2486615,-27.721403,0.100000001,10,0,0,1
21,./voice\tgtgtg\condition1\c02.wav,0 days,0 days 00:00:12,35.261654,0.38684005,22.086998,34.989616,48.80947,26.722473,759.9064,1171.4119,160.25346,89.498726,0.4890812,1.1661056,0.084637,0.23107648,0.82117957,0.7365426,9.109368,5.5075955,8.604183,5.8500776,0.27923688,1.5883049,11.882447,1.1042264,-1.0937723,-11.767599,0.5659509,23.751886,-13.101587,-1.0954508,0.118573636,1.0307755,2.1776042,0.47206938,-2.2656384,-1.9994495,-3.9045575,-5.5976996,2.8780394,7.924798,706.535,0.46805212,1047.4315,0.2548732,-142.64429,-0.6254007,1752.8103,0.21727647,866.7374,0.39454743,-132.33871,-0.6861186,2767.0608,0.11701976,782.6189,0.4327436,-132.20856,-0.68156505,-2.9589605,-3.8904185,12.568849,1.0184555,0.07519218,0.4848705,-0.013759122,-1.1951972,0.5933733,0.8749866,11.000534,1.4769849,-6.090874,-2.8008442,1.5865353,11.67023,-15.75301,-1.1665268,-5.705427,13.276072,0.04104291,-0.011180405,0.09433276,2.1684737,2.1008403,0.1552,0.12342188,0.30875,0.55219495,-32.771446,-0.400000006,10,1,0,0
21,./voice\tgtgtg\condition1\c17.wav,0 days,0 days 00:00:11,33.325027,0.28422624,24.656322,34.646076,40.485504,15.829182,278.56088,202.91321,197.26112,194.09506,0.70027477,1.231091,0.09521447,0.24856319,1.3004792,1.2052647,15.942705,10.422188,14.019971,8.593033,0.5401271,1.5412797,16.428978,0.74491745,-0.97594804,-11.909539,-4.5602045,-3.2940283,-12.399605,-1.0727302,0.098405525,1.1692729,1.9921396,0.585841,-1.5302151,-2.8251069,-4.607203,-3.163893,10.22409,1.1097445,633.5487,0.42338577,1170.3513,0.20481363,-145.5364,-0.5981404,1670.4878,0.19555022,947.26245,0.34526184,-134.15967,-0.6691937,2743.0427,0.10681826,802.5243,0.47771198,-136.6911,-0.6288735,-6.5533285,-1.5124909,19.823069,0.41665778,0.0802958,0.42149198,-0.015343218,-1.8508871,1.2694588,0.7736499,19.13238,0.69496834,-6.4404273,-2.363069,-8.635648,-2.5070138,-19.658264,-0.9005162,-7.1509185,16.452635,0.0447036,-0.010315616,0.17269896,2.2747953,2.285192,0.1368,0.14493364,0.32857144,0.66574895,-26.20186,0.300000012,10,1,0,0
21,./voice\tgtgtg\condition4\c16.wav,0 days,0 days 00:00:11,29.203188,0.34835094,21.9278,27.25321,35.69856,13.77076,182.01929,102.95128,287.1856,216.81737,0.21850011,1.6043618,0.069702536,0.07977008,0.21910176,0.14939922,6.645028,5.9383497,5.6168923,5.0460277,0.11527018,2.4112484,19.943598,0.39099196,3.0029814,3.0288637,-0.4223932,-25.5022,-10.404595,-1.1933135,0.13472362,0.95750564,2.3579926,0.60324496,-1.9854714,-1.4748499,-2.980504,-3.077725,14.471082,1.0535048,648.79474,0.40184894,1281.4381,0.21849589,-162.84161,-0.4783941,1646.8763,0.20444706,1024.2015,0.35676578,-160.30643,-0.48700458,2758.5586,0.11117548,824.90875,0.48117378,-160.82526,-0.4738367,-8.918629,-1.2512907,19.377892,0.58236665,0.06460613,0.5194417,-0.018596435,-0.9669965,0.4618317,0.9553001,22.434755,0.6959507,-3.48263,-3.3880038,2.1409528,8.793408,-20.805763,-0.9863436,-10.481265,19.903486,0.031537745,-0.011919031,0.024519123,0.81892633,1.0968922,0.18249999,0.169859,0.77272725,1.5168452,-36.792095,0.300000012,0,1,1,1
21,./voice\tgtgtg\condition3\c08.wav,0 days,0 days 00:00:12,30.955976,0.41734397,20.218622,26.991846,46.609833,26.39121,372.86838,301.5919,143.62172,64.63134,0.29383442,1.2423034,0.08490051,0.13866512,0.39055464,0.3056541,8.213702,5.3470745,6.503432,7.6575584,0.16567434,2.1706126,16.300045,0.70969,3.0176444,3.874795,-1.1579683,-8.923761,-9.348412,-1.2363143,0.1182265,1.0919571,2.1903288,0.51000905,-1.5024691,-2.800175,-2.163957,-11.1677475,13.201661,1.7529383,707.448,0.43449068,1136.4995,0.27670366,-151.22899,-0.5561451,1763.9414,0.19871159,906.57355,0.37892282,-147.82698,-0.55928475,2787.2566,0.12466448,857.70807,0.44476536,-148.40672,-0.5485512,-10.404926,-1.3547463,21.374413,0.6227152,0.062769726,0.51797396,-0.018930335,-1.2368873,0.42419568,1.0335186,18.301353,0.9603638,4.309097,4.2834907,0.9338917,16.897495,-8.969112,-1.9477965,-7.8206034,16.521694,0.0374964,-0.009837961,0.06625043,1.2510426,1.6750419,0.1555,0.10679303,0.46277776,0.75764114,-34.715668,0.300000012,10,1,1,0
21,./voice\tgtgtg\condition2\c11.wav,0 days,0 days 00:00:11,32.555126,0.3470506,22.170713,31.79928,40.431057,18.260344,401.01605,933.4284,245.80034,369.07245,0.4735472,1.2448238,0.07302196,0.13833982,0.90645266,0.8334307,14.090575,10.869951,11.402711,9.215242,0.4238072,1.7619226,18.835466,0.5900912,-0.069346,-170.00917,-1.059635,-11.777266,-15.244995,-0.9452588,0.09568542,0.8891751,2.4836133,0.50682527,-1.5847437,-2.3952732,-2.1068268,-6.7746644,10.7470665,1.4122921,604.30115,0.45931256,1149.0371,0.22295037,-143.04665,-0.6266113,1613.9048,0.22912723,905.89197,0.32141742,-132.41815,-0.68931544,2725.4763,0.11237805,680.42365,0.48489308,-134.09059,-0.6566557,-7.9603906,-1.2342299,19.933893,0.5702204,0.076577835,0.48458853,-0.019668676,-0.7858538,0.94247025,0.9542437,21.93274,0.6398153,-6.0177946,-2.4793649,-1.4390062,-12.759044,-25.633785,-0.6637599,-8.58535,17.366621,0.034790367,-0.0127231,0.15006116,2.0928116,1.5539306,0.21117647,0.12232465,0.40176472,0.8060524,-29.573835,-0.200000003,8,0,0,1
21,./voice\tgtgtg\condition4\c21.wav,0 days,0 days 00:00:13,34.44517,0.35618916,22.915821,32.98013,46.166798,23.250977,380.75473,376.8197,318.71375,299.52173,0.39728314,1.549781,0.08272086,0.1177997,0.55418855,0.47146767,13.953134,16.243565,10.388111,7.743623,0.29293776,2.3344557,20.455717,0.5596625,-0.33205685,-38.791187,-7.3590474,-1.889518,-8.15446,-1.3889382,0.09826539,1.2565496,2.0165222,0.45688033,-0.980029,-4.080313,0.2564859,66.93982,16.391777,1.1683285,673.693,0.42376718,1258.3607,0.22431588,-155.6444,-0.52982545,1625.8329,0.19349244,1062.9893,0.2693603,-147.98457,-0.574632,2691.3933,0.1413532,854.4911,0.38750464,-149.80933,-0.5371787,-6.390837,-1.6896176,21.484089,0.5717831,0.06586026,0.43353602,-0.008327088,-2.2539582,0.8561594,1.2377247,22.047361,0.7623486,-7.5326576,-2.4580724,-14.800423,-1.3594474,-7.875671,-2.2115579,-8.959381,18.15163,0.040372018,-0.012267126,0.082260005,1.308699,1.625387,0.15714285,0.14472117,0.39826086,0.58443326,-30.54197,0.300000012,10,1,1,1
21,./voice\tgtgtg\condition2\c01.wav,0 days,0 days 00:00:12,36.156406,0.36658263,23.420162,33.082184,48.097046,24.676884,296.3485,287.10754,373.17734,248.39235,0.35504454,1.6192176,0.052837275,0.08298639,0.4476019,0.39476463,17.597916,14.2982435,12.336366,8.353669,0.28712776,2.4103515,13.810657,0.852773,8.369703,1.7056143,-3.8115757,-3.3320453,-6.284184,-1.5124325,0.10477888,1.3426081,1.8005927,0.46185777,0.4380751,12.768447,-1.7170911,-9.896812,11.236052,1.6342064,633.5255,0.43263564,1210.4905,0.2219413,-171.72746,-0.40523508,1625.0697,0.20144448,963.40924,0.3048049,-161.83026,-0.47131187,2676.1992,0.1123868,799.06915,0.42592347,-161.66116,-0.4582512,-7.3554525,-1.3239139,19.33175,0.44372466,0.06618234,0.50139576,-0.005755272,-4.011718,1.1207696,0.9464333,19.341736,0.75307626,-6.780291,-2.280324,-2.612809,-7.32174,-11.665444,-1.2803162,-9.419531,17.813046,0.02195668,-0.013112309,0.053567562,1.3344454,1.2562815,0.15733333,0.15398988,0.6592857,1.9266531,-28.806252,0.899999976,10,0,0,1
21,./voice\tgtgtg\condition1\c18.wav,0 days,0 days 00:00:11,30.93309,0.32515186,22.433662,30.88122,37.003437,14.569775,484.117,633.6271,369.24057,598.89734,0.3340125,1.5946326,0.08425622,0.09417405,0.35091832,0.26666212,17.19991,9.703106,10.187966,6.1652875,0.23479542,2.3922882,21.03935,0.32033873,1.2176805,7.111797,-4.4839277,-2.5153098,-8.657004,-0.9775224,0.12816085,0.9689226,1.9070593,0.56594884,-2.0102222,-1.9114457,-4.4083586,-3.8412895,11.162056,1.510032,509.9624,0.34517443,1227.789,0.16953547,-161.03035,-0.4838427,1498.1732,0.14843033,1038.3752,0.28601366,-152.13744,-0.5430291,2501.7056,0.103628725,918.21545,0.45393595,-153.77745,-0.5153646,-9.105006,-0.69692254,20.509293,0.34706885,0.0640598,0.5787607,-0.014193099,-1.2465017,0.74901783,1.1542802,22.814142,0.43256623,-7.0695224,-1.4783746,-7.6767,-2.5866885,-10.19191,-1.3978909,-10.629455,20.215063,0.03515259,-0.014354548,0.066965416,1.0919018,1.6498625,0.14,0.08711423,0.496875,0.8676528,-31.376722,0.100000001,10,1,0,0
21,./voice\tgtgtg\condition3\c21.wav,0 days,0 days 00:00:11,32.183186,0.32172555,23.253647,32.11052,37.66946,14.415813,255.9301,174.53656,341.72174,409.27933,0.63183194,1.1799442,0.09334049,0.22936155,1.2020046,1.108664,13.097173,9.254522,12.360788,7.496698,0.4956503,1.5360621,17.58993,0.87603205,1.3375146,9.855851,-3.6438715,-3.5807211,-11.377271,-1.0570786,0.1383429,1.1882747,2.1078613,0.50681436,-1.2961671,-3.8394926,-2.8998022,-6.6197724,11.066525,1.9236338,660.171,0.46786085,1223.7867,0.28294408,-134.4541,-0.68232304,1677.2683,0.21160834,982.98553,0.2899261,-125.585526,-0.73031485,2742.192,0.1287179,883.1146,0.39798045,-128.13406,-0.68870765,-8.680366,-1.5441159,21.692995,0.68161887,0.07010744,0.57154375,-0.017056039,-0.98610806,1.0214204,0.87904805,19.977257,0.8929419,-3.5193484,-5.132495,-6.1208215,-2.9242966,-13.559838,-1.1797506,-7.8544326,17.425802,0.042480145,-0.013534398,0.1695846,2.0928116,2.4680073,0.14777777,0.1308472,0.27695653,0.41794983,-26.69281,-0.800000012,10,1,1,0
21,./voice\tgtgtg\condition4\c05.wav,0 days,0 days 00:00:12,30.616095,0.28852504,22.869347,29.98941,38.669754,15.800407,240.33215,126.427055,321.6973,364.0049,0.2275995,1.3961115,0.08387457,0.09356278,0.27532455,0.19144998,11.081716,8.128021,6.8697643,5.240741,0.13861762,2.6401222,19.229185,0.33617616,4.098884,1.6759691,-2.7016668,-3.5467222,-10.023357,-0.9733453,0.14285286,1.0317485,2.2775013,0.49782985,-1.4363111,-2.6072786,1.7146074,12.43732,12.57457,1.3310279,654.0544,0.42113078,1151.4446,0.1933385,-172.6743,-0.39565453,1708.9481,0.20121585,897.62036,0.31224385,-168.9881,-0.4099543,2770.915,0.13745266,783.52246,0.3921968,-169.8389,-0.3965086,-9.970485,-0.8726773,22.169415,0.441606,0.08154195,0.52644056,-0.01541931,-1.1576746,0.6410397,1.0558145,19.802729,0.43054053,0.022169115,459.0967,-2.8695111,-6.976696,-15.628303,-1.1378905,-10.319469,19.02391,0.03772373,-0.016035924,0.036402445,0.91743124,1.1735122,0.12857142,0.12966204,0.69785714,1.1959646,-35.293266,-0.100000001,10,1,1,1
21,./voice\tgtgtg\condition1\c22.wav,0 days,0 days 00:00:12,34.178207,0.35169578,23.816145,32.35837,44.472187,20.656042,308.1193,276.21915,255.398,196.96474,0.7726357,1.2732115,0.08243629,0.2002163,1.6083654,1.5259291,18.244955,7.4802585,18.673662,10.681414,0.65619195,1.5011327,15.238466,0.82506895,-1.456171,-9.250148,-3.4432988,-3.7109282,-11.698034,-1.0338817,0.116465524,1.1551292,2.275379,0.55700374,-2.8632834,-1.1988571,-3.176176,-5.465616,5.331625,3.1974585,675.2377,0.46877062,1099.1327,0.2932544,-137.0797,-0.67417526,1719.8818,0.2112099,859.5579,0.40127566,-127.16971,-0.7342676,2746.988,0.13661264,844.62103,0.4374016,-127.22024,-0.7226768,-3.7873495,-3.0666099,13.743051,0.8408561,0.08556078,0.4233799,-0.016829476,-1.5970284,1.4550022,0.7248768,12.489134,1.299046,-10.536189,-1.4978359,-5.4189887,-3.314443,-16.361965,-1.0285156,-8.927913,18.016624,0.039268,-0.012399107,0.19584277,2.5020852,2.596315,0.13290322,0.1182996,0.26444444,0.59219193,-25.952559,-0.100000001,10,1,0,0
21,./voice\tgtgtg\condition1\c07.wav,0 days,0 days 00:00:12,27.552412,0.3903635,16.984642,26.52089,36.693054,19.708412,119.174614,39.85888,122.201096,89.340164,0.1590697,1.323048,0.08156277,0.096651666,0.12498605,0.04342328,6.9659405,5.374732,6.814662,4.3572245,0.06597413,2.4569795,20.757238,0.32070565,7.01208,1.1044314,-0.62628216,-13.400746,-8.890301,-1.2106816,0.09884826,0.9646422,1.7030746,0.46838245,-0.9631956,-3.9086432,-2.5341651,-8.625083,16.696285,1.3700203,661.13776,0.40716735,1210.9675,0.2257961,-180.38478,-0.31791994,1704.0088,0.20211373,954.0504,0.24425168,-175.30981,-0.35427973,2857.0386,0.1091911,627.6073,0.5021108,-176.12569,-0.34041893,-12.968501,-0.91144365,24.00409,0.53742087,0.03058424,1.1133566,-0.008964464,-1.157907,0.3003931,1.0518516,23.258038,0.5293096,5.0897474,3.4464846,9.944384,1.3370264,-10.892753,-2.3011527,-11.73171,21.228855,0.035448067,-0.01513495,0.02978777,0.41701418,0.9228188,0.12636364,0.17971049,0.78076917,1.6086711,-42.265404,0.899999976,10,1,0,0
21,./voice\tgtgtg\condition2\c00_01.wav,0 days,0 days 00:00:12,28.824203,0.29384673,18.86583,32.769394,36.207172,17.341343,185.04446,54.319786,122.902214,37.42939,0.109754264,1.618588,0.051646758,0.056599926,0.07685173,0.025204975,2.8293657,1.572926,3.7394364,3.4169967,0.055610634,3.4876783,17.535347,0.35854858,8.568579,0.9813806,-0.86651206,-7.2982345,-4.286593,-1.9033363,0.13029718,1.0451258,2.3012285,0.5214629,-1.1754241,-2.893307,-6.743206,-3.9685416,11.381858,2.824427,555.00183,0.37327394,1377.0679,0.11970078,-185.22545,-0.28891194,1555.5089,0.20982152,1107.866,0.2267337,-183.24197,-0.29745868,2606.4011,0.104066625,951.2253,0.2597344,-183.88437,-0.28568754,-16.437273,-0.7207956,26.710556,0.5035888,0.07423471,0.42009357,-0.028794935,-0.511704,0.4979968,0.8695962,30.704735,0.30601105,5.7235003,3.3650541,-0.9152575,-13.827893,-5.4033947,-2.9634175,-11.219214,21.107662,0.018594624,-0.012483894,0.010934045,0.41701418,0.42016807,0.212,0.11070681,2.1439998,3.745272,-37.544693,0.699999988,8,0,0,1
21,./voice\tgtgtg\condition2\c13.wav,0 days,0 days 00:00:12,29.553024,0.33438838,21.91359,28.532272,35.63371,13.720119,424.41116,728.8811,166.7292,100.41736,0.2953065,1.2947291,0.07146926,0.10216703,0.49694443,0.42547518,7.1342664,4.8009834,5.060798,4.560171,0.1996046,1.8633825,20.719988,0.47453335,5.4948044,2.1616137,-2.7175272,-3.808968,-6.390207,-1.4838187,0.10528147,1.298654,2.013612,0.5248066,-0.18343239,-22.696945,0.95816076,13.595541,23.190218,0.5694581,538.44415,0.42917895,1299.9609,0.15765186,-145.67252,-0.60455894,1505.1582,0.1815277,1063.9335,0.28435677,-142.91371,-0.6002634,2609.885,0.10737885,923.33295,0.43849978,-145.50607,-0.5590411,-12.61446,-0.8769962,26.511673,0.37913373,0.080807604,0.4681402,-0.018300783,-0.81347424,0.5719862,0.8383962,26.663294,0.5219221,4.8848166,3.6924574,-1.6937402,-9.442868,-7.461129,-1.9523826,-9.973122,19.452444,0.03304217,-0.012929287,0.03840374,1.000834,1.6778524,0.172,0.19536121,0.42263156,1.0447453,-32.561886,0.300000012,8,0,0,1
21,./voice\tgtgtg\condition3\c07.wav,0 days,0 days 00:00:11,32.323364,0.30956164,23.950855,31.766945,37.75837,13.807514,362.8017,295.95514,196.40765,123.38375,0.63268137,1.1895736,0.08648324,0.3142347,1.0379273,0.95144403,16.333918,11.00003,12.800805,10.456524,0.5011006,1.6506745,13.100166,0.99297625,3.03607,3.9761505,-2.7683485,-5.639061,-11.201642,-1.1336033,0.12261472,1.1272309,2.1558704,0.5492024,-0.7855711,-5.30111,-1.4209974,-8.674246,12.601616,0.99965596,630.9445,0.42466286,1167.7966,0.2110598,-132.24126,-0.7020979,1682.0607,0.19796798,862.8271,0.47114745,-125.01708,-0.7185292,2724.066,0.1263682,835.14636,0.4867372,-126.31517,-0.6969301,-8.962852,-1.0283277,19.404493,0.5577648,0.07753578,0.48930728,-0.018772919,-1.0117068,1.0193561,0.94146377,16.872213,0.81526065,1.0211087,15.684624,-4.834931,-4.540486,-13.105812,-1.2365712,-5.758019,13.1702585,0.038139146,-0.01245866,0.16006252,2.5477707,2.933089,0.123749994,0.10267515,0.27130434,0.64564294,-26.667366,-0.400000006,10,1,1,0
21,./voice\tgtgtg\condition2\c12_00.wav,0 days,0 days 00:00:11,27.095951,0.31531173,19.814459,26.142776,32.76954,12.95508,260.64822,270.66278,288.62155,508.86295,0.2654611,1.7562933,0.06876333,0.07577682,0.27454764,0.2057843,13.123814,10.888003,10.664101,8.5562725,0.23392661,2.6937687,21.613277,0.32468808,5.7579308,1.1342784,-2.0317993,-3.9939098,-11.098823,-0.9639857,0.12640412,1.222352,2.1988628,0.56520313,-1.6362497,-2.3170578,1.770675,10.098711,16.91232,0.8975632,588.00476,0.40714523,1246.4596,0.15189421,-164.98224,-0.46280336,1621.9832,0.22354776,910.2965,0.29216683,-161.31871,-0.47244465,2728.2217,0.110336415,708.8853,0.31826076,-162.3459,-0.45613116,-13.059124,-0.6272107,23.652048,0.43580312,0.08095905,0.47583866,-0.027787095,-0.5197836,0.9646853,1.0232753,28.23058,0.41258538,0.8746551,12.817687,3.639377,3.7979887,-22.660793,-0.73188794,-11.78797,21.321217,0.029733662,-0.015220302,0.045915633,1.0919018,1.098901,0.17833334,0.1840667,0.9433333,2.0096157,-30.67236,-0.300000012,8,0,0,1
21,./voice\tgtgtg\condition4\c02.wav,0 days,0 days 00:00:13,34.507896,0.37555757,22.939133,31.827896,47.271282,24.33215,563.78217,750.13336,192.62497,137.10814,0.4658158,1.2483742,0.07739776,0.17095108,0.80818605,0.7307883,14.50583,10.102178,10.8669815,8.707892,0.31603688,1.9223089,14.571904,0.8794992,2.941326,4.0788007,-0.3128754,-43.143982,-8.231215,-1.2741245,0.12148098,1.0384012,2.0015209,0.45521048,-1.4086363,-2.8121085,0.8932732,22.38577,9.977923,2.0547447,603.90704,0.54518545,1110.0321,0.38102075,-153.02646,-0.5458659,1642.5905,0.2291621,822.4667,0.4192104,-140.02586,-0.62539107,2736.8052,0.11798999,751.39056,0.48423553,-140.59161,-0.6041085,-5.83648,-1.9915178,17.48176,0.67109364,0.0736487,0.49690524,-0.011597938,-1.6847671,0.7784351,1.1107225,14.013063,1.1459438,-1.0285873,-16.70572,0.09610724,213.15436,-14.399134,-0.9673016,-7.755411,17.184391,0.038365155,-0.010078263,0.10444389,1.8475751,2.4748647,0.116875,0.10542881,0.283,0.7030559,-30.225779,0.899999976,10,1,1,1
21,./voice\tgtgtg\condition4\c14_01.wav,0 days,0 days 00:00:11,32.362312,0.37174302,22.083393,30.473003,39.53232,17.448925,226.40108,243.1419,192.65889,140.72055,0.508573,1.299536,0.083915174,0.13470747,0.92643833,0.84252316,17.167242,10.448333,11.624724,8.021187,0.47461715,1.8017895,20.438663,0.51503986,0.86346143,14.517478,-6.841079,-1.6287003,-13.437134,-0.94609016,0.10030446,1.2080157,2.3479517,0.55659944,-0.59204507,-8.809991,-4.486764,-3.7904565,12.296881,1.3780457,596.93024,0.5035003,1291.6597,0.2143983,-137.3401,-0.68798953,1561.6162,0.21603215,988.9859,0.29832706,-126.79966,-0.7435657,2673.6267,0.11894858,879.461,0.43344066,-130.06506,-0.6861642,-9.907788,-1.0026288,24.313128,0.47136652,0.09007843,0.36862287,-0.025068229,-0.7707649,1.1658914,0.9043576,24.04568,0.5631051,-5.5562115,-2.972761,-11.253528,-1.3658932,-22.073107,-0.6652384,-9.7366705,19.377918,0.03790334,-0.013420661,0.06413592,2.1838036,1.8281536,0.19549999,0.18725581,0.43866664,0.89231426,-26.601475,0.200000003,8,1,1,1
21,./voice\tgtgtg\condition2\c12_01.wav,0 days,0 days 00:00:11,29.395588,0.17083707,25.88897,26.966604,36.262672,10.373703,1436.4684,0,-64.71387,64.837555,0.090383604,1.1035725,0.06097296,0.06525128,0.07618054,0.015207581,6.5617194,3.7816105,1.9637301,7.51E-05,0.02098909,3.4610336,17.625023,0.3881542,11.3894415,0.5480544,-4.3493066,-1.3108605,-5.3612947,-1.0617558,0.07974826,0.90517616,1.5916537,0.72121143,2.0130537,0.93910414,12.583343,0.38270208,23.611675,0.39813766,605.2046,0.39028478,1275.7046,0.12037725,-197.39777,-0.12583078,1750.4543,0.19964801,819.45905,0.28466952,-196.89246,-0.12983674,2794.8408,0.13175324,637.9399,0.30926743,-196.87418,-0.13039233,-13.036014,-0.4969665,19.4545,0.4383681,0.044940762,0.40867352,-0.01782828,-0.9120671,0.26662764,0.6187265,15.767286,0.4322247,20.680378,0.79672074,7.4641657,1.7697365,-4.918418,-2.5440176,-12.121944,21.69314,0.021237303,-0.014771505,0.012298997,0.18198362,0.09157509,0.26,0,5.315,5.165,-47.83693,-0.300000012,8,0,0,1
21,./voice\tgtgtg\condition4\c01.wav,0 days,0 days 00:00:12,29.798496,0.3301232,21.555698,29.302567,35.55768,14.00198,285.7721,217.70842,241.06985,179.75093,0.33400965,1.3230385,0.054304894,0.12899573,0.5804205,0.5261156,10.408559,7.976614,8.9068,10.557209,0.21453612,2.0216715,15.830866,0.613384,3.9939559,2.6493137,-0.89803845,-12.018002,-10.834685,-1.207258,0.12445188,1.2286228,2.2531927,0.5128108,-1.8762202,-1.974596,-0.14533092,-98.965385,12.991137,1.2345139,680.0626,0.41128573,1150.7576,0.26553226,-148.1975,-0.57951885,1701.2996,0.22038406,870.57556,0.38128656,-143.78813,-0.5939631,2811.4292,0.11906428,691.3975,0.44104767,-145.00081,-0.57465965,-7.8299174,-1.3815551,18.721434,0.59304786,0.07195397,0.50910825,-0.013147526,-1.3761011,0.57605296,1.0205609,16.60281,0.87807405,1.8019698,8.694414,0.5207229,31.55814,-17.80762,-1.03041,-9.183206,18.94994,0.033090528,-0.011200162,0.061233837,1.4178482,2.0955575,0.1288,0.10841844,0.3383333,0.52065396,-33.18824,-0.100000001,10,1,1,1
21,./voice\tgtgtg\condition4\c19.wav,0 days,0 days 00:00:13,43.077507,0.3415634,27.04367,45.58992,59.60904,32.56537,577.05865,776.77856,166.3822,201.54587,0.22493093,2.1280634,0.079101965,0.09329793,0.11840218,0.03930022,13.388076,16.408007,6.783518,7.0477424,0.13074835,3.885682,19.363405,0.4331577,3.465647,2.2456176,-4.444364,-1.690252,-10.34282,-0.7990064,0.07801119,0.9926726,2.0774114,0.3755955,-1.4651064,-2.689007,-1.4361871,-9.784421,9.6069565,1.9741856,722.2051,0.4435231,1006.728,0.2740422,-188.5358,-0.25312516,1804.2067,0.22130571,913.45245,0.27312896,-182.05751,-0.31109133,2903.0327,0.12967162,743.24634,0.6135324,-180.82695,-0.3150709,0.06383127,185.98537,14.098638,1.0784081,0.076261684,0.48669413,-0.001772338,-11.414899,1.013813,1.2271695,7.4251113,2.482434,-9.091745,-1.4870093,-11.925235,-1.4017272,-22.879757,-0.5628084,-10.583581,20.502071,0.03393319,-0.012312486,0.030041385,0.46189377,0.61919504,0.15375,0.08901369,1.2755555,1.711225,-33.711773,-0.699999988,10,1,1,1
21,./voice\tgtgtg\condition1\c10_01.wav,0 days,0 days 00:00:11,34.522583,0.29842693,24.789055,34.762802,39.591537,14.802483,244.80162,191.11319,221.35669,133.09268,0.39936146,1.5345442,0.09038097,0.10441929,0.6318228,0.54144186,10.598766,7.466827,10.242066,6.9837933,0.3197522,2.0770903,18.856495,0.45637423,3.3680317,2.934375,-2.1408858,-5.2671103,-13.304133,-0.7396459,0.12884471,1.2497785,2.0324683,0.510411,-0.6180921,-7.9193583,-1.552821,-16.39334,9.808908,2.6024473,575.78174,0.43879965,1167.6259,0.21227235,-163.15309,-0.47196233,1612.2087,0.21381475,939.72614,0.36186728,-152.75835,-0.5304119,2723.0513,0.10770517,667.70776,0.3920274,-153.93568,-0.5101533,-8.086927,-1.5160096,21.309013,0.5772641,0.08870119,0.4312852,-0.010999148,-1.7336382,1.0858439,0.8285638,19.20845,0.75444084,-2.1825101,-6.5232654,-0.941627,-19.903536,-20.320719,-0.6604723,-10.095857,18.93696,0.03996462,-0.013850985,0.062231537,1.0009099,1.2820513,0.18571427,0.19507194,0.57,0.8412236,-28.914234,-0.699999988,8,1,0,0
21,./voice\tgtgtg\condition3\c05_01.wav,0 days,0 days 00:00:12,41.230606,0.29797855,28.355656,47.492443,50.642857,22.2872,521.2341,823.29565,276.6238,122.15222,0.39490464,1.5651889,0.070623025,0.08436976,0.60461956,0.5339965,11.792507,10.12242,10.652454,6.7576814,0.30782437,2.2327101,16.04417,0.5573932,3.5007055,2.5751135,-1.5817811,-6.78297,-9.813056,-0.92321634,0.098103,1.454667,2.0184546,0.4168145,1.2376366,4.2904115,-1.5634105,-8.955595,1.2320992,14.549571,603.1843,0.50349665,1002.67224,0.31545714,-180.02205,-0.32365122,1699.7097,0.20140792,681.5366,0.57784647,-166.70044,-0.40917712,2699.7417,0.12964784,706.3007,0.38051653,-165.54343,-0.41894472,-8.207602,-1.0824898,17.165361,0.5686039,0.10233835,0.47173032,-0.023565996,-0.8707244,1.2553719,0.81319714,10.613243,1.2530684,-1.6111933,-7.3955073,4.2327476,4.7072515,-18.327074,-0.6276712,-9.670026,18.87783,0.036233097,-0.012347793,0.080314405,1.5012511,1.3400335,0.13562499,0.22535995,0.62799996,1.0274707,-29.478643,-0.300000012,10,1,1,0
21,./voice\tgtgtg\condition4\c08_00.wav,0 days,0 days 00:00:11,37.76263,0.35636652,23.87587,37.01004,51.31312,27.437252,403.14917,572.66156,245.43216,155.29733,0.63085407,1.2433813,0.09173691,0.16714036,1.2275689,1.135832,17.454697,12.877992,14.2982645,8.164401,0.43638572,1.5764441,13.84901,0.96864486,-0.24603805,-51.857464,-6.1350327,-2.4183743,-8.031211,-1.283987,0.1329235,1.1307747,2.1077068,0.46068913,-2.45892,-1.5473522,-4.910659,-4.838454,5.739894,4.096716,758.2906,0.4548792,1047.1405,0.26065445,-145.93074,-0.60289115,1797.247,0.22238412,914.91644,0.3279291,-133.80157,-0.6798043,2825.4934,0.12608075,873.45996,0.42876476,-134.59605,-0.6573878,-1.5390086,-6.548177,15.219747,0.8084308,0.07672357,0.4325878,-0.007648855,-2.8911493,1.0152453,0.79935426,8.188776,2.0557058,-7.7804294,-2.2369058,-12.222022,-1.7644016,-8.374406,-1.817725,-8.793465,18.006073,0.044045124,-0.012971966,0.13061503,2.2747953,2.3831348,0.13192306,0.14008293,0.24642856,0.5562515,-28.631594,-0.300000012,10,1,1,1
21,./voice\tgtgtg\condition3\c16.wav,0 days,0 days 00:00:13,29.773136,0.32368714,23.336527,27.069021,34.26351,10.926985,279.18527,260.32452,229.15993,233.5006,0.5873524,1.1279022,0.099151716,0.2884166,1.0365357,0.937384,13.694639,8.304135,12.242982,8.468397,0.53974205,1.5545813,17.286997,0.82226735,3.5569592,3.143575,-3.295338,-4.273859,-18.525032,-0.782965,0.09881734,1.178574,2.0809858,0.62886226,-1.5289061,-2.5626457,-1.4412274,-12.371464,12.484937,1.4278153,607.9741,0.42256972,1246.2052,0.20374455,-115.47516,-0.8612621,1623.3226,0.20562634,917.6735,0.33997387,-112.5948,-0.8391391,2706.4272,0.11364701,801.48486,0.46002623,-113.41207,-0.8127839,-11.118383,-0.8581332,20.018393,0.6434601,0.07680052,0.39716864,-0.031066803,-0.58971053,1.074629,0.9015529,23.088604,0.69907045,0.18039218,73.24534,-4.42623,-4.334429,-25.774546,-0.6183895,-6.757821,13.466606,0.041483544,-0.013624477,0.10306914,2.3094687,2.7089784,0.15657142,0.1820195,0.22299999,0.5438453,-26.429682,0.300000012,8,1,1,0
21,./voice\tgtgtg\condition1\c14.wav,0 days,0 days 00:00:12,32.34215,0.3428797,21.637224,33.211716,37.38612,15.748896,260.79117,277.37668,464.38724,605.4564,0.5460204,1.0460479,0.09308347,0.30601904,1.0105009,0.9174174,13.934239,7.590735,10.337611,6.41225,0.4048135,1.554286,16.453394,0.72267914,0.63878036,17.994629,-5.9903383,-2.4178584,-9.585014,-1.296507,0.12978655,1.214545,1.9506681,0.46834505,-2.2558246,-1.5145367,-3.1147943,-6.606459,11.463506,1.9077619,571.94196,0.44167483,1238.9435,0.20865582,-138.78091,-0.66428703,1566.1819,0.18298501,1036.0793,0.33324262,-127.363556,-0.7281963,2638.2087,0.10697192,937.4245,0.4611461,-130.51515,-0.67885643,-7.236816,-1.3443612,21.138557,0.55417323,0.08892369,0.4235505,-0.01586383,-1.0753703,0.8122804,0.9026042,18.0333,0.7477558,-1.5375636,-9.28665,-12.472704,-1.4872799,-12.973109,-1.3228009,-7.1535077,16.107197,0.04567695,-0.010437042,0.17631054,2.5020852,2.4308467,0.14068966,0.12528399,0.26703703,0.5351622,-29.913933,-0.300000012,10,1,0,0
21,./voice\tgtgtg\condition3\c10.wav,0 days,0 days 00:00:12,33.844406,0.30886194,25.662184,31.166319,40.95598,15.293795,217.5217,215.19675,493.3718,762.28625,0.5504787,1.2457495,0.08243863,0.20059545,0.949479,0.86704034,13.622836,8.057217,9.860658,6.984986,0.3920116,1.6218215,15.941143,0.8757281,1.832443,7.042208,-1.8712804,-7.8791103,-7.917286,-1.7123567,0.08362357,1.4594468,1.9492537,0.5501665,0.25193232,21.553448,-1.5576895,-9.520421,10.338629,1.3954871,658.61255,0.43966764,1188.1425,0.22035381,-135.24597,-0.67600596,1678.6471,0.22382765,996.80914,0.37850398,-126.84336,-0.72031915,2711.947,0.11434107,836.3103,0.41499978,-129.09552,-0.68176895,-7.571196,-1.824753,20.771767,0.6104157,0.06201586,0.58206445,-0.01469042,-1.9606673,0.8972905,0.83950305,20.057686,0.8997877,-2.697267,-6.442202,-1.9345186,-10.969047,-10.240358,-1.8025482,-7.172602,15.47349,0.037779942,-0.011247288,0.081249714,1.9182652,2.0100503,0.18166666,0.2303741,0.3190909,0.6714361,-27.466654,-0.400000006,10,1,1,0
21,./voice\tgtgtg\condition2\c00_05.wav,0 days,0 days 00:00:12,31.674671,0.2825027,19.735529,33.566353,38.072037,18.336508,530.917,701.28375,6.624832,220.29568,0.093745865,0.9819572,0.06174753,0.069341905,0.09080911,0.029061578,6.2125373,3.8318908,0.5458045,0.31314725,0.022219481,3.1032202,18.020119,0.23763898,7.097511,1.0894644,-5.4225764,-1.0936571,-7.7478657,-0.92585564,0.17429905,0.7150797,2.834692,0.54611456,-3.7738922,-0.7088424,-3.9227405,-1.8557739,10.154111,0.6928802,659.7223,0.3583193,1233.9257,0.12489293,-193.99605,-0.1859537,1671.0608,0.21892615,987.875,0.21864082,-192.81369,-0.19951002,2738.2942,0.13953216,867.5302,0.25784802,-193.20094,-0.18934147,-10.449354,-0.4375843,22.608389,0.23294882,0.053578906,0.31230462,-0.019932596,-0.46954858,0.2490884,0.99169344,22.53289,0.28812695,-8.046089,-1.2556057,-16.452444,-0.5984909,-25.202578,-0.34608105,-11.081453,20.808645,0.025943581,-0.014129454,0.012961376,0.16680567,0.2512563,0.14333333,0.11440669,3.8166664,4.7054887,-49.904774,0,10,0,0,1
21,./voice\tgtgtg\condition3\c05_00.wav,0 days,0 days 00:00:12,30.925571,0.33136776,23.017353,28.909622,36.275593,13.25824,439.9914,470.74344,220.54433,229.15816,0.4015215,1.4376378,0.07961211,0.1318536,0.604965,0.52535284,11.416106,8.770517,9.4221735,8.244271,0.28660125,2.1999826,17.820349,0.6437134,2.4298022,3.5102105,-3.3132632,-4.337034,-13.235757,-1.120743,0.086261034,1.2968711,2.2100194,0.5502383,-1.4502459,-2.653087,2.0952137,8.36327,15.969815,1.1148398,604.9939,0.41086635,1219.6642,0.20837301,-152.52498,-0.554984,1631.087,0.2087081,893.4203,0.33018273,-148.60822,-0.560929,2725.1306,0.12799856,778.6604,0.47840613,-150.13138,-0.5328687,-9.475354,-0.9767716,20.385542,0.59753096,0.08121441,0.46961454,-0.020213034,-1.0099559,0.8263667,1.1034663,22.192394,0.6923335,-0.12797609,-94.18557,-6.2690864,-3.1608999,-18.186913,-1.0322641,-6.8252244,15.758986,0.037198953,-0.010916878,0.09028535,1.000834,2.3489933,0.10357142,0.14177985,0.34875,0.6111895,-29.935654,0.100000001,10,1,1,0
21,./voice\tgtgtg\condition3\c09_00.wav,0 days,0 days 00:00:11,33.377895,0.34664875,24.376583,30.906187,39.667187,15.290604,400.7584,528.8786,460.6381,931.9279,0.5518293,1.2235352,0.08282538,0.24083884,0.9502022,0.86737686,12.997184,8.941057,13.084001,10.9598675,0.44698912,1.7401203,17.862143,0.8229429,4.332527,2.8494396,0.60126376,22.818115,-9.252718,-1.3716655,0.09010619,1.2787915,2.0104787,0.560869,0.34673136,14.130223,-3.423832,-4.3182917,12.887752,1.451718,594.48083,0.41513684,1172.2588,0.24160253,-127.41239,-0.7332366,1627.2532,0.18629542,885.66986,0.40627614,-121.16742,-0.7417087,2685.9062,0.115391396,844.401,0.5166137,-121.01376,-0.7300694,-9.357264,-1.3702697,18.993958,0.77035797,0.07213931,0.45310462,-0.02316525,-0.8833161,0.94237596,1.0382595,21.623753,0.8808669,1.5702838,10.443539,2.5665195,7.3870506,-11.482167,-1.5191857,-8.67867,17.034845,0.038451973,-0.011907296,0.084582515,2.456779,2.287283,0.17719999,0.14801405,0.28095236,0.6483525,-26.752659,0.300000012,10,1,1,0
21,./voice\tgtgtg\condition2\c00_02.wav,0 days,0 days 00:00:12,27.081472,0.35859498,20.920252,24.598688,29.879921,8.959669,382.7983,702.6796,183.35182,88.539536,0.14787169,1.9018952,0.048558317,0.05307454,0.08947424,0.04091592,8.575267,7.322997,5.0184793,4.8142767,0.110380225,3.2657835,17.20018,0.4075067,7.9975934,0.8482716,-2.1668706,-2.8544633,-5.491495,-1.4359945,0.13019556,1.0301024,2.7338243,0.5635246,-0.6553302,-6.713405,7.683354,1.4222425,25.449558,0.41433463,596.6595,0.36327705,1335.3834,0.17482638,-178.52841,-0.3558243,1573.6807,0.19618012,1034.7393,0.19916762,-177.42137,-0.35552448,2683.845,0.10860447,883.30176,0.38284552,-178.05125,-0.340528,-16.90954,-0.4068669,28.583532,0.28905877,0.082010545,0.49261907,-0.024943318,-0.577612,0.8186923,0.8447731,31.339098,0.30007586,3.3065374,3.4025393,-2.4917872,-5.3891625,-11.2456,-1.5576906,-11.415507,22.025194,0.016250841,-0.011728667,0.011565506,0.58381987,0.5025126,0.235,0.19276497,1.7316667,2.9683406,-35.597168,0.699999988,10,0,0,1
21,./voice\tgtgtg\condition1\c16.wav,0 days,0 days 00:00:11,33.74051,0.3210172,23.88205,32.502007,40.176987,16.294937,252.38316,410.23886,392.18134,636.884,0.45855302,1.4823953,0.086412326,0.1170201,0.7596797,0.67326736,16.59397,12.809745,10.557416,7.960646,0.33471802,2.125845,18.584322,0.5390402,2.1938684,4.843512,-1.4743946,-6.105833,-11.321888,-1.0642657,0.0834697,1.0951601,2.0723984,0.5845009,-0.53232914,-8.257688,-6.9755726,-2.8272617,8.586298,2.3428185,602.5551,0.47770023,1180.3202,0.2541545,-152.50766,-0.54243267,1596.182,0.22288036,961.02014,0.36595893,-143.31427,-0.60123396,2705.5173,0.1119117,716.6146,0.5479924,-144.49817,-0.57711303,-7.2843366,-1.4919244,19.207573,0.56480855,0.070642866,0.4714171,-0.014411692,-1.4055971,0.95455384,1.087196,18.857523,0.78917027,-3.8531673,-3.9257877,-1.1315804,-11.977842,-18.519182,-0.9234276,-10.1521845,19.20328,0.040242918,-0.013505114,0.073081486,1.3648772,1.9213176,0.14619046,0.11610652,0.38947368,0.85683304,-28.890343,0.200000003,10,1,0,0
21,./voice\tgtgtg\condition3\c15.wav,0 days,0 days 00:00:12,33.13056,0.29473302,27.185694,31.024466,39.540344,12.3546505,368.42383,408.49765,169.15361,105.9599,0.5721743,1.3375456,0.08585432,0.15556628,1.0587504,0.9728961,12.536719,7.239528,12.1304865,8.65018,0.4220759,1.7435983,16.670137,0.74102324,2.682001,4.3032107,-5.739889,-2.765509,-15.103427,-0.7781877,0.09170808,1.3181467,2.0298407,0.54453135,-1.3492054,-3.462237,-6.0114465,-1.8916487,7.601436,1.5891345,589.66016,0.49487334,1162.0896,0.23366646,-142.42131,-0.64187217,1625.4086,0.22390553,952.9889,0.41460845,-130.76802,-0.71170187,2685.8281,0.12876537,809.95526,0.42905995,-132.67911,-0.67721045,-8.507376,-1.1747092,19.916536,0.56033885,0.07583914,0.4354289,-0.022427691,-0.95330507,1.0682434,0.8384224,18.381893,0.8710905,-4.121106,-3.509607,-11.170302,-2.1123264,-22.678188,-0.6210452,-8.711575,16.652746,0.03954331,-0.01478452,0.0726898,1.4178482,1.3400335,0.25312498,0.337152,0.5,0.97627866,-26.972244,-0.600000024,10,1,1,0
21,./voice\tgtgtg\condition2\c00_07.wav,0 days,0 days 00:00:12,0,0,0,0,0,0,0,0,0,0,0.060209364,0.07869153,0.05627141,0.059855312,0.0640949,0.00782349,0.17509466,0.080800675,0.15263051,0.08283362,0.008103136,0.2638509,18.7447,0.10390567,9.817844,0.27840105,-3.4813828,-1.0091395,-6.0656075,-0.61711824,0,0,0,0,0,0,0,0,0,0,0,0,0,0,-201,0,0,0,0,0,-201,0,0,0,0,0,-201,0,0,0,0,0,0,0,0,0,0,0,0,0,0,0,0,0,0,0,-12.598882,23.078648,0.021537375,-0.015314437,0.008116647,8.0900755,0,0,0,11.929999,0,-67.51341,-0.200000003,10,0,0,1
21,./voice\tgtgtg\condition1\c05.wav,0 days,0 days 00:00:12,28.467716,0.31661618,19.746605,29.347286,35.335976,15.589371,533.4469,711.7578,146.41031,91.474396,0.23252743,1.1561844,0.09118901,0.12012728,0.3084112,0.2172222,3.4260178,2.4759548,3.8639326,3.5942729,0.11103601,2.0566902,19.886433,0.3801315,2.1478615,4.300472,-1.4855675,-6.6768208,-9.32949,-0.7443902,0.13408375,1.2532961,1.9325464,0.53633666,-1.4846042,-2.5473137,0.6362173,29.35878,13.950049,1.276398,611.5817,0.43627277,1276.0114,0.18877134,-158.76208,-0.50121737,1644.7893,0.20679665,1023.2865,0.3075149,-154.09059,-0.5162162,2694.1523,0.11555107,842.22266,0.29774073,-155.22299,-0.49979,-9.606886,-0.8402101,21.401709,0.44952583,0.061111625,0.42983764,-0.012256052,-1.0536956,0.35260335,1.018861,23.529636,0.31642818,-0.6918463,-19.82982,2.2727923,6.3450055,-8.227625,-1.1320757,-8.842739,18.165403,0.039410602,-0.013409737,0.033596564,0.75062555,1.2573345,0.17933331,0.19240464,0.48666668,0.6587361,-37.75484,0.400000006,10,1,0,0
21,./voice\tgtgtg\condition1\c00.wav,0 days,0 days 00:00:11,30.46483,0.3301943,22.671173,24.359795,39.809685,17.138512,169.12361,132.36385,242.57059,173.58461,0.1858723,1.7140566,0.05150475,0.05680983,0.17531292,0.123808175,7.722805,4.937199,8.508045,6.1851306,0.0960598,2.8590603,12.670128,0.55401975,9.162389,1.019556,-2.7537718,-3.2102115,-6.8797336,-1.0748245,0.094242394,0.83820087,2.403161,0.43533158,-2.1970754,-1.0611094,-7.7008996,-1.2319515,9.004668,1.495896,649.55383,0.47006196,1050.8694,0.26212946,-182.18948,-0.32041204,1721.9021,0.22439797,799.7432,0.31972978,-180.50475,-0.32728237,2763.9688,0.12997438,661.64795,0.46440917,-180.77777,-0.32182434,-8.272567,-1.1943872,17.115398,0.6480036,0.08325291,0.4804033,-0.014199266,-1.6135627,0.6517581,0.8061203,12.317058,1.0031108,-2.765042,-6.761146,-6.599457,-2.86332,-18.672424,-0.59369665,-10.259847,19.499853,0.022734016,-0.011449036,0.034435283,0.81892633,0.9140768,0.099999994,0.070710674,0.97199994,1.4399638,-38.025898,0.300000012,10,1,0,0
21,./voice\tgtgtg\condition1\c09.wav,0 days,0 days 00:00:13,37.202198,0.2976549,26.786362,35.66954,47.783096,20.996735,292.42743,256.65918,206.59465,279.10867,0.6453696,1.3422441,0.08420298,0.20511687,1.1777787,1.0935757,17.45575,11.62942,9.995192,10.506859,0.4772964,1.8001627,13.145139,0.9493133,-0.30089557,-39.032856,-4.7305512,-2.560268,-14.376965,-0.8742547,0.10997437,1.007345,2.0328836,0.5014215,-2.5951889,-1.2769481,-2.3277109,-4.5923533,7.3040686,1.9712465,746.7613,0.44041428,1018.0985,0.33325428,-149.1739,-0.58348924,1820.9946,0.23042789,793.083,0.46942723,-136.2339,-0.6682676,2871.2017,0.12078088,789.2629,0.42888427,-136.8889,-0.6534949,-4.031338,-2.51754,14.158575,0.8741706,0.08357664,0.39906308,-0.014496825,-1.1720544,1.2703613,0.8598552,8.857447,1.7225703,-6.789046,-2.3528953,-10.490678,-1.6611737,-22.311745,-0.76453626,-8.0458355,16.719904,0.042848196,-0.012274415,0.09257409,1.4626637,1.7014695,0.1809091,0.19298868,0.40476188,0.9084975,-27.928553,-0.400000006,8,1,0,0
21,./voice\tgtgtg\condition1\c15_01.wav,0 days,0 days 00:00:12,35.778584,0.37967965,22.28601,33.673805,51.46909,29.183079,260.40598,131.90192,366.92255,224.64757,0.3913417,1.1974199,0.08737923,0.12308338,0.75085104,0.6634718,12.186859,7.253294,8.322146,4.3408747,0.24214949,1.8570759,16.520458,0.95759463,3.0542243,3.4324296,-3.4402235,-3.1620488,-11.564389,-0.92586553,0.123027965,1.4267925,1.9216558,0.4699021,-0.8218364,-5.6566453,0.712605,19.442518,15.485083,0.98965096,591.1173,0.3761867,1130.7915,0.3002211,-160.3958,-0.4838973,1625.8223,0.20531377,939.4862,0.36700103,-151.30383,-0.53080994,2709.122,0.11223484,785.3716,0.3750397,-150.81023,-0.5219627,-3.962255,-3.411245,16.910046,0.97988063,0.07250783,0.4024612,-0.013817885,-1.0876923,0.6390415,0.9178369,15.898449,1.3294538,0.65590596,22.793823,-1.8017758,-10.295012,-16.098793,-0.9925808,-7.6090775,17.40407,0.041132588,-0.011767834,0.09715624,1.9182652,2.3450587,0.105,0.09678769,0.33400002,0.7062634,-31.823576,-0.200000003,10,1,0,0
21,./voice\tgtgtg\condition1\c13.wav,0 days,0 days 00:00:11,31.135958,0.32400832,21.366533,30.161036,39.449604,18.08307,563.65607,585.8613,148.83647,110.84928,0.38054267,1.5487947,0.08198093,0.094593085,0.5831598,0.50117886,12.498961,7.4376006,10.112944,6.6273527,0.2669599,2.0504792,18.611732,0.5244745,3.8909397,2.6815608,-2.5117102,-4.156372,-10.64058,-0.92171353,0.12667316,1.2509499,2.172202,0.475635,-1.1222674,-3.1301508,-5.818882,-2.9133086,6.794954,2.7734215,601.00385,0.4897131,1104.2509,0.20921049,-165.38187,-0.46212262,1671.3109,0.22839673,811.5019,0.46316284,-160.52986,-0.48227152,2727.0754,0.117602356,690.39014,0.47823277,-160.77768,-0.47614557,-8.007226,-1.2941093,17.652523,0.6223589,0.08341965,0.4439252,-0.017234482,-1.272351,1.0343002,0.6990432,15.996179,0.9912645,0.94238156,19.613344,0.75789434,24.826061,-17.85428,-0.8570617,-9.857781,19.426079,0.033740435,-0.01381179,0.06483875,1.3648772,1.2820513,0.14999999,0.14432107,0.7736364,1.4931861,-30.404655,0.100000001,8,1,0,0
21,./voice\tgtgtg\condition3\c03.wav,0 days,0 days 00:00:13,33.454113,0.3764612,22.267473,29.861992,46.587948,24.320475,345.187,278.99338,267.62415,193.62529,0.5639453,1.1727736,0.083362035,0.23131527,1.0255424,0.94218034,14.821468,7.992262,11.134207,7.871964,0.51960623,1.7872368,15.272054,0.85785437,2.1769695,5.5498123,-4.034016,-3.5231874,-14.220218,-0.9253389,0.12590213,1.1277633,2.5214746,0.48001853,-1.4948641,-2.957447,0.46310472,44.572414,12.661053,1.4455981,641.04474,0.44890666,1202.3881,0.26405102,-140.68874,-0.65130144,1665.4592,0.21903476,977.5253,0.39860532,-134.82855,-0.6645126,2694.464,0.12767097,764.52814,0.45179912,-135.319,-0.6449552,-8.997713,-1.1509535,19.975721,0.5066479,0.087711066,0.38906488,-0.019315762,-1.270284,1.1889967,0.9480017,19.244118,0.7493825,-2.6995404,-5.864224,-9.15151,-2.1429443,-19.712517,-0.84038955,-7.308852,15.135077,0.044471562,-0.013064723,0.13561444,2.3864512,2.332815,0.13533333,0.14696333,0.32279998,0.57049114,-26.680347,-0.200000003,10,1,1,0
21,./voice\tgtgtg\condition2\c00_08.wav,0 days,0 days 00:00:12,25.02313,0.005719306,24.873953,25.026222,25.170183,0.29623032,0,0,-0.064222336,0,0.059208672,0.22221123,0.05344876,0.05634263,0.060886946,0.007438187,0.33492082,0.25945792,0.20066781,0.24108844,0.00829387,0.9369517,17.172232,0.18136343,10.898604,0.35783622,-3.061425,-1.3220305,-4.4980836,-0.9011468,0.042406667,0,1.0738792,0,-0.1637358,-6.773173,-0.52885497,-2.6159253,27.931767,0.12098397,585.2204,0.31789964,1315.4694,0.2054934,-200.28474,-0.048476763,1529.7592,0.119960904,1194.1511,0.12705223,-200.32431,-0.045417767,2501.5085,0.15553333,956.18854,0.1885714,-200.35797,-0.043215252,-11.470148,-0.13609076,28.504284,0.23496418,0.058451094,0.38052624,0.001017904,12.580665,0.07505501,0.6725317,31.59501,0.32854617,1.675014,3.210166,-10.94605,-0.16667888,5.4191093,1.7647364,-12.320895,22.864355,0.017369114,-0.012932019,0.007959787,0.6672227,0.083752096,0.049999997,0,5.93,5.71,-65.90108,0.100000001,10,0,0,1
21,./voice\tgtgtg\condition2\c07_00.wav,0 days,0 days 00:00:12,29.304396,0.3957269,20.566841,26.010195,35.774406,15.207565,423.4196,582.6399,182.96729,114.73731,0.2779753,1.4001662,0.067472704,0.09199049,0.41024935,0.34277666,9.292595,8.367989,6.6916523,5.0224276,0.22739969,2.5654116,19.105549,0.6296155,5.464881,1.67618,-3.799612,-2.9885356,-9.643368,-1.0630028,0.14241108,1.0600499,2.5999405,0.5797864,-2.6476574,-1.4347788,-4.3227367,-4.6585903,14.767395,1.5245146,652.9456,0.41196975,1264.175,0.2531836,-157.46504,-0.5282445,1667.3219,0.20804796,1090.4946,0.32905248,-154.34155,-0.52797353,2733.4272,0.14155091,892.5928,0.3905144,-154.68651,-0.51377267,-13.517531,-0.98146003,25.387087,0.6149542,0.07663202,0.5067958,-0.02570288,-0.7876079,0.8373132,1.1531198,23.925714,0.8178884,4.659684,3.0862045,-6.760148,-2.8648756,-14.201437,-1.1621242,-9.823894,19.005741,0.033977624,-0.014043368,0.0365708,1.5012511,1.3400335,0.168125,0.1247607,0.554375,1.0852417,-31.140905,-0.699999988,10,0,0,1
21,./voice\tgtgtg\condition2\c10.wav,0 days,0 days 00:00:12,25.4003,0.309567,19.928776,23.52366,30.24161,10.312834,196.31526,153.81631,526.2424,1123.9615,0.28082347,1.5802267,0.067828104,0.07783421,0.39174235,0.32391423,11.645566,10.007347,8.453462,7.71082,0.289767,2.6369731,19.892056,0.43974286,4.4032288,1.720974,-2.4816525,-3.8063066,-10.200357,-0.92955893,0.14307052,0.9693548,2.8563151,0.5711047,-3.4906595,-0.96455544,-1.8787745,-11.496953,17.840895,0.8681324,608.6848,0.39067367,1248.5736,0.20614074,-164.07288,-0.47042927,1634.3932,0.17806436,1045.4668,0.32350415,-161.3685,-0.47226167,2704.9802,0.112950474,887.10626,0.41078636,-162.73457,-0.45174628,-13.637713,-0.68853015,25.531078,0.42723268,0.0936516,0.42082602,-0.025209505,-0.7175371,1.2092329,1.0378863,26.862297,0.4898658,0.6977769,18.891333,-3.4723501,-4.861967,-19.420832,-0.74250185,-10.075813,19.482197,0.031842522,-0.013135965,0.058956295,1.3344454,1.5100671,0.12388889,0.15699041,0.61866665,1.149921,-29.765364,0.100000001,8,0,0,1
21,./voice\tgtgtg\condition3\c14.wav,0 days,0 days 00:00:13,32.688118,0.35562816,23.02771,29.68747,38.867794,15.840084,393.62604,482.88516,220.23985,401.41086,0.33707026,1.358237,0.07120322,0.091670394,0.63427776,0.5630745,12.099983,8.442247,8.554092,6.0980296,0.20877251,2.0111272,18.277584,0.6000417,3.9280317,2.3781817,-2.1544628,-5.0143065,-10.321548,-1.0909424,0.07644464,1.360577,2.000632,0.622865,0.006655852,795.7197,-1.9278715,-8.338257,13.639929,1.354553,557.4743,0.42883554,1161.8096,0.24700907,-161.17592,-0.48082197,1577.9485,0.21635696,892.2966,0.28223154,-154.46642,-0.50842774,2681.5076,0.107993245,749.5883,0.37805176,-154.56805,-0.4988378,-10.186394,-1.136808,20.76912,0.5822144,0.071761645,0.48838392,-0.021540418,-0.77818465,0.6481892,0.88701475,19.90645,0.8685385,2.0149934,7.0486994,1.7806362,9.601401,-16.180553,-1.0787269,-9.712391,19.29007,0.034618665,-0.011996962,0.06372147,1.5396459,1.7027863,0.13636364,0.13894229,0.4281818,0.9920715,-31.776993,-0.300000012,10,1,1,0
21,./voice\tgtgtg\condition2\c07_01.wav,0 days,0 days 00:00:12,0,0,0,0,0,0,0,0,0,0,0.06842128,0.0893234,0.06361106,0.067523085,0.07264136,0.009030297,0.19727248,0.10719693,0.17010802,0.09568459,0.010153811,0.23181377,19.928965,0.09571054,8.558478,0.3313078,-4.141674,-0.8870572,-7.280444,-0.5209265,0,0,0,0,0,0,0,0,0,0,0,0,0,0,-201,0,0,0,0,0,-201,0,0,0,0,0,-201,0,0,0,0,0,0,0,0,0,0,0,0,0,0,0,0,0,0,0,-12.057573,22.365349,0.026182698,-0.01447741,0.01016046,6.672227,0,0,0,11.92,0,-65.99745,0.300000012,10,0,0,1
21,./voice\tgtgtg\condition4\c10.wav,0 days,0 days 00:00:11,32.047943,0.3121951,22.22979,31.213789,39.600475,17.370686,411.7304,410.28256,190.83395,117.44729,0.46411586,1.1287298,0.09125502,0.1926977,0.7841926,0.6929376,13.780507,8.539511,10.205186,7.7424026,0.384394,1.7456163,19.36771,0.61037195,2.1291468,5.1295567,-2.4022086,-5.6817093,-13.675048,-0.78739995,0.107178055,1.2917931,1.9833885,0.52884847,-0.5419149,-8.044739,-9.261042,-2.552784,10.90586,2.295758,629.5144,0.4044794,1185.5146,0.22054486,-138.10098,-0.66054004,1670.0287,0.20279348,951.63293,0.31786323,-129.68015,-0.6945429,2784.9944,0.11338908,840.46606,0.563968,-132.48882,-0.650281,-9.693631,-1.1876976,23.388565,0.53365356,0.07695474,0.5417457,-0.012012885,-1.7859722,0.8438275,0.9586918,22.13828,0.69226503,0.5713221,27.088911,-2.6239529,-7.246847,-17.523577,-0.76879376,-8.583495,17.81658,0.042961646,-0.012261743,0.1156785,2.0928116,1.736746,0.20368421,0.16613914,0.3468421,0.6906218,-29.30858,0.5,10,1,1,1
21,./voice\tgtgtg\condition1\c12.wav,0 days,0 days 00:00:11,32.22158,0.25792167,24.364517,33.798016,39.11007,14.745552,580.05457,734.4457,137.3885,75.4953,0.30569705,1.8698815,0.08570005,0.09494791,0.31490737,0.22920732,12.575315,8.727144,16.80404,11.510318,0.22268109,2.8132145,19.849401,0.32889587,3.3030827,2.9328835,-4.1655693,-2.3375149,-10.139625,-0.9223174,0.12202966,0.90412086,2.210815,0.61808234,-1.7500027,-2.1831706,-5.5140257,-3.2166767,11.904257,1.5266398,673.5558,0.42433465,1176.1111,0.24017836,-173.05988,-0.3989231,1701.8319,0.22815888,919.1101,0.33674234,-166.07985,-0.442699,2781.6062,0.12582801,710.7563,0.341662,-167.49922,-0.42013198,-5.8224115,-1.763093,20.373167,0.47514367,0.07866075,0.48739442,-0.007688545,-2.8658605,1.0394464,1.0462844,16.575535,0.71411604,-4.7060156,-3.6331398,-10.482644,-1.7602617,-17.328482,-0.9383485,-10.731196,20.436783,0.03603017,-0.014850189,0.053348023,1.0919018,1.194853,0.13615385,0.1977387,0.8009091,1.1322259,-30.062717,0.5,8,1,0,0
21,./voice\tgtgtg\condition3\c19.wav,0 days,0 days 00:00:13,35.000675,0.3276518,25.009113,35.10173,44.253853,19.24474,429.4925,783.31586,368.4791,606.5978,0.54525816,1.3074898,0.09680455,0.1501089,0.91516566,0.8183611,13.319659,7.6111245,12.273108,7.984733,0.3570189,1.8138223,14.645911,0.8532705,1.1328555,9.049414,-3.9292364,-3.1505282,-11.755194,-0.9205219,0.10147599,1.1886805,1.8929547,0.49477175,-2.1755052,-1.9367275,-2.3633764,-8.395169,7.0440497,2.8557277,630.9082,0.49633574,1085.9492,0.26461548,-154.4304,-0.5218469,1648.055,0.21875077,892.9289,0.341534,-144.35634,-0.58922976,2720.9023,0.1304713,810.8722,0.4712528,-144.76953,-0.57447296,-4.2626,-2.1926935,15.390673,0.7472362,0.07066934,0.41190642,-0.011428569,-1.6566619,0.91513616,0.9510271,11.942449,1.3033408,-5.0384283,-2.695169,-10.1204815,-1.6121008,-13.86652,-1.0864586,-7.6066628,16.23007,0.043172438,-0.01304243,0.13801697,1.7705928,2.7237356,0.09314285,0.07474802,0.26454544,0.39417028,-29.15133,-0.699999988,10,1,1,0
21,./voice\tgtgtg\condition4\c06.wav,0 days,0 days 00:00:11,33.4241,0.35116506,23.249046,30.339752,47.501045,24.251999,438.49173,619.29047,314.16556,366.94724,0.4909354,1.1227789,0.09289155,0.2399318,0.8216266,0.728735,13.282697,10.726379,10.952001,8.48799,0.37738466,1.6642405,19.146124,0.5455415,0.7342091,12.179698,-2.2269983,-5.1594357,-15.211341,-0.73585206,0.1054791,1.0379177,2.203863,0.5136814,-0.64725244,-7.0450234,0.15541086,120.928406,12.473456,1.618681,599.62445,0.4451901,1207.8103,0.22575219,-139.14801,-0.6387474,1647.6053,0.19852978,896.11896,0.3550326,-127.12051,-0.69237196,2724.6118,0.113885,804.0871,0.44725758,-128.12532,-0.67237693,-9.973941,-0.96845055,21.293528,0.4991544,0.09315188,0.37945884,-0.021599934,-0.80697787,0.7988602,0.945064,20.183784,0.7121183,-0.45957047,-25.59922,-1.2217972,-13.265076,-20.392052,-0.6661317,-8.634041,18.075668,0.046562873,-0.012115012,0.10906189,2.0928116,2.6508229,0.13793103,0.12287867,0.311,0.833792,-29.806278,-0.100000001,10,1,1,1
21,./voice\tgtgtg\condition4\c20.wav,0 days,0 days 00:00:13,32.71273,0.35146254,21.914772,31.924644,39.12503,17.210258,356.945,270.10492,166.42754,104.76434,0.2616303,1.5314935,0.08004023,0.08986474,0.25620607,0.17616583,9.451532,5.4857826,8.124726,5.3855405,0.13174704,2.493169,17.218754,0.59723747,5.1580114,1.6145543,-3.010413,-3.1880343,-8.865434,-0.8695286,0.08864836,1.0847358,1.8819532,0.39231443,-0.63005483,-6.9738398,7.8041596,1.8062677,16.62407,0.7723351,652.16455,0.49786314,1120.6451,0.20971623,-177.8703,-0.35222855,1757.3522,0.23061174,848.8876,0.43940967,-175.53609,-0.35857117,2723.5342,0.1278904,833.6986,0.5470104,-175.76413,-0.3549923,-6.0297794,-1.9178252,17.923744,0.5627226,0.07526781,0.5134356,-0.008455554,-2.4195087,0.6987239,0.8792644,14.374557,1.0896604,-1.6232822,-9.563038,3.2965117,5.6182003,-13.104367,-0.8889253,-9.737449,18.684465,0.037194617,-0.013641927,0.046244524,0.8468053,1.0844307,0.111428574,0.07735421,0.79071426,2.2213395,-35.372757,-0.200000003,10,1,1,1
21,./voice\tgtgtg\condition4\c07.wav,0 days,0 days 00:00:11,32.405407,0.30845627,23.348272,32.66524,38.940216,15.591944,428.1644,646.1733,311.8323,305.34717,0.4416551,1.3148981,0.094744116,0.11984668,0.75656044,0.66181636,13.131829,7.941069,9.289249,6.4949265,0.3084313,1.9438702,19.127167,0.5483648,0.259724,37.79198,-0.6189774,-19.032194,-13.018883,-0.83317053,0.109186,1.0174372,2.058225,0.45291123,-1.5987265,-2.536416,-0.23241246,-95.08057,6.8915615,3.0820684,594.4857,0.48094288,1168.468,0.21131809,-153.05972,-0.5484911,1635.6661,0.22649322,843.25464,0.3214438,-142.29248,-0.6140007,2654.3413,0.11399714,770.2805,0.38906714,-143.0031,-0.6000521,-6.767015,-1.2045014,15.899715,0.643885,0.0885187,0.34040734,-0.019476922,-0.8721498,0.85999304,0.9654975,20.704617,0.63179135,-6.685208,-1.9496019,1.1087822,16.374607,-20.432451,-0.73171854,-9.014927,17.832697,0.038231533,-0.01392071,0.07652008,1.5468608,1.738335,0.16105263,0.13174516,0.43941176,0.8748477,-30.060255,0.300000012,10,1,1,1
21,./voice\tgtgtg\condition1\c21.wav,0 days,0 days 00:00:12,33.330757,0.3197999,23.686821,33.555847,41.531883,17.845062,232.07631,254.92232,227.64468,181.08882,0.54466176,1.3112272,0.08527945,0.15869136,0.947374,0.8620945,14.289501,8.868634,11.37661,8.464182,0.40327182,1.7425488,16.845057,0.6397203,0.8463936,14.301105,0.18642351,78.38748,-10.7401495,-1.1716694,0.11161254,1.3029214,1.9610497,0.56227124,-0.7109563,-5.290311,-0.5109562,-38.6092,9.126649,2.0966222,670.0003,0.44243357,1073.5763,0.27246085,-139.86856,-0.6446357,1717.9104,0.19966751,865.2034,0.3661092,-129.93846,-0.7026315,2797.921,0.11473124,825.0113,0.5465626,-130.95009,-0.68325657,-6.6965036,-1.5717635,16.36405,0.77161455,0.073280886,0.5637883,-0.015006658,-1.2417222,0.968923,0.8830157,16.005219,0.9745016,-4.7308483,-3.4182503,1.2350141,16.857988,-15.905507,-1.0874528,-9.09431,17.826677,0.037694167,-0.012804193,0.08217555,1.6680567,1.8425461,0.18681818,0.16371778,0.3173913,0.559388,-27.563759,0.300000012,10,1,0,0
21,./voice\tgtgtg\condition1\c01.wav,0 days,0 days 00:00:12,38.721252,0.31835225,26.041948,36.584625,52.501373,26.459425,302.09607,206.96826,374.70462,589.3693,0.35770565,1.3691059,0.06477525,0.09103296,0.61608684,0.5513116,8.992276,6.0092516,7.3834195,5.1839232,0.19466804,1.9084145,14.414132,0.7956797,3.0847435,4.284047,-0.77527106,-14.190675,-7.4452095,-1.432492,0.10891451,0.9684644,2.2739959,0.4681669,-1.548317,-2.4292793,-1.6541356,-9.869478,5.5682445,3.0249531,640.41,0.49083802,1026.1727,0.2617362,-160.49966,-0.48364994,1678.3597,0.22347295,807.23083,0.35247007,-143.34401,-0.60140884,2754.684,0.12443177,744.64996,0.39832637,-143.55078,-0.59681916,-3.2011573,-3.6047766,12.807768,0.952545,0.0714158,0.5288343,-0.011942751,-1.569078,0.5297274,0.93998116,9.81177,1.7396401,-3.6947718,-5.1750712,-1.915201,-8.783582,-11.87984,-1.29701,-9.790093,18.574667,0.03359548,-0.013150978,0.056315873,1.5012511,1.7602683,0.15904762,0.11983737,0.407,1.0171189,-33.76135,-0.100000001,10,1,0,0
21,./voice\tgtgtg\condition2\c02.wav,0 days,0 days 00:00:12,29.787653,0.32402816,22.560863,28.369156,35.25914,12.6982765,309.8732,299.4149,231.2274,287.79083,0.41641533,1.1962199,0.069238596,0.19385189,0.6958469,0.6266083,11.325502,8.527841,8.648256,7.0140386,0.3201688,1.8304793,19.61125,0.5879857,2.3768754,4.8028398,-2.3114471,-5.705791,-7.2118635,-1.709652,0.114826985,1.1857247,2.0725293,0.47355187,-0.9352716,-4.469349,-3.1778295,-6.5831347,12.533435,1.7778834,601.84283,0.4014077,1245.4071,0.23339763,-134.88467,-0.6762404,1588.3552,0.19655113,1018.2279,0.35511157,-130.51823,-0.68291986,2658.7573,0.10780908,874.15466,0.3911089,-132.9094,-0.645312,-9.762975,-1.132951,23.17507,0.5300963,0.06975165,0.56183404,-0.018449124,-0.9783432,0.7099381,1.0330162,23.955389,0.6242338,-0.4720761,-33.241802,-2.5633044,-7.1479807,-7.651599,-2.2351453,-9.413178,18.66936,0.03517357,-0.013342525,0.09757022,2.5020852,2.0955575,0.16639999,0.1327518,0.3281818,0.68734425,-30.51037,0.300000012,10,0,0,1
21,./voice\tgtgtg\condition3\c01.wav,0 days,0 days 00:00:12,30.70012,0.3433815,22.55265,28.31443,36.502483,13.949833,624.36255,999.8661,240.24806,140.67825,0.4656347,1.1869453,0.07362234,0.14278316,0.8972757,0.82365334,11.09983,5.7975984,9.167567,5.3637667,0.31201452,1.6188955,15.766439,0.7071426,3.88872,2.6175766,-0.92895126,-17.32575,-12.769577,-1.0469444,0.09962657,1.1748687,2.1309147,0.49659812,-0.3548729,-12.444647,-1.5342996,-10.102107,14.159654,1.2181225,541.0647,0.47868377,1116.9456,0.23740053,-140.25824,-0.6504837,1601.136,0.2079809,830.8647,0.45523822,-134.31914,-0.6637182,2657.8516,0.12769958,771.5623,0.49120682,-135.25539,-0.6480679,-8.3928795,-1.4779705,18.061012,0.6935624,0.07790267,0.52547264,-0.02024192,-1.1840765,0.73402977,0.8013317,17.3224,0.8463759,3.240482,4.5120587,2.2972977,10.9270525,-20.278429,-0.8511364,-7.869766,17.390486,0.037620522,-0.010208384,0.096151926,1.7514596,2.2613065,0.14185186,0.13989513,0.32652172,0.6643179,-30.241251,0.100000001,10,1,1,0
21,./voice\tgtgtg\condition2\c09.wav,0 days,0 days 00:00:11,32.186634,0.31170002,23.99154,29.881931,37.88129,13.88975,352.37167,221.45552,297.04703,375.77103,0.33481088,1.4491403,0.0841766,0.099917956,0.49473506,0.41055846,13.271127,8.095908,10.422498,8.110511,0.25973797,2.3744965,19.177353,0.47628242,1.9698256,4.6969247,-3.589749,-2.955006,-9.795424,-0.85608244,0.11236923,1.1250491,2.1653469,0.54291165,-0.8339406,-4.2435803,0.3345389,35.94702,14.2684145,0.9648518,570.1252,0.4357643,1198.9233,0.21298635,-169.89607,-0.4097833,1618.43,0.21948296,948.14844,0.33248207,-163.50482,-0.44997743,2696.7568,0.110843785,803.5513,0.40449736,-163.61383,-0.44046196,-9.653642,-1.1149482,20.756418,0.5475098,0.07526698,0.44967443,-0.017184533,-0.9826634,0.94300145,0.9768013,20.912865,0.6884961,-1.7648765,-8.644829,-3.7403314,-5.240486,-15.500362,-0.8432368,-9.231909,18.728865,0.038864817,-0.013255493,0.092430726,1.2738854,1.5539306,0.115882345,0.09468578,0.53499997,1.4039274,-30.592077,-0.300000012,8,0,0,1
21,./voice\tgtgtg\condition3\c20.wav,0 days,0 days 00:00:11,32.639706,0.34389928,22.546036,31.808619,39.0839,16.537865,638.2293,912.9067,222.08849,147.81038,0.52687746,1.3915418,0.10049403,0.13509673,0.96595716,0.86546314,20.175947,9.46857,15.9713545,11.665215,0.36647636,1.9481984,15.546804,0.7658015,2.321786,4.933056,-1.0004916,-11.267148,-11.2301,-0.8807355,0.16999224,1.0983608,2.0677807,0.45231298,-2.1757703,-1.731514,0.78242594,23.38984,9.118668,1.7822791,591.22943,0.49975464,1131.6692,0.28771776,-154.17575,-0.5221965,1626.2731,0.21230586,844.36755,0.38427493,-146.49142,-0.5633196,2673.58,0.11974718,767.40204,0.40083224,-145.85797,-0.56154245,-5.827286,-1.8752482,15.326144,0.77267426,0.069870986,0.4592647,-0.014942533,-1.0579222,0.97644424,0.9820692,14.615103,1.0767795,-1.9343417,-7.390951,1.3682019,11.926308,-12.65532,-1.2219816,-8.287814,16.163757,0.045759443,-0.014288879,0.12463276,1.6378527,2.3787742,0.10961538,0.07817539,0.29639998,0.59284997,-28.093014,0.200000003,10,1,1,0
21,./voice\tgtgtg\condition1\c03.wav,0 days,0 days 00:00:12,32.538067,0.3171282,22.639967,34.00635,39.124275,16.484308,230.60097,137.11832,186.36667,84.242485,0.38725248,1.5240734,0.077591844,0.093162835,0.54617375,0.46858191,11.183141,6.7143035,8.710484,5.3508806,0.2715492,2.2655442,18.045118,0.39764097,3.1825602,2.806877,-2.2182276,-4.980025,-15.390102,-0.92065305,0.16012213,1.0442988,2.4600372,0.47293216,-2.948439,-0.97756994,-5.975402,-3.2477329,7.7528753,2.4888866,656.7022,0.44984972,1088.5419,0.25035274,-162.9998,-0.4667366,1720.7463,0.2507268,781.1906,0.44370005,-155.51015,-0.5141867,2805.206,0.12206187,709.1627,0.48663378,-156.07799,-0.5020811,-5.8806367,-1.3201237,15.944264,0.6141881,0.0703309,0.32782647,-0.014072176,-1.1310054,0.8345212,1.0138907,14.739992,0.7701025,-3.959381,-3.239229,-3.9025612,-4.720765,-29.404636,-0.55963486,-10.645914,19.639883,0.03691187,-0.015254039,0.10342433,1.0842369,1.8425461,0.114999995,0.12921968,0.49388888,1.204815,-31.632513,0.800000012,10,1,0,0
21,./voice\tgtgtg\condition1\c06.wav,0 days,0 days 00:00:13,37.109734,0.28500047,30.245987,35.73089,45.34953,15.103542,537.1672,730.3129,298.85837,373.9551,0.5982581,1.2907708,0.093326084,0.13619864,1.1795458,1.0862197,16.559944,9.895462,16.357761,12.515385,0.44363454,1.8792089,15.195355,0.856952,0.13229625,114.375206,-2.523392,-4.9624147,-9.061491,-1.1395041,0.09617806,1.2035384,1.7165254,0.52819395,-1.0870312,-4.096704,-5.1351013,-3.7081907,3.321558,6.065602,694.7985,0.45297143,1083.3152,0.34161288,-152.18768,-0.5405301,1746.8832,0.21905884,909.8581,0.37452725,-139.53969,-0.6229977,2778.1494,0.13668258,854.7913,0.41043973,-139.5934,-0.6146199,-2.1384964,-6.087464,14.797042,0.90517277,0.068723194,0.47426,-0.004688223,-5.0612946,1.070078,1.0086976,10.452021,1.6963438,-6.844278,-3.116225,-1.8858333,-9.8088255,-10.109514,-1.4369966,-8.712208,17.74009,0.042503744,-0.013014726,0.15790361,1.8475751,2.3993807,0.12129032,0.12509975,0.2653125,0.5331099,-27.148485,0.5,10,1,0,0
21,./voice\tgtgtg\condition2\c12_02.wav,0 days,0 days 00:00:11,31.185593,0.30703884,24.456778,27.8487,36.33582,11.879042,485.39783,552.21484,132.20703,116.50786,0.2691114,1.5620419,0.068922356,0.08166862,0.38951004,0.3205877,9.158541,4.583091,7.1965537,6.2530465,0.18065111,2.5421202,19.061901,0.371027,4.757258,2.25409,-4.2875953,-1.9353836,-9.397889,-0.88927406,0.10644943,0.96346784,2.2641697,0.40209508,-0.32212332,-12.277734,1.1397811,13.696968,19.577469,0.8314993,608.9543,0.42908955,1300.4177,0.1938363,-167.79114,-0.43560523,1623.1654,0.22658564,1040.7345,0.27954495,-163.84302,-0.44853312,2661.1064,0.11746707,871.534,0.45273268,-165.1349,-0.42791846,-11.254113,-0.8868081,23.297964,0.39987138,0.07861079,0.44676128,-0.01948355,-0.85997194,0.7484621,1.0488337,23.036037,0.48232895,0.43759638,45.36873,-5.54414,-2.572763,-12.798491,-0.9980668,-10.276721,19.517271,0.03759027,-0.014744865,0.04658357,0.7279345,1.1893871,0.15076923,0.115189575,0.7863636,1.3775227,-32.031548,0.300000012,8,0,0,1
21,./voice\tgtgtg\condition3\c00.wav,0 days,0 days 00:00:12,35.979343,0.342595,23.323921,34.272274,46.814804,23.490883,354.1258,195.32932,214.7695,322.8972,0.4031904,1.2398196,0.0529767,0.12870817,0.84962285,0.7966461,9.436245,7.061626,7.013482,7.3157163,0.22526376,1.8425853,8.615554,1.646108,3.8260007,3.4639263,-0.45359862,-33.577595,-6.652103,-1.6867021,0.09253693,1.0222094,2.14533,0.51689446,-1.8248562,-2.1617682,-3.2883863,-3.431756,5.8382716,2.6513672,682.5497,0.47904167,1057.9126,0.3679783,-156.40189,-0.52586615,1746.3593,0.21723399,892.5379,0.48619646,-146.34361,-0.5906318,2750.45,0.12733793,881.925,0.51302975,-146.10669,-0.58749133,-1.833346,-7.1243834,10.852648,1.2100248,0.06839697,0.4774757,-0.009269545,-3.129531,0.6203968,0.9200421,7.0748343,2.5950215,-2.1497247,-8.877346,1.7300769,13.9190235,-11.434793,-1.4131941,-6.639293,15.677133,0.029268313,-0.008198034,0.072268,1.5012511,1.6764461,0.155,0.13287212,0.4672222,0.891184,-33.006115,0.899999976,10,1,1,0
21,./voice\tgtgtg\condition4\c11.wav,0 days,0 days 00:00:11,28.83122,0.3078564,21.346918,28.510586,35.944824,14.597906,149.01492,59.94328,178.0497,141.18254,0.42148986,1.2480725,0.09755719,0.13366568,0.71367866,0.6161215,12.499112,5.168484,9.550957,6.17114,0.30873218,1.9925244,20.446436,0.4854091,1.6040611,5.648243,-5.248049,-2.196481,-13.24967,-0.8683122,0.12121934,1.0276026,2.2520444,0.5416821,-1.9778371,-1.7311131,-2.129351,-7.5320497,17.995312,0.97039366,601.26697,0.41684255,1259.7009,0.19767942,-143.03006,-0.6206738,1584.6462,0.20560391,977.2371,0.2810809,-137.24178,-0.64839065,2702.4783,0.11389669,875.89136,0.64273214,-140.66957,-0.5974634,-9.772007,-0.77067333,24.513006,0.3854902,0.07540919,0.55754614,-0.015776845,-1.3176277,0.8186341,1.0452937,23.350424,0.55853105,-0.3149565,-40.730206,-9.024505,-1.9188977,-17.483482,-0.9595267,-8.914786,18.516575,0.043045685,-0.012282469,0.06872254,1.8198363,1.5553523,0.19117647,0.16949344,0.3575,0.4527458,-30.3517,0.300000012,10,1,1,1
21,./voice\tgtgtg\condition1\c08.wav,0 days,0 days 00:00:11,31.533474,0.38110366,22.066368,28.989275,36.631134,14.564766,371.0342,333.27716,337.9609,527.87,0.4239882,1.255906,0.089984335,0.11729234,0.6827446,0.59276026,14.082841,9.960559,11.604328,7.602394,0.34382018,2.021628,18.432568,0.56899595,2.9918654,2.6163146,0.112341635,105.61866,-12.515653,-0.93650544,0.10079617,0.92362785,2.1885822,0.5202783,-1.2317369,-3.6957178,-4.566907,-4.1901517,9.108457,2.548468,661.96313,0.44615728,1143.3292,0.23546956,-151.76064,-0.5451425,1716.4904,0.21764043,888.37463,0.31156895,-144.9225,-0.5714888,2766.1624,0.13110825,855.5519,0.45728722,-145.74194,-0.5586324,-8.179209,-1.4958963,18.31371,0.8155955,0.06871809,0.5509932,-0.018504018,-0.8306768,0.8620637,1.1207919,18.528688,0.85575634,2.103317,5.6851106,3.3742628,5.22191,-16.530586,-0.9907116,-9.462297,17.886276,0.043655492,-0.015369999,0.1357502,2.0018198,2.4725275,0.10851851,0.09292385,0.29479998,0.7409568,-30.017828,-0.200000003,10,1,0,0
21,./voice\tgtgtg\condition3\c18.wav,0 days,0 days 00:00:11,30.48508,0.3620529,19.807161,29.178867,35.7678,15.960638,328.97238,498.6278,293.78503,160.48958,0.2927731,1.3136095,0.076028325,0.11786651,0.4215638,0.3455355,10.375599,9.958754,7.3283863,6.2212944,0.17621288,2.1532788,18.620808,0.3930364,2.6014843,3.326807,-0.45204884,-19.115646,-10.833128,-1.054965,0.14254968,1.2530437,2.6317961,0.5201555,-1.7917131,-2.1231215,-6.3597913,-4.381666,5.5595164,5.267963,597.21185,0.40865773,1189.457,0.18899052,-168.04843,-0.42715895,1664.073,0.21376827,860.2438,0.36368605,-162.96132,-0.44938317,2752.7134,0.11465978,761.1721,0.4313554,-163.17809,-0.44385672,-10.232096,-0.9750582,19.109169,0.60373926,0.07979165,0.5281264,-0.021107582,-0.6800026,0.5934932,1.0411569,19.799603,0.5939641,1.642087,6.8907394,1.535175,8.248466,-18.660763,-0.91253215,-9.184649,17.781754,0.03836028,-0.014418506,0.07590315,0.9099181,1.5596331,0.11235294,0.10434836,0.40714285,0.6632183,-35.48874,0.100000001,10,1,1,0
21,./voice\tgtgtg\condition1\c15_00.wav,0 days,0 days 00:00:12,32.848934,0.35125878,22.40789,31.747402,42.352203,19.944313,294.29153,235.94785,154.25525,192.35216,0.41268918,1.4200442,0.08862884,0.10957519,0.65647256,0.56784374,14.451484,13.301516,13.949151,17.114952,0.2760129,2.177686,18.316122,0.62215716,0.9426245,10.634037,-1.3005881,-7.185239,-12.335186,-0.96301174,0.10499366,1.2214541,2.1839802,0.47734228,-1.8947941,-1.91526,-2.610672,-6.553783,8.193325,2.2881632,637.25555,0.4340216,1085.4645,0.29343644,-154.24266,-0.53227025,1676.6631,0.21861458,881.05804,0.4091242,-145.11021,-0.58829576,2750.8706,0.1133939,727.55896,0.3359598,-146.65,-0.5650916,-5.283296,-2.1827028,17.528017,0.74234176,0.078245044,0.4880042,-0.016035972,-1.2368891,0.81879115,1.074696,16.729961,1.0542712,-5.377355,-2.3737385,-1.1589506,-12.686434,-18.354115,-0.9658399,-9.887791,19.109337,0.03784242,-0.013573826,0.06257158,1.000834,1.8440906,0.14045455,0.16969159,0.37727273,0.65151,-30.339441,0.200000003,10,1,0,0
21,./voice\tgtgtg\condition2\c03.wav,0 days,0 days 00:00:11,33.6692,0.26112515,26.659914,31.956438,41.03824,14.3783245,443.01904,691.5567,407.50735,609.3269,0.24008094,1.768568,0.066682935,0.07340107,0.16835943,0.101676494,12.969742,7.605619,9.650506,7.3883343,0.16890405,2.8150928,21.096355,0.43756908,5.2188387,1.5224242,-5.319212,-1.9748499,-7.5901227,-1.0896584,0.11402343,1.5455272,1.751184,0.62764436,1.2948594,4.2989545,-2.4102707,-6.2255316,22.320307,0.80772424,669.83844,0.28747264,1277.678,0.20777088,-173.97816,-0.38437983,1643.4667,0.18376422,1010.6414,0.2944049,-169.32664,-0.41287893,2827.939,0.10509652,856.01276,0.3027055,-171.37224,-0.3803886,-9.769542,-1.3070319,28.649132,0.52861935,0.068798706,0.4490417,-0.017149813,-1.0250224,0.7316584,0.7857713,28.981062,0.69389653,2.7854028,5.780483,-13.236223,-1.60684,-9.627231,-1.7761271,-11.048163,20.890755,0.0316403,-0.014020969,0.05731567,0.9099181,0.4570384,0.35799998,0.20643643,1.806,1.6671842,-31.965225,0.300000012,10,0,0,1
21,./voice\tgtgtg\condition1\c20.wav,0 days,0 days 00:00:12,31.720547,0.35263985,22.656145,32.116528,37.100254,14.444109,390.80533,658.26874,226.96819,214.25343,0.5235108,1.0206534,0.09118313,0.27139637,0.95877,0.86758685,12.7477665,7.1294513,9.946694,6.957394,0.42359102,1.5729934,16.405336,0.8562571,4.7808747,2.9139826,1.2935958,12.751348,-10.461226,-1.0930378,0.12273309,1.1448255,2.167142,0.5455062,-0.98262155,-4.46482,0.7636073,27.360743,13.883514,1.4645537,564.0697,0.4290661,1125.7535,0.30898118,-126.151115,-0.7448704,1605.4966,0.19676945,955.6607,0.46804485,-118.5046,-0.77270406,2692.6143,0.11535618,812.5402,0.42918333,-119.11452,-0.7552843,-8.864733,-1.4104668,20.38096,0.66341084,0.07280516,0.47784853,-0.018316608,-1.1219597,0.80242765,0.9515851,17.399694,0.9683218,5.9102597,3.1427367,3.630799,6.1189694,-13.244356,-1.1286901,-7.4114676,16.409182,0.04000748,-0.011633302,0.11302485,2.5020852,2.17938,0.18961538,0.19947007,0.29090908,0.49846044,-28.301497,-0.100000001,10,1,0,0
21,./voice\tgtgtg\condition1\c04.wav,0 days,0 days 00:00:11,33.814648,0.3953139,22.218204,31.096153,44.530476,22.312271,475.2264,730.04114,230.6277,170.57027,0.40544215,1.1612837,0.09977479,0.1684835,0.6513692,0.55159444,9.69227,6.6962285,7.002487,5.064764,0.25115734,1.7854722,16.256243,0.704774,1.5755646,5.7217245,-2.6067529,-5.137158,-10.584517,-1.0444301,0.09440662,1.2522343,2.0978487,0.58610183,-0.667835,-8.156721,-3.0926387,-4.59764,10.960974,1.3062049,663.8377,0.40989602,1148.4331,0.2386469,-150.98561,-0.548601,1694.5994,0.19998412,922.73486,0.36539352,-142.95433,-0.58599097,2745.6147,0.12306951,832.6692,0.48911458,-143.99713,-0.56272644,-8.679072,-1.1404102,20.115131,0.55826145,0.06825634,0.4502307,-0.01677741,-1.0163422,0.6050505,1.0514932,18.508848,0.7579065,-0.63825905,-16.80785,-4.5764956,-4.284208,-14.041854,-1.1129458,-7.07791,15.765501,0.04391534,-0.010534046,0.09663395,1.7288444,2.6508229,0.106206894,0.10280258,0.2503448,0.34995055,-32.51019,-0.200000003,10,1,0,0
21,./voice\tgtgtg\condition2\c05.wav,0 days,0 days 00:00:11,30.131027,0.3629265,21.781294,26.151537,39.511234,17.72994,428.4464,560.90265,207.943,133.79482,0.43396494,1.1059842,0.11210565,0.19541037,0.75033104,0.6382254,13.011392,8.304531,11.327409,8.248504,0.35650936,1.9902297,13.2362995,1.0506014,3.758828,3.2355258,-6.257272,-2.1215224,-8.941064,-1.4017892,0.085021615,1.1037314,2.198076,0.5265654,-2.2286122,-1.4761564,-3.056802,-4.6753755,14.905837,0.93878734,614.61285,0.41927165,1240.2511,0.25773636,-141.87714,-0.64180624,1627.5259,0.19582757,989.353,0.28934708,-135.55426,-0.66023684,2671.1184,0.11341374,862.2412,0.43665436,-137.35672,-0.62940085,-9.623563,-1.0411876,20.804358,0.57461196,0.08017558,0.42336482,-0.018732257,-1.1603385,0.91254586,1.078192,22.0649,0.6566823,-1.5984986,-9.601922,-8.607741,-2.105006,-15.84984,-0.9491013,-5.172879,13.058393,0.038080398,-0.008417727,0.08772585,2.0928116,2.559415,0.117857136,0.118362546,0.3047826,0.4210842,-29.580425,0.200000003,10,0,0,1
21,./voice\tgtgtg\condition2\c00_04.wav,0 days,0 days 00:00:12,30.082066,0.34931046,22.57985,26.647575,36.791027,14.211178,356.81494,460.6353,118.737434,62.967327,0.41251546,1.2324623,0.04931818,0.17957759,0.7815944,0.7322762,11.800109,11.179898,8.976109,4.8626084,0.3552704,1.8565583,17.160294,0.8263345,5.9403877,1.6790783,-1.6923537,-5.892974,-9.845309,-1.2568593,0.0799842,0.9854998,2.3572223,0.59737617,-1.6299242,-2.6694322,-0.25996792,-83.324196,18.18903,1.2164305,667.26025,0.36116546,1211.4034,0.28570592,-139.10596,-0.6549193,1757.2583,0.20191796,973.0449,0.36969554,-134.01256,-0.6632141,2775.9744,0.10874902,885.3331,0.4217964,-135.20782,-0.6427113,-14.387624,-0.9304837,23.714882,0.53584445,0.08468644,0.41341317,-0.030742016,-0.7902267,0.9131451,0.919534,24.196323,0.82674146,4.163123,3.1406171,-0.1552325,-89.358505,-17.90979,-0.80101246,-9.633825,19.850428,0.02655957,-0.01057928,0.04772766,1.8348625,1.927913,0.17217392,0.20805424,0.35666668,0.99536705,-27.43739,0.300000012,10,0,0,1
21,./voice\tgtgtg\condition2\c00_00.wav,0 days,0 days 00:00:12,30.702885,0.2857385,22.399527,30.872484,37.20008,14.800554,178.12328,217.59831,122.468925,57.118423,0.20568329,1.2816879,0.04961195,0.06656479,0.34231073,0.29269877,5.7782254,3.6713116,4.9142766,3.7395036,0.126264,2.241393,15.808215,0.5232937,7.241466,1.3574659,-4.2139564,-2.5212245,-8.041734,-1.4352797,0.099131696,1.0912724,2.2565136,0.49470934,-0.7283151,-6.188955,-2.9411736,-4.2484546,14.733161,1.0600762,524.43787,0.40345412,1249.5691,0.1726963,-161.8746,-0.49333948,1528.9243,0.19821195,970.1302,0.33088753,-155.42023,-0.5203281,2644.2478,0.10331335,837.1265,0.44093782,-157.46375,-0.4908353,-12.324725,-0.753346,25.774313,0.40615624,0.08764415,0.4835893,-0.021045407,-0.8479542,0.45636153,0.9169367,23.705004,0.40468022,4.334198,3.4833217,-8.734619,-2.0799391,-17.71661,-0.9558166,-9.876222,19.909182,0.023007767,-0.010887431,0.026990453,1.1676397,1.1725293,0.18857142,0.18768732,0.60066664,0.95424986,-36.223736,-0.100000001,6,0,0,1
21,./voice\tgtgtg\condition4\c08_01.wav,0 days,0 days 00:00:11,31.286474,0.3710855,21.372185,28.573038,39.696426,18.324242,283.33224,234.55496,295.72394,172.1053,0.39368856,1.5239079,0.08784543,0.1044603,0.6055742,0.51772875,19.75752,9.693974,13.204661,7.0590796,0.31981,2.236508,20.068762,0.39854535,2.744978,3.6394358,-4.8447886,-1.9258912,-7.0187593,-1.2771854,0.12771702,1.0339144,2.341244,0.6073736,-1.6313733,-2.4903848,0.038560234,601.18396,12.478423,1.6977773,621.20966,0.45582804,1191.4054,0.2017181,-156.81236,-0.51755553,1598.0133,0.20374085,986.67175,0.23148176,-152.77492,-0.5358079,2644.4194,0.12447632,907.7346,0.41291434,-153.82872,-0.5128914,-7.3898735,-1.3474032,21.80106,0.456596,0.07554013,0.5166204,-0.017683085,-1.0697377,1.1302677,0.91457105,19.996214,0.64436936,-1.4975492,-10.864663,-9.00926,-1.7419126,-2.5931213,-5.579779,-10.460906,20.189753,0.038082782,-0.014459142,0.053804673,1.1828935,1.2808784,0.185,0.23055057,0.53533334,1.0471349,-28.87537,-0.100000001,10,1,1,1
21,./voice\tgtgtg\condition4\c00_00.wav,0 days,0 days 00:00:12,33.06441,0.35004768,23.155966,33.657516,40.269665,17.113699,243.38698,191.32643,489.69815,755.70135,0.24042308,1.2892293,0.057545595,0.09557923,0.37516147,0.31761587,7.8067656,6.30275,8.143838,8.500188,0.10210573,2.1445882,10.410087,1.086152,4.113555,2.7475135,-6.3745184,-1.7727145,-6.4816194,-1.5237466,0.14620659,1.1342198,2.1230266,0.631341,-4.521296,-0.96971244,-5.7042756,-5.672355,3.5063145,10.6848755,654.04834,0.4586802,1171.824,0.20522074,-176.43579,-0.35379022,1663.3091,0.19908282,975.2153,0.26635572,-170.01057,-0.39919785,2722.4263,0.12860018,847.8938,0.5085325,-169.68362,-0.39417937,-4.7264833,-2.4001675,15.133022,0.8930864,0.078275084,0.418167,-0.007765232,-1.9724371,0.39695033,0.93319094,10.627659,1.3849739,-2.7335072,-6.8482537,-10.714128,-1.7687435,-14.090812,-0.8443412,-6.676679,16.07831,0.029726386,-0.006848085,0.044959042,1.3344454,2.0955575,0.0684,0.060244836,0.4217391,0.66018873,-40.15089,-0.100000001,6,1,1,1
21,./voice\tgtgtg\condition1\c19.wav,0 days,0 days 00:00:11,40.703083,0.27947935,31.311708,40.251816,52.10707,20.795362,499.67175,542.73944,192.98842,188.31862,0.39200774,1.7669513,0.07330611,0.084412076,0.36580968,0.29250357,13.166492,6.3328896,14.178471,6.602003,0.29674035,2.4250793,18.72775,0.44650537,-0.39809948,-39.62654,-4.6094937,-2.2792897,-8.978941,-0.9090288,0.11097904,1.0858167,1.8303608,0.43760514,-2.4707768,-1.4877188,-9.119647,-2.0316033,-2.1723611,-8.42721,834.097,0.4130652,1086.8693,0.26341474,-170.6399,-0.42376888,1864.5647,0.18728648,851.73016,0.35992143,-162.78175,-0.4738695,2828.618,0.123617105,941.1488,0.39452025,-162.41158,-0.47485453,0.13735697,73.560585,9.887827,1.1600348,0.07228588,0.30927375,-0.006429555,-3.9796185,1.3372309,0.8318885,11.015655,1.3909992,-24.4087,-0.7700919,-7.861492,-2.5190504,-15.138905,-0.8826003,-10.998075,20.45267,0.031803574,-0.016294656,0.052842375,1.0009099,1.0054845,0.1809091,0.16256212,0.86800003,1.9616514,-30.283957,-0.300000012,10,1,0,0
21,./voice\tgtgtg\condition3\c06.wav,0 days,0 days 00:00:12,31.35739,0.31667563,22.39312,30.114603,39.040672,16.647552,455.6674,537.80505,279.47842,341.47552,0.41223326,1.3803729,0.07904344,0.12593605,0.65046895,0.5714255,10.324458,6.5966287,10.624576,8.109132,0.2828928,2.0366616,16.989841,0.62783325,2.8214285,4.43221,-1.4840658,-7.8621635,-11.332315,-1.0641782,0.14375758,0.8718761,2.2075427,0.5103586,-1.393534,-2.7441065,-4.331541,-3.9312162,9.94954,1.777527,596.1416,0.48561308,1182.2585,0.19065021,-156.96051,-0.5277602,1625.9379,0.21868062,876.5209,0.30675662,-150.64479,-0.5548239,2700.7593,0.13022469,829.6145,0.41993508,-151.60834,-0.5384256,-8.908049,-1.1057552,18.835032,0.6934329,0.08507328,0.47805804,-0.02053407,-0.7520298,0.85401636,0.97060746,21.617092,0.5541521,-4.796435,-3.5772686,0.12009444,157.69495,-15.19348,-1.192701,-8.150448,16.188118,0.039842226,-0.01268231,0.08658973,1.5012511,1.5088015,0.15944444,0.13993935,0.5793333,0.9727038,-30.032507,-0.699999988,10,1,1,0
21,./voice\tgtgtg\condition1\c10_00.wav,0 days,0 days 00:00:11,30.762667,0.32553458,23.0657,28.249275,38.313343,15.2476425,237.01698,305.9485,202.15984,134.80756,0.43222776,1.2278641,0.10032353,0.16833185,0.73875713,0.6384336,16.960068,9.982786,8.909232,6.699152,0.37219134,1.9606714,17.742668,0.68307483,2.6909733,5.28565,-6.0724764,-2.1174247,-14.43662,-0.87770236,0.13053058,1.0712869,2.150372,0.5522741,-2.3440287,-1.4464531,-2.3924763,-9.761102,11.960585,1.9803051,637.71954,0.39484325,1211.4613,0.24867456,-139.5629,-0.662594,1682.1216,0.21475008,904.59735,0.4230123,-132.68097,-0.6929079,2755.6812,0.116538234,776.9623,0.42691556,-134.3821,-0.66355723,-9.777942,-1.0606909,21.778145,0.5641695,0.07483436,0.41389692,-0.01655574,-1.3374546,0.92067933,1.0571474,21.89637,0.69979835,-1.2727736,-14.705164,-6.711708,-2.8090756,-21.007902,-0.7695011,-7.842756,15.710663,0.0444353,-0.011967354,0.0817989,1.6378527,1.736746,0.19210525,0.15779997,0.40411764,0.67174095,-30.079716,-0.600000024,8,1,0,0
21,./voice\tgtgtg\condition2\c06.wav,0 days,0 days 00:00:13,27.324,0.29418153,20.60336,25.40546,35.145737,14.542377,289.1161,278.20657,217.57655,187.23155,0.34772664,1.3658388,0.0724378,0.083252124,0.5914804,0.51904255,10.416166,5.7657995,7.855142,4.40107,0.3516036,1.9052683,23.519686,0.36173752,5.4293523,1.2812446,-3.5373437,-3.3922036,-12.474421,-0.8343401,0.13071401,1.1046646,2.5508354,0.5665443,-0.9617509,-4.4930453,2.922022,5.5308123,24.457157,0.6041463,606.1417,0.3828842,1281.6312,0.19343261,-143.04045,-0.6402724,1620.8707,0.20377775,1045.1906,0.32975897,-141.85551,-0.6141113,2743.3735,0.11385481,811.52167,0.4362624,-144.29068,-0.5777438,-15.954023,-0.5551439,29.297064,0.3087241,0.0875233,0.39916146,-0.027186923,-0.6697058,1.0477959,0.77065134,30.99797,0.3774988,6.2329006,1.6464322,-1.1986433,-16.460356,-20.683722,-0.633236,-10.955249,20.811007,0.03157093,-0.014224077,0.046091195,1.7705928,1.2383901,0.24,0.27322152,0.6228571,1.3440155,-28.746855,0.300000012,10,0,0,1
21,./voice\tgtgtg\condition3\c17.wav,0 days,0 days 00:00:12,28.931913,0.36245126,18.966742,27.041069,36.212467,17.245726,440.51318,480.97153,346.71265,518.9978,0.3410697,1.3343921,0.08214,0.10677224,0.54979736,0.46765736,15.568176,12.546876,7.206082,6.7329426,0.21103644,2.1920104,14.824706,0.80274296,4.5691586,2.2326245,-0.6773498,-15.242044,-10.685337,-1.0042953,0.13143574,0.71489346,2.5611255,0.53910244,-2.6040945,-1.3648243,-1.5642068,-14.755984,11.423798,1.9434577,644.8537,0.43348205,1174.711,0.18428074,-166.46452,-0.45017815,1741.9948,0.2065315,943.81055,0.3783777,-163.25781,-0.45743755,2721.473,0.11637984,843.7085,0.6477151,-163.58115,-0.45132113,-9.189992,-0.9803856,18.576488,0.5624322,0.07345304,0.5381433,-0.019931277,-0.8135748,0.6529412,0.9648115,17.940504,0.8520786,2.2034104,8.069214,0.41321012,40.46131,-17.438482,-0.9751827,-7.806591,15.459493,0.03755877,-0.011429702,0.091221824,1.5012511,1.427372,0.12588234,0.10386976,0.67142856,1.4384509,-33.072544,0.200000003,8,1,1,0
21,./voice\tgtgtg\condition2\c00_03.wav,0 days,0 days 00:00:12,30.52723,0.25758424,24.609612,27.318045,35.912918,11.303307,360.10226,96.34354,183.08936,47.954357,0.06429674,0.66642994,0.050630953,0.055303346,0.0647829,0.014151949,0.21928985,0.22746563,0.754508,0.70785904,0.013020235,3.0466137,17.10463,0.21630788,9.597836,0.49178538,-1.256377,-3.2715912,-4.8952374,-0.9026204,0.22923918,0.5670522,2.22875,0.46521994,-0.5889537,-6.5522623,2.4936004,4.687373,23.157877,0.2600018,743.3945,0.27433145,1306.0802,0.124146566,-197.52109,-0.12610887,1817.4073,0.11306284,903.8046,0.17850342,-197.54437,-0.12272143,2765.7305,0.08817961,855.6369,0.23419766,-197.6125,-0.12015075,-16.270226,-0.3558371,24.35119,0.28732577,0.09943552,0.28800815,-0.021704445,-0.4602404,0.23104535,0.77969563,30.049694,0.22309145,0.75186235,5.5463333,5.303915,1.423178,-4.796237,-0.9487998,-12.421772,22.729435,0.02017789,-0.013013522,0.00897147,0.16680567,0.16750419,0.099999994,0.049999997,5.8399997,0.78,-54.961964,0.100000001,10,0,0,1
21,./voice\tgtgtg\condition4\c15.wav,0 days,0 days 00:00:13,39.781067,0.2998376,28.842104,39.259018,52.63103,23.788927,195.7925,157.2861,161.53676,68.764984,0.52892387,1.5165066,0.06738105,0.08021376,1.0365496,0.96916854,15.886169,10.080419,12.375727,8.891023,0.33001593,2.0188093,12.958676,0.94564,-1.1384141,-12.431103,-5.156735,-2.2393985,-6.8779135,-1.486896,0.09981581,1.0742043,2.0395408,0.44816422,-2.400438,-1.8263506,-1.9294946,-7.842017,2.9968967,4.551319,786.53906,0.43825722,1020.24524,0.26330844,-154.87485,-0.53932977,1817.1595,0.20941435,878.8651,0.3848957,-143.05946,-0.6206191,2831.8591,0.12092036,835.6998,0.54762846,-143.2914,-0.60812235,2.3106697,4.7664976,11.339028,0.8402636,0.06478013,0.53261477,-0.001064806,-22.172888,0.9779503,0.9396056,5.5865555,2.9764411,-14.839697,-1.1202761,-8.794281,-2.0805833,-6.3652997,-2.6149404,-8.969401,18.640587,0.031471334,-0.011365737,0.066302754,1.7705928,1.7014695,0.16227272,0.12798905,0.40454543,0.9340709,-29.610016,-0.100000001,10,1,1,1
21,./voice\tgtgtg\condition4\c04.wav,0 days,0 days 00:00:11,30.209778,0.3737819,21.229118,28.053843,35.85282,14.623703,380.45352,464.98956,449.62537,769.69006,0.59396076,1.0560405,0.102036774,0.2975358,1.0706658,0.96862906,15.121021,9.138071,12.565189,8.634015,0.51300794,1.4868568,19.061865,0.63194865,4.691203,2.3324428,-2.1527624,-6.4422026,-15.566721,-0.7926071,0.12027594,1.2178528,2.2145967,0.5757194,-1.066275,-3.8309062,0.5459293,37.10121,16.630901,1.0675402,542.7291,0.4790307,1207.4866,0.19138071,-122.19852,-0.7831867,1558.5513,0.21632542,897.332,0.32926348,-115.62678,-0.7972969,2677.7954,0.11043109,706.0139,0.4476664,-117.563225,-0.75271785,-11.154109,-0.91194564,22.964725,0.4675809,0.090291716,0.40397877,-0.020650296,-0.7987884,0.9861068,0.8783306,21.612326,0.6260609,4.7189817,2.9969888,-3.0189152,-5.7580695,-21.282972,-0.7030136,-8.715618,17.715193,0.047190204,-0.013418854,0.13997692,2.7297544,3.027523,0.13393939,0.13105491,0.16499999,0.29820293,-27.018114,0.200000003,10,1,1,1
21,./voice\tgtgtg\condition4\c12.wav,0 days,0 days 00:00:11,35.89951,0.33189195,25.740774,35.950264,45.490723,19.749949,457.3157,728.3004,347.0399,386.23996,0.4959843,1.6933528,0.08839668,0.105973504,0.6659935,0.57759684,15.267691,9.423378,15.675827,12.828864,0.33275172,2.3383365,16.9048,0.6437617,0.2505852,46.48654,-4.378386,-2.6172054,-9.742551,-0.93084913,0.115639664,1.0117543,2.056569,0.51766485,-2.0483742,-1.5745734,-4.6094475,-3.560939,6.924574,2.032072,693.1313,0.4245827,1151.5548,0.27460995,-164.05106,-0.4629982,1667.0573,0.20591395,943.1515,0.35970107,-159.47456,-0.4903813,2755.46,0.1328972,805.8498,0.3234274,-158.33632,-0.48750836,-2.1219432,-4.1465654,16.587456,0.6084311,0.064402565,0.40300396,-0.007613503,-2.6335297,1.1582654,1.0673003,14.143976,1.0262268,-12.584676,-1.2056478,-10.591402,-1.7486393,-8.891972,-1.5331005,-8.756973,17.94125,0.039812293,-0.012973384,0.1026649,0.9099181,1.8281536,0.11,0.104211316,0.41599998,0.71314365,-29.04448,-0.200000003,10,1,1,1
21,./voice\tgtgtg\condition4\c09.wav,0 days,0 days 00:00:12,28.053362,0.37296984,19.536842,24.572075,34.87952,15.342678,253.44667,205.72867,204.13466,255.61429,0.2762204,1.3194239,0.096792355,0.12560719,0.2949366,0.19814424,5.273707,5.0292535,3.9157045,3.6477232,0.18950555,2.5681195,19.861507,0.38421804,2.9734068,2.230331,0.33343175,32.50981,-12.078129,-0.69591945,0.12277362,1.4787577,2.3803127,0.48947993,-2.11532,-1.6643388,-2.717288,-9.942115,10.593414,2.2942097,618.11804,0.4160859,1255.8505,0.20699695,-161.79213,-0.47187442,1664.6481,0.19937018,902.1523,0.35048836,-160.05911,-0.46372318,2687.459,0.11498425,865.8073,0.40679646,-160.39244,-0.4586416,-11.547752,-0.8135598,20.944553,0.5195521,0.08112435,0.53017235,-0.021308236,-0.67911434,0.68847215,1.2313203,23.523607,0.46518847,1.8244643,5.2603827,4.922152,3.427922,-16.46471,-0.63832587,-9.292697,18.243315,0.03813371,-0.014311103,0.05569972,0.75062555,1.7632242,0.10666667,0.14126413,0.39347827,0.4094812,-32.65632,-0.300000012,10,1,1,1
21,./voice\tgtgtg\condition2\c08.wav,0 days,0 days 00:00:12,27.82398,0.36028236,20.506874,25.977657,34.93884,14.431965,213.90912,115.36283,120.13303,79.49254,0.40839612,1.4913123,0.060151286,0.067654505,0.83990335,0.7797521,16.719877,9.262223,11.826402,6.611032,0.40410647,2.0573955,19.421478,0.5349863,7.273474,1.2004927,-2.2694132,-3.8228476,-9.507829,-1.006002,0.11748028,1.0178518,2.2918918,0.4858138,-1.4285679,-2.9148738,-3.3692186,-5.004197,16.549475,1.024586,627.2624,0.3973465,1198.2576,0.20662308,-154.42894,-0.55490094,1688.8418,0.19668037,913.7154,0.33518466,-154.46553,-0.52690274,2740.7659,0.107560545,807.8404,0.37935245,-155.06055,-0.51538,-14.065595,-0.7677268,23.281784,0.48163575,0.096499525,0.33926883,-0.02874276,-0.6819868,1.4342984,0.7373605,24.526888,0.6438659,3.0043166,4.5222874,0.8544077,18.173595,-16.328999,-0.8434843,-11.196134,20.906357,0.027858207,-0.014379364,0.05404151,1.5012511,1.0906041,0.2130769,0.2000917,0.8063636,1.864902,-26.622595,0.100000001,8,0,0,1
21,./voice\tgtgtg\condition4\c13.wav,0 days,0 days 00:00:12,30.494387,0.3488963,21.41505,28.994335,37.219788,15.804737,264.73572,169.14734,340.40167,460.9981,0.36563283,1.4451547,0.08851959,0.106832765,0.5370589,0.44853932,12.717021,11.101995,8.465582,6.7049994,0.25547057,2.1852002,19.113731,0.6001083,4.0028152,2.3884099,-1.503457,-6.4189672,-14.595075,-0.82304925,0.14763758,1.0674905,1.8121736,0.61134,-1.078357,-4.5009046,-4.4608035,-3.1801538,13.263813,1.427139,679.18134,0.42244247,1155.9756,0.27825633,-156.8833,-0.51917684,1750.576,0.21355149,926.77673,0.37089017,-153.248,-0.52468413,2805.9236,0.118935324,842.21814,0.44249126,-153.3037,-0.52125335,-11.307436,-1.1172963,20.375912,0.74351656,0.072100766,0.5870532,-0.027172314,-0.6445222,0.815907,1.0026069,18.54528,0.9382495,3.10173,4.9572105,1.4197086,11.003632,-23.841904,-0.6941886,-9.777489,19.042145,0.03894979,-0.014956359,0.072415374,1.3344454,1.6764461,0.13649999,0.12642288,0.4844444,0.80526197,-29.202555,0.100000001,10,1,1,1
21,./voice\tgtgtg\condition3\c11.wav,0 days,0 days 00:00:12,34.338932,0.3944238,21.512924,34.321995,45.54152,24.028595,444.15552,483.3128,210.54292,138.06764,0.42807102,1.2484617,0.08495408,0.16753799,0.679204,0.5942499,10.924043,8.454435,10.075317,7.682626,0.29185414,2.1301239,11.540787,1.2021261,4.3746777,2.6251733,-1.4620523,-7.794585,-10.962994,-1.1602137,0.13041852,0.96709317,2.456686,0.4988886,-1.8987231,-1.9090945,-0.8647252,-13.029791,10.685765,1.6417524,638.8237,0.3976685,1146.3197,0.28369185,-156.89377,-0.5171736,1683.2634,0.19901802,888.861,0.39231917,-148.74681,-0.551651,2740.4468,0.12080635,853.48425,0.38249782,-147.79561,-0.5555866,-7.9992003,-1.5397742,17.528374,0.7969092,0.06937965,0.47561818,-0.023199657,-0.8779124,0.77374315,1.1713421,15.821607,1.1595279,-0.5563077,-27.617176,-3.325805,-5.2522388,-15.8195305,-1.1042757,-5.9934826,12.9210615,0.03953113,-0.011952309,0.10994618,2.001668,2.0990765,0.1196,0.11283545,0.37681818,0.4896509,-30.59151,-0.699999988,10,1,1,0
21,./voice\tgtgtg\condition4\c00_01.wav,0 days,0 days 00:00:12,34.130325,0.36770123,21.363178,34.263046,43.68627,22.323093,621.4966,1022.9651,278.31924,163.1829,0.19434075,1.613538,0.056542277,0.06886577,0.18738237,0.1308401,7.542074,4.880483,5.8757143,5.422313,0.10075877,2.7846375,16.937254,0.47996157,3.502153,3.405726,-3.7542164,-3.0257025,-5.349531,-1.5785227,0.11172195,0.9821819,2.339667,0.48932597,-1.3316499,-2.9833164,-4.6330857,-4.284735,5.594474,4.2223945,694.3845,0.37880185,1110.7637,0.26107892,-172.63026,-0.39518008,1709.8802,0.18893154,980.4515,0.40495357,-166.07565,-0.4367947,2797.576,0.12357361,912.7824,0.60086787,-166.76228,-0.42157018,-5.369756,-2.346873,19.839684,0.59138155,0.05299604,0.59363055,0.001188287,19.467266,0.40592974,1.3111686,15.73373,0.97958547,-6.9996057,-2.832655,-7.9848275,-2.5040421,-8.487223,-1.7151399,-10.329254,20.6851,0.027560666,-0.010214977,0.03560999,0.83402836,1.7602683,0.089999996,0.082346536,0.50315785,0.91441125,-38.090446,0.400000006,6,1,1,1
21,./voice\tgtgtg\condition3\c04.wav,0 days,0 days 00:00:11,37.5342,0.3305047,26.599289,35.288857,52.10436,25.50507,499.2981,662.3944,441.60147,552.4328,0.5888285,1.094794,0.09888519,0.27639487,1.1109238,1.0120386,18.90363,12.411646,15.59685,12.6920395,0.48891982,1.8191993,8.368871,1.8611358,2.3977797,5.969597,-3.1872532,-3.858978,-11.441524,-1.0942047,0.14012063,1.1791191,2.3828235,0.4839404,-2.452549,-1.679145,-5.5347104,-2.6713815,6.141321,2.9743001,737.61,0.4215856,1041.5768,0.32780066,-142.34055,-0.61538345,1784.8083,0.19444737,916.16724,0.46250787,-131.14081,-0.67792857,2804.854,0.11905232,757.6147,0.43772814,-130.94653,-0.6749524,-4.734106,-2.7420518,13.999119,0.9654471,0.07257892,0.4590299,-0.015234673,-1.7742159,1.052823,1.0949848,8.175375,2.263109,-0.9784984,-20.142418,-4.6305614,-3.7010012,-15.598534,-0.99543726,-4.6739974,12.147124,0.04392705,-0.009899437,0.18089876,3.00273,3.2051282,0.099999994,0.08934683,0.20718749,0.34950173,-28.002127,0.699999988,10,1,1,0
21,./voice\tgtgtg\condition4\c17.wav,0 days,0 days 00:00:11,32.560925,0.3460592,22.488401,33.606827,41.430767,18.942366,454.02682,647.41406,282.15073,208.75357,0.405743,1.1777388,0.08808303,0.1630548,0.70253754,0.6144545,8.882471,4.7494326,8.637292,6.357881,0.2596867,1.745041,15.992869,0.7208318,2.079136,5.428754,-3.801446,-3.584334,-9.460178,-1.04394,0.11147307,1.0407848,2.1966558,0.42567375,-1.8219005,-2.1035023,-6.9381304,-4.352988,5.4615693,5.495433,563.73395,0.4707655,1169.0948,0.21730846,-144.58794,-0.60806954,1568.3636,0.21949169,915.3778,0.34413555,-134.34352,-0.6645464,2660.555,0.12024751,761.3616,0.4082676,-136.4974,-0.6305861,-5.4980764,-2.0972404,18.234573,0.6711796,0.06856924,0.43307218,-0.002530647,-7.716002,0.61932826,0.93680125,15.786843,0.9697165,-0.9381646,-17.146235,-6.497502,-3.0543635,-11.639228,-1.1018368,-7.8321743,17.213064,0.04033773,-0.009820107,0.079896145,2.1838036,2.486188,0.12555555,0.12673487,0.274,0.43995452,-32.64939,-0.600000024,0,1,1,1
21,./voice\tgtgtg\condition2\c00_06.wav,0 days,0 days 00:00:12,27.802368,0.28300068,22.335602,26.084482,33.628014,11.292412,206.93062,166.2996,199.77461,175.75423,0.23516251,1.6102324,0.055400714,0.06113097,0.33119524,0.2757945,10.179002,6.3033624,7.844769,4.720175,0.20672299,2.5639246,18.47437,0.4666235,7.3880143,0.9966075,-4.0303593,-2.316135,-8.866779,-1.0771968,0.13736989,1.2250292,2.4748383,0.54559493,-1.9202455,-1.9835722,-2.3756924,-6.9781,18.640146,0.9916761,598.30493,0.38760322,1340.3002,0.14223969,-167.51956,-0.45335862,1648.3022,0.20063135,1136.6116,0.4074254,-165.14146,-0.45024484,2663.0159,0.118239425,974.55597,0.4555186,-166.03432,-0.4362105,-15.4819975,-0.57402086,25.94264,0.35003334,0.09609637,0.34564316,-0.031446733,-0.6379519,1.0300463,0.793884,28.018621,0.37897587,2.8779337,4.2318287,-5.6491685,-3.485153,-20.658768,-0.71309656,-10.68212,21.035753,0.024667507,-0.012373472,0.020670954,1.000834,0.6711409,0.26624998,0.23189099,1.20125,2.3414867,-31.693338,0.899999976,10,0,0,1
21,./voice\tgtgtg\condition1\c23.wav,0 days,0 days 00:00:13,33.200836,0.31051135,25.134575,31.788893,39.0528,13.918224,335.50833,635.941,206.26152,125.208206,0.44383308,1.2731535,0.06972057,0.14915048,0.8268467,0.75712615,12.223504,9.895778,9.420652,8.026583,0.3354285,1.8174767,18.252092,0.7913652,6.150271,2.0148048,-3.5364718,-3.2158275,-10.4155245,-1.3369313,0.085945256,1.299659,2.2221382,0.62621963,1.0205662,5.497811,1.5602839,11.02246,19.050999,0.98204803,628.7553,0.41120553,1213.7178,0.24385794,-142.59644,-0.6171845,1649.6366,0.21023239,1066.155,0.39972478,-137.45267,-0.6222561,2747.124,0.12744169,861.03394,0.49418876,-139.04538,-0.59688705,-12.11014,-1.0395485,24.38675,0.5885246,0.07393491,0.5037574,-0.027224319,-0.6368901,0.82986885,0.9492941,24.18377,0.73228955,5.5136824,3.2173615,-4.299674,-3.9939218,-17.846073,-1.0891472,-8.704,17.999485,0.03488347,-0.012200184,0.07735919,2.078522,1.7014695,0.1909091,0.20522512,0.3573913,0.8595863,-26.445885,0.300000012,10,1,0,0
21,./voice\tgtgtg\condition3\c02.wav,0 days,0 days 00:00:12,27.416573,0.3458107,20.78024,24.985218,35.088997,14.308758,214.45818,104.80544,266.82883,233.35193,0.4911257,1.2493118,0.07378468,0.10348935,1.010963,0.93717825,15.556388,7.7601533,12.488691,6.2110877,0.4939465,1.7402542,19.211622,0.5425086,7.107967,1.3719051,-0.810719,-15.045596,-12.669193,-0.98279613,0.14750597,1.1762812,2.5648727,0.5131663,-1.9522238,-2.1277456,-2.4624228,-8.317875,14.510999,1.6012456,539.2637,0.4528558,1209.36,0.2039561,-132.74812,-0.71531165,1621.3828,0.2140058,894.4873,0.3582915,-131.41711,-0.68128824,2670.1636,0.13534206,837.1209,0.56514,-131.99008,-0.66830856,-13.241428,-0.7549464,22.589523,0.50479084,0.096878745,0.39645013,-0.024851386,-0.7103231,1.163507,0.8703398,21.20939,0.62282085,6.9068494,2.048249,1.5259018,11.543933,-19.462194,-0.8495776,-10.815021,19.934748,0.032890525,-0.014633501,0.11615477,2.2518766,2.2632022,0.15148148,0.1167366,0.32863635,0.824529,-26.640213,-0.400000006,10,1,1,0
21,./voice\tgtgtg\condition4\c14_00.wav,0 days,0 days 00:00:11,30.935112,0.2381451,25.638275,32.07524,35.756832,10.118557,138.2402,58.453526,521.7111,757.882,0.44168517,1.401476,0.08882472,0.13309471,0.80737895,0.71855426,11.339416,7.7168694,8.894098,5.9347777,0.3200538,2.040253,17.053185,0.60376686,2.8944185,3.3053386,-5.212516,-2.5724955,-12.26069,-1.0811986,0.1391212,1.1383228,2.136887,0.5691921,-1.8172498,-1.7183064,-1.8594499,-4.5686803,14.982881,0.8767411,620.12146,0.42361543,1197.8241,0.18595101,-155.80244,-0.53358805,1574.785,0.21831635,971.784,0.30042276,-152.31078,-0.5490612,2749.6587,0.12088129,721.986,0.55227315,-154.58601,-0.51444954,-7.7630577,-1.2119699,21.970398,0.4155345,0.08025377,0.3998851,-0.01641327,-1.1660202,1.0739805,0.8458551,20.727571,0.61602885,-3.9623747,-3.326783,-13.913512,-1.4852139,-25.395647,-0.7249917,-8.4887085,17.107431,0.038016994,-0.011962708,0.07299072,1.1828935,1.2808784,0.17642856,0.1643866,0.57857144,0.6781999,-29.430307,0.300000012,8,1,1,1
21,./voice\tgtgtg\condition3\c13.wav,0 days,0 days 00:00:11,33.545628,0.3716538,23.219223,30.52181,41.774723,18.5555,466.3399,532.921,262.90558,366.98193,0.4997557,1.15057,0.085713275,0.19298093,0.9942026,0.90848935,12.849492,6.719525,9.988433,5.655012,0.38604823,1.6382966,16.996098,0.9057045,-0.47998643,-23.058136,0.19652322,71.55626,-9.542713,-1.2901971,0.10831788,1.2054154,2.3146875,0.5359075,-2.0229332,-2.0260777,-5.2660947,-3.3015487,8.154333,2.623486,625.12634,0.44099587,1190.5896,0.26798072,-135.9492,-0.6808644,1631.9579,0.2165874,962.7001,0.32104042,-127.74606,-0.733965,2702.9858,0.126392,837.1828,0.37573448,-128.46942,-0.7044876,-5.185373,-2.4786932,18.01788,0.7389932,0.06984114,0.47180238,-0.015567017,-1.6261556,0.84539944,0.9075567,20.013834,1.045488,-7.317283,-1.853795,-3.2545817,-5.9884553,-13.85479,-1.176469,-7.781675,15.635346,0.038510323,-0.013262699,0.11855329,2.2747953,2.1023767,0.16652174,0.13534525,0.32999998,0.74729514,-30.187551,0.300000012,10,1,1,0
21,./voice\tgtgtg\condition3\c09_01.wav,0 days,0 days 00:00:11,34.411186,0.3713452,23.192957,30.88671,47.661057,24.4681,220.2672,99.94951,163.51668,167.719,0.32254118,1.4759064,0.0775252,0.094272755,0.4868403,0.4093151,11.103729,6.492092,9.091641,4.8809004,0.25324288,2.3746703,17.239944,0.6066393,5.8061895,1.6915128,-2.0157034,-5.581169,-8.246968,-1.3681437,0.09587858,1.287858,2.0556607,0.56956095,0.65007234,7.002392,2.0281005,6.453198,12.58425,2.104621,661.2033,0.40814152,1159.5581,0.2827894,-169.82935,-0.41370314,1737.3284,0.18651605,883.72864,0.4228073,-163.75105,-0.44631386,2775.9866,0.11744716,818.2056,0.4574276,-162.66101,-0.45446643,-9.952739,-1.6366276,18.476187,0.90912986,0.07060701,0.5002252,-0.019553509,-1.1431049,1.0788724,0.870209,17.473265,1.0694997,6.2494054,2.6419747,4.710216,4.0035152,-9.124939,-2.0960248,-9.529954,18.556023,0.03420824,-0.012878238,0.04680674,1.1828935,1.0054845,0.18636364,0.13539657,0.66076916,0.8150551,-29.1284,0.899999976,10,1,1,0
21,./voice\tgtgtg\condition4\c03.wav,0 days,0 days 00:00:11,34.434555,0.30901805,26.209614,34.40565,38.36857,12.158955,295.8304,231.9527,343.4617,452.90155,0.55641776,1.1043981,0.097051896,0.2237431,1.0680724,0.9710205,17.170029,13.079434,12.634398,9.186902,0.43149713,1.5958829,16.774025,0.657734,1.9186058,6.7539954,-2.5109713,-5.774182,-14.105149,-0.7700018,0.10006093,1.2682133,2.2599928,0.53399175,-0.71794415,-5.9558897,-2.323834,-6.7818627,10.596102,1.5057812,585.2364,0.46149674,1168.5632,0.23759216,-142.0844,-0.61869514,1608.6117,0.22652254,877.9719,0.38138843,-127.19193,-0.7069472,2706.5486,0.118173964,763.26056,0.5203345,-128.06262,-0.6803347,-7.309873,-1.3719012,18.776836,0.60861635,0.07784224,0.4345088,-0.017698081,-1.0955257,0.9332081,0.87224936,18.255693,0.7220217,-1.3168067,-13.68381,-2.6438324,-7.6075907,-18.838074,-0.75500506,-8.381622,16.805769,0.045562334,-0.013465182,0.11705599,2.365787,2.559415,0.14214286,0.14893328,0.26333332,0.4699793,-28.708689,0.300000012,10,1,1,1
21,./voice\tgtgtg\condition1\c11.wav,0 days,0 days 00:00:12,32.79599,0.31535316,24.328365,30.783693,40.534775,16.20641,307.2563,260.51703,279.23923,452.63663,0.530137,1.3117832,0.08351601,0.12778711,0.9899994,0.9064834,14.455252,8.623646,12.934982,9.102926,0.42376477,1.7302063,19.856176,0.5180499,0.6483599,17.961298,-3.1394966,-4.6447616,-10.561936,-1.1090539,0.12226538,1.0996656,1.9912553,0.47211906,-0.9529058,-4.217787,-0.12970352,-136.2927,11.440769,1.3513219,642.4123,0.43674532,1216.9446,0.22221825,-138.25198,-0.6676883,1643.5217,0.19828174,933.2188,0.33736506,-128.88194,-0.72160816,2708.1199,0.11915573,778.55286,0.45769662,-130.59268,-0.69005597,-7.538018,-1.3481033,19.650982,0.47468576,0.076008484,0.3974288,-0.014543181,-1.5311663,1.0039458,0.9194496,20.11751,0.6880404,-6.387793,-2.3898177,-1.9000993,-11.187859,-11.796402,-1.4835716,-9.943538,20.346169,0.037874117,-0.014608754,0.09673475,1.8348625,1.761745,0.19714284,0.21536551,0.5192857,1.3936564,-28.541529,0.300000012,8,1,0,0
21,./voice\tgtgtg\condition3\c12.wav,0 days,0 days 00:00:12,34.90406,0.35359207,24.669184,32.48509,47.143593,22.47441,470.77173,395.72308,261.45413,274.03613,0.83915615,1.0521122,0.1050906,0.4717737,1.5365425,1.4314519,18.377422,9.134077,14.169588,10.102229,0.67760783,1.3564044,14.253024,1.182399,1.2313012,9.763442,-1.9281864,-8.586268,-12.307345,-1.1331193,0.09811978,1.3906733,2.020181,0.54788613,-0.5050145,-8.972186,-2.7477293,-4.657134,9.130939,1.6762922,617.04663,0.42759374,1129.0167,0.28838462,-116.25746,-0.8266678,1660.8857,0.21960504,930.9672,0.37948623,-105.25086,-0.88737065,2716.4937,0.122539274,820.65924,0.53741574,-104.89952,-0.87220675,-6.380433,-2.0241876,16.208204,0.8337533,0.07083957,0.46810445,-0.018295683,-1.271965,1.1759856,0.8643217,15.4322405,1.2962027,-0.9219573,-15.69329,-1.6225585,-12.673809,-15.082787,-1.1628735,-6.5878587,14.890788,0.03869922,-0.012435269,0.18548787,2.7522936,2.8475714,0.16558823,0.154238,0.19821428,0.299679,-25.013376,-0.600000024,10,1,1,0
21,./voice\tgtgtg\condition4\c18.wav,0 days,0 days 00:00:13,32.407497,0.32921937,23.600687,30.358456,39.653973,16.053286,411.24313,425.98285,431.10062,651.7626,0.3122858,1.2938085,0.08784655,0.11564266,0.47216192,0.38431537,12.445935,8.538425,8.9387865,6.926008,0.21342425,2.6750646,17.168152,0.5611593,3.0037205,3.6070762,-5.5325074,-1.6122801,-13.827184,-0.7887061,0.13465695,0.9088084,2.2952168,0.47522834,-3.039106,-1.1369406,-4.025758,-4.927069,10.694825,1.958273,633.0246,0.42315897,1220.8984,0.20776325,-163.17764,-0.46301213,1624.2869,0.20122817,959.8709,0.29214945,-156.31465,-0.4975299,2753.9941,0.118811324,754.6644,0.49896258,-157.99295,-0.47193143,-6.4573064,-1.4230273,18.86731,0.5914858,0.07494309,0.36076048,-0.013902772,-1.4077206,0.7395507,1.3418685,17.211855,0.72247875,-3.7770023,-4.7627544,-12.025317,-1.0688671,-22.435616,-0.642625,-9.058004,18.001842,0.04230987,-0.012010217,0.06229575,1.308699,2.4729521,0.0796875,0.07844123,0.32166666,0.54728466,-31.061253,-0.100000001,10,1,1,1